skill,id,name,x,y,group,orbit,orbitIndex,isNotable,isKeystone,isJewelSocket
root,,,,,0,0,0,False,False,False
42761,AscendancyDruid1Start,Oracle,-22597.4,-2727.53,1,0,0,False,False,False
25092,AscendancyDruid1Small7,Critical Damage Bonus on You,-22257.9,-2725.84,2,0,0,False,False,False
41311,,,-22983.6,-6094,3,6,48,False,False,False
2275,,,-22257,-5674.5,3,6,36,False,False,False
63764,,,-22737.5,-6428.75,3,4,52,False,False,False
25881,,,-22172.2,-6032.91,3,4,34,False,False,False
13663,,,-22382,-6730,3,7,22,False,False,False
4986,,,-22874.3,-6288.79,3,5,50,False,False,False
15918,,,-22474.1,-7323.91,3,6,69,False,False,False
46103,,,-21837.5,-7240.09,3,6,6,False,False,False
44889,,,-23096,-6513.5,3,6,54,False,False,False
63633,,,-22676.5,-5786.9,3,6,42,False,False,False
23443,,,-22463.2,-6955.77,3,4,67,False,False,False
33239,,,-22536.9,-6113.75,3,4,43,False,False,False
23732,,,-22679.6,-6757.5,3,4,60,False,False,False
35998,,,-22891.6,-6683.54,3,5,57,False,False,False
21974,,,-22796.3,-7156.21,3,6,64,False,False,False
47526,,,-22183.8,-7349.3,3,6,1,False,False,False
35715,,,-22983.6,-6933,3,6,60,False,False,False
11335,AscendancyDruid1Small1,Passive Point,-22256.7,-2244.46,4,0,0,False,False,False
22541,AscendancyWarrior3Notable1,Heat of the Forge,-22167.2,6439.13,5,0,0,True,False,False
5386,AscendancyWarrior3Small1,Fire Damage,-22167.2,6819.83,6,0,0,False,False,False
15275,AscendancyDruid1Small6,Totem Cast and Attack Speed,-22028.3,-2725.84,7,0,0,False,False,False
21284,AscendancyDruid1Small3,Life and Mana Regeneration Rate,-22028.3,-2474.27,8,0,0,False,False,False
57959,AscendancyWarrior3Notable4,Coal Stoker,-21954.6,6074.6,9,0,0,True,False,False
14960,AscendancyWarrior3Small4,Fire Resistance,-21954.6,6819.83,10,0,0,False,False,False
5571,AscendancyDruid1Notable2,The Unseen Path,-21908.3,-1798.32,11,0,0,True,False,False
34313,AscendancyDruid1Notable7,The Lesser Harm,-21908.3,-3157.38,12,0,0,True,False,False
56505,AscendancyDruid1Small4,Immobilisation Buildup,-21908.3,-2587.38,13,0,0,False,False,False
39659,AscendancyDruid1Small5,Spell Damage,-21908.3,-2359.31,14,0,0,False,False,False
60298,AscendancyWarrior3Notable3,Against the Anvil,-21742.6,6439.13,15,0,0,True,False,False
47236,AscendancyWarrior3Small3,Melee Damage,-21742.6,6819.83,16,0,0,False,False,False
47184,AscendancyWarrior3Notable2,Living Weapon,-21530.6,6439.13,17,0,0,True,False,False
20895,AscendancyWarrior3Small2,Strength,-21530.6,6819.83,18,0,0,False,False,False
64962,AscendancyWarrior3Notable6_11,Dedication to Kitava,-21528.1,7558.75,19,0,0,True,False,False
110,AscendancyWarrior3Notable6_10,Internal Layer,-21471,7718.69,20,0,0,True,False,False
52374,AscendancyDruid1Notable6,Unnamed Heartwood,-21437.2,-2913.72,21,0,0,True,False,False
30904,AscendancyDruid1Notable3,Harmony Within,-21437.2,-2474.27,22,0,0,True,False,False
32905,AscendancyDruid1Notable1,Entwined Realities,-20590.2,-2324.46,23,6,20,True,False,False
55135,AscendancyDruid1Notable8,Forced Outcome,-20590.2,-2615.85,23,6,16,True,False,False
22908,AscendancyWarrior3Notable6_6,Tribute to Utula,-21373.2,7868.53,24,0,0,True,False,False
48537,AscendancyWarrior3Notable5,Forged in Flame,-21318.6,6439.13,25,0,0,True,False,False
63401,AscendancyWarrior3Small5,Fire Resistance,-21318.5,6074.6,26,0,0,False,False,False
8525,AscendancyWarrior3Notable6_7,Leather Bindings,-21238.3,7993.38,27,0,0,True,False,False
49380,AscendancyWarrior2Small2,Armour Break,-21155.2,4078.1,28,0,0,False,False,False
58704,AscendancyWarrior2Notable1,Anvil's Weight,-21155.2,4441.1,29,0,0,True,False,False
38769,AscendancyWarrior2Small1,Armour Break,-21155.2,4804.1,30,0,0,False,False,False
36659,AscendancyWarrior2Notable2,Imploding Impacts,-21088.1,3827.93,31,0,0,True,False,False
9997,AscendancyWarrior3Notable6_9,Molten Symbol,-21079.7,8080.09,32,0,0,True,False,False
6127,AscendancyWarrior2Notable3,Jade Heritage,-20998.4,4249.81,33,0,0,True,False,False
18585,AscendancyWarrior2Small3,Armour,-20998.4,4662.96,34,0,0,False,False,False
378,AscendancyDruid1Small8,Critical Hit Chance,-20970.1,-3158.38,35,0,0,False,False,False
4197,AscendancyDruid1Notable4,Converging Paths,-20970.1,-2587.38,36,0,0,True,False,False
37782,AscendancyDruid1Notable5,Fateful Vision,-20970.1,-2359.33,37,0,0,True,False,False
47190,AscendancyDruid1Small2,Passive Point,-20970.1,-1798.32,38,0,0,False,False,False
13772,AscendancyWarrior3Notable6_8,Flowing Metal,-20909.6,8123.71,39,0,0,True,False,False
40915,AscendancyWarrior2Notable7,Wooden Wall,-20900.7,3827.89,40,0,0,True,False,False
5852,AscendancyWarrior3Start,Smith of Kitava,-21978.9,7459.09,41,9,96,False,False,False
1994,AscendancyWarrior2Small5,Warcry Speed,-20833.8,5342.08,42,0,0,False,False,False
48682,AscendancyWarrior2Small7_,Totem Life,-20833.7,4078.1,43,0,0,False,False,False
39411,AscendancyWarrior2Notable6,Answered Call,-20833.7,4441.1,44,0,0,True,False,False
25935,AscendancyWarrior2Small8,Block Chance,-20833.7,5167.88,45,0,0,False,False,False
39365,AscendancyWarrior2Small6,Totem Life,-20833,4804.1,46,0,0,False,False,False
9988,AscendancyWarrior3Notable6_0,Smith's Masterwork,-20817.8,7459.09,47,0,0,True,False,False
25438,AscendancyWarrior3Notable6_12_,Heatproofing,-20726.4,8123.71,48,0,0,True,False,False
49340,AscendancyWarrior3Notable6_4_,Support Straps,-20559.1,8080.09,49,0,0,True,False,False
35535,AscendancyDruid2Start,Shaman,-20479.7,-3530.3,50,0,0,False,False,False
33812,AscendancyWarrior2Start,Brute,-21155.2,5167.88,51,6,48,False,False,False
60913,AscendancyWarrior3Notable6_5,Kitavan Engraving,-20401.3,7993.38,52,0,0,True,False,False
47097,AscendancyWarrior2Notable4_,Warcaller's Bellow,-20379.9,5421.12,53,0,0,True,False,False
23005,AscendancyWarrior2Notable8,Renly's Training,-20376.1,5090.69,54,0,0,True,False,False
61039,AscendancyWarrior3Notable6_1,Tantalum Alloy,-20277.3,7868.53,55,0,0,True,False,False
20195,AscendancyWarrior3Notable6_3,Spiked Plates,-20185.1,7718.69,56,0,0,True,False,False
16276,AscendancyWarrior3Notable6_2,Kitavan Imprint,-20110.7,7558.75,57,0,0,True,False,False
16204,AscendancyDruid2Notable7,Sacred Flow,-20048.9,-3366.88,58,0,0,True,False,False
10072,AscendancyWarrior2Small9,Block Chance,-20005.1,5031,59,0,0,False,False,False
52068,AscendancyWarrior2Notable9,Turtle Charm,-19976.2,5450.01,60,0,0,True,False,False
47628,,,-20516.5,-6428.68,61,6,49,False,False,False
51455,,,-19756.1,-5944.25,61,6,36,False,False,False
62882,,,-19973.3,-7593.67,61,6,69,False,False,False
28385,,,-19274.9,-7470.52,61,6,7,False,False,False
54063,,,-19512.1,-7205.88,61,4,6,False,False,False
2187,,,-20178.7,-6539.25,61,4,48,False,False,False
18096,,,-19972.6,-6658.25,61,7,16,False,False,False
20211,,,-19820.8,-7024.74,61,7,23,False,False,False
443,,,-20591.9,-6856.38,61,6,55,False,False,False
32191,,,-20175.6,-6056.66,61,6,42,False,False,False
49398,,,-20295.4,-7425.97,61,6,64,False,False,False
15462,,,-19539,-7593.67,61,6,3,False,False,False
9216,,,-19923,-7241.82,61,4,68,False,False,False
21676,,,-20413.1,-6783.25,61,5,54,False,False,False
45846,,,-20236.7,-6868,61,4,56,False,False,False
23641,,,-20101.2,-7128.32,61,4,63,False,False,False
26353,,,-20482.7,-7202.75,61,6,60,False,False,False
42253,AscendancyDruid2Notable8,Wisdom of the Maji,-19751.6,-2934.42,62,0,0,True,False,False
33824,AscendancyDruid2Small8,Defences,-19751.6,-2501.42,63,0,0,False,False,False
54512,AscendancyDruid2Small3,Maximum Rage,-19474.5,-2267.34,64,0,0,False,False,False
58646,AscendancyDruid2Notable4,Reactive Growth,-18567.2,-2394.45,65,6,26,True,False,False
28022,AscendancyDruid2Small1,Elemental Damage,-18931.4,-1894.41,65,8,33,False,False,False
61722,AscendancyDruid2Small4_,Elemental Resistances,-19209.9,-2094.74,65,6,36,False,False,False
1855,AscendancyDruid2Small7,Flask Recovery,-20048.9,-2933.74,65,6,54,False,False,False
35762,AscendancyDruid2Notable6,Furious Wellspring,-18771.8,-3366.88,66,0,0,True,False,False
35920,AscendancyDruid2Small6,Maximum Rage,-18771.8,-2891.07,67,0,0,False,False,False
56933,AscendancyDruid2Notable3,Druidic Champion,-18771.8,-2394.41,68,0,0,True,False,False
24807,AscendancyWarrior1Notable8,Stone Skin,-18659.6,3126.31,69,0,0,True,False,False
61983,AscendancyDruid2Notable5,Avatar of Evolution,-18567.2,-3513.86,70,0,0,True,False,False
46654,AscendancyDruid2Small5,Elemental Resistances,-18567.2,-2954.17,71,0,0,False,False,False
28745,AscendancyDruid2Notable2,Bringer of the Apocalypse,-18302.1,-3694.04,72,0,0,True,False,False
26063,AscendancyDruid2Small2,Elemental Damage,-18298.9,-3046.83,73,0,0,False,False,False
62523,AscendancyDruid2Notable1,Turning of the Seasons,-18297,-2394.44,74,0,0,True,False,False
38014,AscendancyWarrior1Small2,Slam Area of Effect,-18262.7,2903.41,75,0,0,False,False,False
42275,AscendancyWarrior1Notable1,Earthbreaker,-18084.8,3412.2,76,0,0,True,False,False
3762,AscendancyWarrior1Notable2,Ancestral Empowerment,-18797,2792.42,77,9,125,True,False,False
59540,AscendancyWarrior1Notable3,Mountain Splitter,-17538.1,4972.91,77,9,67,True,False,False
30115,AscendancyWarrior1Notable5,Hulking Form,-18040.3,3809.19,77,7,16,True,False,False
60634,AscendancyWarrior1Notable6,Colossal Capacity,-18392.8,4012.69,77,5,48,True,False,False
35453,AscendancyWarrior1Small1,Slam Area of Effect,-18470.8,3798.28,77,5,52,False,False,False
13715,AscendancyWarrior1Small3,Stun Buildup,-18246.1,4187.49,77,5,44,False,False,False
19424,AscendancyWarrior1Small5,Strength,-18550.4,4103.69,77,6,48,False,False,False
27418,AscendancyWarrior1Small6,Strength,-18246.4,3928.19,77,4,48,False,False,False
51690,AscendancyWarrior1Small7,Life Regeneration,-18305.1,4371.46,77,6,43,False,False,False
29323,AscendancyWarrior1Small8,Armour,-18659.6,3757.32,77,6,53,False,False,False
32534,AscendancyWarrior1Start,Titan,-18967,4344.19,77,9,96,False,False,False
12000,AscendancyWarrior1Notable7,Mysterious Lineage,-17758.3,4687.11,78,0,0,True,False,False
59372,AscendancyWarrior1Notable4,Crushing Impacts,-17718,4045.96,79,0,0,True,False,False
56842,AscendancyWarrior1Small4,Stun Buildup,-17364.3,4461.71,80,0,0,False,False,False
10763,,,-18101.5,-6427.17,81,6,50,False,False,False
48905,,,-17386.2,-7549.93,81,6,71,False,False,False
21448,,,-17735.7,-6470.12,81,4,48,False,False,False
56468,,,-17313.1,-6226.12,81,4,36,False,False,False
27155,,,-17270.6,-7200.27,81,4,1,False,False,False
7659,,,-16832.5,-6798.87,81,4,16,False,False,False
59905,,,-17455.1,-6632.12,81,2,16,False,False,False
65044,,,-17270.7,-6872.54,81,2,1,False,False,False
31686,,,-18139.4,-6859.82,81,6,56,False,False,False
51122,,,-17794.3,-7401.39,81,6,65,False,False,False
12040,,,-17970.1,-6714.12,81,5,54,False,False,False
41624,,,-17557.1,-6291.5,81,4,42,False,False,False
55300,,,-17590.8,-7309.57,81,5,67,False,False,False
51742,,,-16968,-7059.19,81,4,9,False,False,False
38100,,,-17771.7,-6881.03,81,4,58,False,False,False
48936,,,-17658.2,-7059.19,81,4,63,False,False,False
950,,,-18039.7,-7133.62,81,6,60,False,False,False
20041,,,-17628.4,-2466.06,82,6,48,False,False,False
33582,,,-17215.4,-2511.74,82,4,44,False,False,False
13752,,,-16588.1,-2511.74,82,4,28,False,False,False
31579,,,-17118.3,-3010.56,82,7,20,False,False,False
19259,,,-16685.3,-2760.56,82,7,8,False,False,False
60599,,,-16817,-3366.15,82,4,2,False,False,False
35388,,,-16413.8,-2885.56,82,4,18,False,False,False
39772,,,-16901.8,-3724.56,82,6,0,False,False,False
55382,,,-17740.8,-2885.56,82,6,54,False,False,False
44207,,,-17387.9,-2928.1,82,4,55,False,False,False
59091,,,-16859.2,-2399.42,82,4,35,False,False,False
39614,,,-17324.4,-3129.56,82,4,60,False,False,False
12816,,,-16901.8,-2885.56,82,0,0,False,False,False
6830,,,-17145.8,-3308.19,82,4,66,False,False,False
2573,,,-16527.9,-3199.25,82,4,10,False,False,False
35311,,,-17321.3,-3612.16,82,6,66,False,False,False
28429,,,-17628.4,-3305.06,82,6,60,False,False,False
40246,,,-17594.8,9160.39,83,6,60,False,False,False
28539,,,-16868.2,8740.89,83,6,0,False,False,False
31425,,,-17035.2,9290.64,83,3,22,False,False,False
21343,,,-16691.4,9403.12,83,7,3,False,False,False
4615,,,-16579,9746.89,83,3,8,False,False,False
65098,,,-16868.2,10418.9,83,6,36,False,False,False
44561,,,-16211.2,9579.89,83,5,18,False,False,False
6207,,,-16057.8,9362.75,83,6,15,False,False,False
14143,,,-17707.2,9579.89,83,6,54,False,False,False
36598,,,-17287.7,8853.3,83,6,66,False,False,False
6799,,,-17202.2,9579.89,83,3,18,False,False,False
40358,,,-17084.7,9704.89,83,7,16,False,False,False
12261,,,-17035.2,9869.15,83,3,14,False,False,False
43012,,,-17287.7,10306.5,83,6,42,False,False,False
21651,,,-16539.7,10148.9,83,5,30,False,False,False
25495,,,-16275,10173.2,83,6,27,False,False,False
54579,,,-17594.8,9999.39,83,6,48,False,False,False
34881,,,-16418.4,7134.42,84,6,60,False,False,False
8532,,,-15691.8,6714.92,84,6,0,False,False,False
31553,,,-16114.4,7309.92,84,4,60,False,False,False
12389,,,-15691.8,7219.92,84,3,0,False,False,False
14199,,,-15691.8,7553.92,84,0,0,False,False,False
42816,,,-15269.2,7797.92,84,4,24,False,False,False
62672,,,-15691.8,8392.92,84,6,36,False,False,False
13434,,,-14965.2,7973.42,84,6,24,False,False,False
33810,,,-16530.8,7553.92,84,6,54,False,False,False
12004,,,-16111.3,6827.32,84,6,66,False,False,False
28460,,,-16177.9,7596.45,84,4,53,False,False,False
13216,,,-15935.8,7131.29,84,4,66,False,False,False
28814,,,-16114.4,7797.92,84,4,48,False,False,False
41136,,,-15935.8,7976.54,84,4,42,False,False,False
65136,,,-16111.3,8280.51,84,6,42,False,False,False
9842,,,-15272.3,8280.51,84,6,30,False,False,False
16732,,,-16418.4,7973.42,84,6,48,False,False,False
31558,,,-15271.4,9073.93,85,6,60,False,False,False
18654,,,-14544.8,8654.43,85,6,0,False,False,False
47952,,,-14377.9,9034.86,85,4,4,False,False,False
63748,,,-15162.2,9268.73,85,5,58,False,False,False
12826,,,-14987.1,9287.2,85,4,59,False,False,False
18068,,,-14544.8,9981.43,85,4,36,False,False,False
23860,,,-14544.8,10332.4,85,6,36,False,False,False
23647,,,-13818.2,9912.93,85,6,24,False,False,False
21773,,,-15380.6,9566.56,85,6,53,False,False,False
12411,,,-14964.3,8766.84,85,6,66,False,False,False
30817,,,-14788.8,9070.81,85,4,66,False,False,False
47642,,,-15191.8,9607.52,85,5,52,False,False,False
38626,,,-15003.4,9660.34,85,4,50,False,False,False
11674,,,-14858.5,9867.26,85,4,44,False,False,False
52088,,,-14964.3,10220,85,6,42,False,False,False
61057,,,-14125.3,10220,85,6,30,False,False,False
51916,,,-15271.4,9912.93,85,6,48,False,False,False
58058,oracle_bow_mastery1,Bow Mastery,-12135.7,-1230.15,86,0,0,False,False,False
21218,oracle_bow_movement1,Bow Damage,-11813,-1316.59,86,3,5,False,False,False
60708,oracle_bow_movement2,Bow Damage,-12458.3,-1143.7,86,3,17,False,False,False
45226,oracle_bow_movement3,Bow Damage,-11713,-986.145,86,4,24,False,False,False
11666,oracle_bow_movement4_,Reduced Movement Penalty,-12294.1,-1187.7,86,2,17,False,False,False
13950,oracle_bow_movement5,Reduced Movement Penalty,-11977.2,-1272.59,86,2,5,False,False,False
7066,oracle_bow_movement6,Bow Attack Speed,-11891.7,-1652.77,86,4,6,False,False,False
23932,oracle_bow_movement7_,Bow Attack Speed,-12305.7,-1864.76,86,5,69,False,False,False
8423,oracle_bow_movement8,Bow Attack Speed,-12558.3,-1474.15,86,4,60,False,False,False
17894,oracle_bow_movement9,Her Final Bite,-12379.7,-807.525,86,4,42,True,False,False
47753,fire48,Fire Penetration,-11896.8,-1926.84,87,0,0,False,False,False
18353,oracle_rust_king1,Physical and Lightning Damage,-11017.2,962.236,88,6,20,False,False,False
42762,oracle_rust_king2,Physical Damage,-12243.2,536.64,88,4,61,False,False,False
11984,oracle_rust_king3,Physical Damage,-11563.5,416.799,88,4,7,False,False,False
20496,oracle_rust_king4,Physical Damage,-11509.4,816.545,88,3,6,False,False,False
3544,oracle_rust_king5_,Lightning Damage,-11626.9,941.545,88,7,8,False,False,False
19953,oracle_rust_king6,Lightning Damage,-11718.4,600.039,88,7,2,False,False,False
50142,oracle_rust_king7,Lightning Damage,-12302,649.639,88,4,58,False,False,False
58197,oracle_rust_king8,Unquenchable Iron,-12570,397.045,88,6,60,True,False,False
35980,oracle_rust_king_mastery1,Lightning Mastery,-11843.4,816.545,88,0,0,False,False,False
36025,oracle_big_family1,Minion Damage,-11263.1,-4986.2,89,6,30,False,False,False
57079,oracle_big_family10,Known by All,-11113.6,-6041.29,89,5,12,True,False,False
44309,oracle_big_family2_,Companion Damage,-11625.3,-5058.29,89,5,35,False,False,False
44485,oracle_big_family3,Companion Damage,-11960.3,-5117.35,89,5,41,False,False,False
829,oracle_big_family4_,Minion Duration,-11144.4,-5335.96,89,5,25,False,False,False
19966,oracle_big_family5,Minion Duration,-11028.1,-5655.53,89,5,19,False,False,False
43385,oracle_big_family6,Minion Damage,-11932.6,-5712.79,89,7,18,False,False,False
22221,oracle_big_family7,Minion Damage,-11557.6,-5929.3,89,7,2,False,False,False
7553,oracle_big_family8,Trusted Partner,-12251.6,-5384.29,89,5,48,True,False,False
64139,oracle_big_family9,Friend to Many,-11600.6,-5570.77,89,2,10,True,False,False
15842,oracle_big_family_mastery1__,Minion Mastery,-11515.6,-5423.54,89,3,10,False,False,False
38320,mastery_fire122,Fire Mastery,-11504.9,-1807.32,90,0,0,False,False,False
28201,oracle_crab_claw1,Armour and Block Chance,-10909.3,-3219.7,91,4,21,False,False,False
56174,oracle_crab_claw2,Armour,-11058.1,-3432.45,91,3,5,False,False,False
1887,oracle_crab_claw3,Armour,-11213.7,-3635.26,91,3,2,False,False,False
10713,oracle_crab_claw4__,Armour,-11467.2,-3668.62,91,3,23,False,False,False
16615,oracle_crab_claw5,Unmoving Craiceann,-11803.3,-3590,91,4,60,True,False,False
10636,oracle_crab_claw6,Block Chance,-11144.5,-3109.83,91,3,9,False,False,False
38697,oracle_crab_claw7,Block Chance,-11380.7,-3012,91,3,12,False,False,False
20391,oracle_crab_claw8,Block Chance,-11616.9,-3109.83,91,3,15,False,False,False
16947,oracle_crab_claw9_,Shelter from the Rain,-11868.7,-3346,91,4,54,True,False,False
18713,oracle_crab_claw_mastery1,Armour and Energy Shield Mastery,-11380.7,-3346,91,0,0,False,False,False
32845,ignite_mitigation1,Fire Damage,-11338.9,-1393.8,92,5,36,False,False,False
23630,ignite_mitigation13,Self Immolation,-11338.9,-2538.8,92,4,0,True,False,False
64819,ignite_mitigation2,Fire Damage and Armour ,-11761.6,-1806.8,92,4,48,False,False,False
31746,ignite_mitigation3,Fire Penetration,-10916.3,-1806.8,92,4,24,False,False,False
51868,ignite_mitigation4,Molten Carapace,-11761.2,-2554.1,92,5,64,True,False,False
19794,ignite_mitigation5,Ignite Magnitude on You,-11505.9,-2340.06,92,3,22,False,False,False
17885,ignite_mitigation7,Ignite Magnitude on You,-11171.9,-2340.06,92,3,2,False,False,False
11392,ignite_mitigation8,Molten Being,-10916.6,-2554.1,92,5,8,True,False,False
65,chill_and_freeze19_,Freeze Buildup,-10952.1,-597.249,93,2,7,False,False,False
36504,chill_and_freeze20,Freeze Buildup,-11068.1,-481.283,93,2,11,False,False,False
55260,chill_and_freeze21,Freeze Threshold,-11153,-798.107,93,2,23,False,False,False
19751,chill_and_freeze22,Freeze Threshold,-11269,-682.141,93,2,19,False,False,False
15698,chill_and_freeze23,Freeze Buildup,-10933.8,-816.472,93,7,3,False,False,False
35618,chill_and_freeze25,Cold Coat,-11287.3,-462.918,93,7,15,True,False,False
28589,getting_hit1,Armour if Hit,-11158.6,1108.17,94,3,23,False,False,False
7395,getting_hit10,Retaliation,-10905.2,1720.04,94,3,10,True,False,False
38670,getting_hit2,Armour if Hit,-11188.1,1314.82,94,2,21,False,False,False
30007,getting_hit3_,Thorns,-11113.2,1501.8,94,1,7,False,False,False
12565,getting_hit4_,Thorns and Block,-10749.6,1344.34,94,3,5,False,False,False
3245,getting_hit5,Thorns and Block,-10913.8,1473.23,94,2,7,False,False,False
30300,getting_hit6,Thorns,-10990.2,1288.76,94,2,2,False,False,False
3188,getting_hit9,Revenge,-11406.2,1430.79,94,3,18,True,False,False
46051,mastery_thorns309,Thorns Mastery,-11072.2,1430.79,94,0,0,False,False,False
55190,jewel_slot1971,[Jewel] Socket,-10939.4,6.395,95,1,0,False,False,True
41012,fire49_,Fire Damage and Armour ,-10916.6,-2156.56,96,0,0,False,False,False
24630,fire40,Fulmination,-10708.8,2443.13,97,0,0,True,False,False
52669,fire75,Flamekeeper,-10699.2,174.465,98,0,0,True,False,False
47469,mastery_fire_6513,Fire Mastery,-10695.4,165.045,99,0,0,False,False,False
47387,lightning68,Stormkeeper,-10694.6,-176.705,100,0,0,True,False,False
63482,mastery_lightning148,Lightning Mastery,-10692,-175.715,101,0,0,False,False,False
1200,attributes70,Attribute,-10682.8,933.305,102,4,36,False,False,False
13326,fire69,Fire Damage,-10676.8,493.755,103,0,0,False,False,False
47080,lightning60,Lightning Damage,-10673.3,-593.395,104,0,0,False,False,False
28982,strength48,Attribute,-10667.7,-1117.08,105,0,0,False,False,False
64489,area_attacks33,Attack Area,-10736.4,2189.32,106,2,14,False,False,False
25162,area_attacks34,Attack Area,-10572.4,2189.32,106,2,10,False,False,False
6952,area_attacks35,Attack Area,-10818.4,2047.3,106,2,18,False,False,False
750,area_attacks36,Tribal Fury,-10736.4,1905.27,106,2,22,True,False,False
3348,wolf11,Spirit of the Wolf,-10650,-3724.53,107,0,0,True,False,False
48314,wolf5,Shapeshifted Skill Speed,-10650,-3509.98,108,0,0,False,False,False
43941,wolf2_,Shapeshifted Skill Speed,-10648.1,-3316.27,109,0,0,False,False,False
17348,fire17,Ignite Magnitude,-10856.7,3116.65,110,7,17,False,False,False
11433,fire20,Fire Damage,-10615.2,2801.94,110,7,0,False,False,False
15522,fire21_,Ignite Magnitude,-10851.3,2815.77,110,3,21,False,False,False
13893,fire_penetration20,Fire Penetration and Stun Buildup,-10373.7,2987.24,110,7,5,False,False,False
11275,fire_penetration21,Fire Penetration,-10615.2,3301.94,110,7,12,False,False,False
42390,fire_penetration27,Overheating Blow,-10448.3,2593.37,110,4,4,True,False,False
44753,ignite_mitigation6,One With Flame,-10615.2,3051.94,110,0,0,True,False,False
63608,mastery_fire_6518,Fire Mastery,-10615.2,3051.94,110,0,0,False,False,False
440,shield13,Shield Block,-10594.1,-4757.69,111,0,0,False,False,False
14509,glory22,Rage on Melee Hit,-10507,-3092.24,112,3,1,False,False,False
589,glory23,Rage on Melee Hit,-10351.9,-2834.33,112,7,5,False,False,False
46399,glory24_,Rage on Melee Hit,-10528.7,-2528.14,112,7,11,False,False,False
50820,glory25,Glory Generation,-10834.9,-2704.92,112,7,17,False,False,False
65472,glory26,Glory Generation,-10829.6,-3005.8,112,3,21,False,False,False
9323,glory27_,Craving Slaughter,-10635.9,-2928.04,112,2,23,True,False,False
40395,mastery_attack4,Attack Mastery,-10593.4,-2769.62,112,0,0,False,False,False
18593,lightning61,Lightning Damage,-10577.4,-391.035,113,0,0,False,False,False
65192,oracle_totems1,Totem Cast and Attack Speed,-10489.2,-6063.76,114,3,11,False,False,False
33423,oracle_totems2,Totem Cast and Attack Speed,-10640.4,-6144.89,114,7,13,False,False,False
15672,oracle_totems3_,Totem Elemental Resistance,-10334.2,-6451.08,114,7,5,False,False,False
6999,oracle_totems4,Totem Elemental Resistance,-10253,-6299.93,114,3,7,False,False,False
59908,oracle_totems5,Totem Area of Effect,-10662.1,-6708.99,114,3,23,False,False,False
36197,oracle_totems6,Totem Placement Speed,-10898.3,-6472.82,114,3,19,False,False,False
27096,oracle_totems7,Rustle of the Leaves,-10792.2,-6261.38,114,7,16,True,False,False
45400,oracle_totems8,Mighty Trunk,-10450.7,-6602.88,114,7,2,True,False,False
63170,oracle_totems9,Totem Cast and Attack Speed and Elemental Resistance,-10339.5,-6150.2,114,3,9,False,False,False
13691,oracle_totems_mastery1,Totem Mastery,-10575.7,-6386.38,114,0,0,False,False,False
37113,lightning50,Lightning Damage,-10559.1,-803.165,115,0,0,False,False,False
8850,wolf10,Shapeshifted Critical Chance,-10520.3,-3933.98,116,0,0,False,False,False
61896,wolf6,Shapeshifted Critical Chance,-10520.3,-3710.82,117,0,0,False,False,False
2617,fire68,Fire Damage,-10463.6,671.215,118,0,0,False,False,False
61393,wolf1,Shapeshifted Damage,-10448.6,-3316.27,119,0,0,False,False,False
55897,oracle_wolf_addon1,Shapeshifted Mana Regeneration,-10443.8,-4121.17,120,0,0,False,False,False
50767,mastery_shapeshifting_6685,Shapeshifting Mastery,-10439.9,-3664.92,121,2,0,False,False,False
20289,wolf18,Frozen Claw,-10439.9,-3500.92,121,0,0,True,False,False
14432,oracle_wolf_addon2,Lunar Boon,-10437.9,-4316.54,122,0,0,True,False,False
41768,strength47,Attribute,-10398.4,-2166.4,123,0,0,False,False,False
55188,fire70,Fire Damage,-10390.8,399.025,124,0,0,False,False,False
17349,energy_shield_and_armour10,Armour and Energy Shield,-10375,-5555.09,125,7,0,False,False,False
5728,energy_shield_and_armour11,Ancient Aegis,-10158.4,-5430.09,125,7,4,True,False,False
23940,energy_shield_and_armour12,Fortified Aegis,-10591.5,-5430.09,125,7,20,True,False,False
14342,energy_shield_and_armour5,Armour and Energy Shield,-10591.5,-5180.09,125,7,16,False,False,False
49256,energy_shield_and_armour6_,Armour and Energy Shield,-10375,-4971.09,125,3,12,False,False,False
14439,energy_shield_and_armour7,Armour and Energy Shield,-10158.4,-5180.09,125,7,8,False,False,False
58138,mastery_armour_and_energy_shield_6274,Armour and Energy Shield Mastery,-10375,-5223.09,125,1,6,False,False,False
46384,shield10,Wide Barrier,-9952.33,-5061.09,125,4,24,True,False,False
33402,shield11,Shield Block,-10863,-5305.09,125,4,54,False,False,False
58125,shield12,Shield Block,-10797.6,-5549.09,125,4,60,False,False,False
6133,shield14_,Core of the Guardian,-10797.6,-5061.09,125,4,48,True,False,False
10681,shield18_,Defensive Stance,-10375,-5793.09,125,4,0,True,False,False
27581,shield7,Shield Block,-9952.33,-5549.09,125,4,12,False,False,False
50510,shield8,Shield Block,-9886.96,-5305.09,125,4,18,False,False,False
55888,energy_shield_and_armour8,Armour and Energy Shield,-10371.3,-4590.02,126,0,0,False,False,False
53354,wolf4,Shapeshifted Life Leech,-10368.8,-3710.82,127,0,0,False,False,False
33408,wolf9,Shapeshifted Life Leech,-10368.6,-3933.98,128,0,0,False,False,False
30141,attributes15,Attribute,-10364.8,5.965,129,0,0,False,False,False
59785,attributes5,Attribute,-10358.7,2132.05,130,0,0,False,False,False
20989,area_attacks37,Attack Area,-10052.4,-157.131,131,3,9,False,False,False
42984,area_attacks38,Attack Area,-10359.6,-352.305,131,1,8,False,False,False
21184,area_attacks39,Attack Area,-10111.8,-570.082,131,7,3,False,False,False
20251,area_attacks40_,Splitting Ground,-10375,-715.924,131,3,23,True,False,False
14511,melee57,Melee and Stun,-9794.87,5540.58,132,4,15,False,False,False
54999,melee58,Ancestral Boosted Attack Damage and Stun,-10099.2,5377.63,132,3,2,False,False,False
64900,melee59_,Ancestral Boosted Attack Damage and Stun,-10331,5425.4,132,7,23,False,False,False
30780,melee60,Ancestral Boosted Area and Damage,-10382.2,5782.85,132,2,15,False,False,False
53261,melee61,Ancestral Boosted Area and Damage,-10201.5,5908.37,132,7,11,False,False,False
18207,melee62,Ancestral Boosted Area and Damage,-9976.99,5833.88,132,3,8,False,False,False
17112,melee63,Ancestral Boosted Attack Damage and Stun,-10424.7,5624.44,132,2,19,False,False,False
5410,melee64,Channelled Heritage,-10502.4,5903.06,132,3,15,True,False,False
4331,melee65,Guided Hand,-10588.9,5580.44,132,3,19,True,False,False
36250,wolf7,Shapeshifted Life Regeneration,-10252.9,-3509.98,133,0,0,False,False,False
56368,wolf3,Shapeshifted Life Regeneration,-10251.2,-3312.73,134,0,0,False,False,False
49214,wolf8,Blood of the Wolf,-10248.8,-3724.53,135,0,0,True,False,False
375,mace10,Mace Damage,-10481.6,4698.46,136,7,17,False,False,False
12276,mace11,Mace Aftershock Chance,-10366.4,5105.13,136,4,39,False,False,False
14693,mace12,Mace Damage,-9895.06,4978.82,136,4,27,False,False,False
13937,mace13,Mace Damage,-9998.64,4698.46,136,7,7,False,False,False
13980,mace15,Split the Earth,-10113.8,5105.13,136,4,33,True,False,False
17791,mace3,Mace Stun Buildup,-10063.3,4456.98,136,7,3,False,False,False
526,mace5,Mace Stun Buildup,-10073.2,4175.19,136,4,4,False,False,False
2645,mace6_,Skullcrusher,-10366.4,4162.38,136,4,69,True,False,False
52829,mace8,Mace Damage and Stun Buildup,-10585.2,4288.69,136,4,63,False,False,False
14832,mastery_mace153,Mace Mastery,-10240.1,4633.75,136,0,0,False,False,False
18684,passive_keystone_avatar_of_fire,Avatar of Fire,-10198.3,3732.13,137,0,0,False,True,False
18746,shield6,Shield Block,-10160.4,-4757.69,138,0,0,False,False,False
51749,passive_keystone_blood_magic,Blood Magic,-10158.4,296.695,139,0,0,False,True,False
29611,strength46,Attribute,-10134.3,-3151.93,140,0,0,False,False,False
33590,mastery_attack9,Attack Mastery,-10129,5639.94,141,0,0,False,False,False
21291,armour24_,Armour and Slow Effect on You,-10259.1,1760.17,142,2,17,False,False,False
32836,armour26_,Armour and Slow Effect on You,-10216.6,1601.76,142,2,21,False,False,False
675,armour29,Armour and Slow Effect on You,-9942.25,1675.28,142,2,5,False,False,False
13489,armour30,Unbreakable,-9778.05,1631.28,142,3,5,True,False,False
47517,mastery_armour_6284,Armour Mastery,-10100.7,1717.72,142,0,0,False,False,False
11656,rage15,Rage when Hit,-9872.82,1326.49,143,7,8,False,False,False
9106,rage16,Rage when Hit,-9964.33,984.989,143,7,2,False,False,False
53822,rage17,Rage when Hit,-10214.3,1418,143,7,14,False,False,False
54937,rage18,Vengeful Fury,-10171.3,1201.49,143,1,9,True,False,False
37484,passive_keystone_acrobatics,Primal Hunger,-10073.8,-2358.14,144,0,0,False,True,False
9352,area_attacks1,Attack Area,-10112.5,-1439.7,145,3,23,False,False,False
31295,area_attacks2,Attack Area,-10262.2,-1353.26,145,3,21,False,False,False
32071,area_attacks26,Primal Growth,-9859.06,-1406.34,145,3,2,True,False,False
49111,mastery_attack_6300,Attack Mastery,-10026.1,-1117.08,145,0,0,False,False,False
39190,melee10,Melee Damage,-10112.5,-794.466,145,3,13,False,False,False
8800,melee11,Melee Damage,-10262.2,-880.911,145,3,15,False,False,False
15427,melee12,Melee Damage,-9692.06,-1117.08,145,3,6,False,False,False
57379,melee33,In Your Face,-9859.06,-827.832,145,3,10,True,False,False
27296,strength64,Attribute,-10009.8,3405.64,146,0,0,False,False,False
31554,oracle_duration_physical8,Increased Duration,-9604.39,-7864.27,147,5,6,False,False,False
49929,oracle_duration_physical9,Everlasting Bloom,-9932.89,-7952.29,147,5,0,True,False,False
31757,oracle_duration_physical_mastery1,Physical Mastery,-9339.63,-7888.56,147,6,9,False,False,False
51535,life_leech10,Life Leech and Slower Leech,-9970.25,2520.53,148,2,13,False,False,False
18397,life_leech17,Savoured Blood,-9605.19,2275.67,148,3,5,True,False,False
55063,life_leech8,Life Leech and Slower Leech,-9769.39,2319.67,148,2,5,False,False,False
8852,life_leech9,Life Leech and Slower Leech,-10086.2,2404.56,148,2,17,False,False,False
4139,mastery_life132,Life Mastery,-9927.8,2362.11,148,0,0,False,False,False
9328,bear10_,Spirit of the Bear,-9903.54,-6537.44,149,0,0,True,False,False
58496,bear5,Shapeshifted Damage against Immobilised,-9903.54,-6355.19,150,0,0,False,False,False
39598,warcries36,Empowered Attack Damage and Power Counted,-9687.18,2995.92,151,2,6,False,False,False
3949,warcries38,Empowered Attack Damage and Power Counted,-9769.18,3137.95,151,2,10,False,False,False
28613,warcries39,Roaring Cries,-9769.18,2853.9,151,2,2,True,False,False
15247,warcries48,Empowered Attack Damage,-9528.57,3082.37,151,3,7,False,False,False
46683,warcries49,Inherited Strength ,-9561.93,2828.92,151,3,4,True,False,False
1130,flail2,Flail Damage,-9825.21,-3241.28,152,0,0,False,False,False
50847,flail3,Flail Damage,-9583.72,-3305.99,152,7,5,False,False,False
33393,flail4,Flail Damage,-9190.59,-3411.33,152,5,15,False,False,False
42914,flail5,Ball and Chain,-9353.83,-3367.59,152,4,15,True,False,False
32474,attributes4,Attribute,-9791.13,-4500.02,153,0,0,False,False,False
4442,maximum_resistances10,Armour Applies to Lightning Damage Hits,-9598.33,999.917,154,3,10,False,False,False
59886,maximum_resistances11,Armour Applies to Lightning Damage Hits,-9169.88,988.325,154,5,23,False,False,False
62313,maximum_resistances2,Armour Applies to Fire Damage Hits,-10412.3,824.752,154,5,52,False,False,False
62034,maximum_resistances21,Prism Guard,-9765.33,710.665,154,0,0,True,False,False
55931,maximum_resistances3_,Armour Applies to Fire Damage Hits,-10099.3,710.665,154,3,18,False,False,False
33939,maximum_resistances6,Armour Applies to Cold Damage Hits,-9598.33,421.413,154,3,2,False,False,False
6872,maximum_resistances7_,Armour Applies to Cold Damage Hits,-9598.42,252.095,154,4,4,False,False,False
53123,shaman1,Shaman,-9985.55,-2055.78,155,7,18,False,False,False
43250,shaman12,Adaptive Skin,-9485.55,-2055.78,155,7,6,True,False,False
34818,shaman2,Fire Resistance,-9694.55,-2126.8,155,1,1,False,False,False
22697,shaman3,Lightning Resistance,-9653.55,-1913.76,155,2,10,False,False,False
8421,shaman4,Cold Resistance,-9817.55,-2197.81,155,2,22,False,False,False
35404,shaman5,Cold Resistance,-9610.55,-2272.29,155,7,2,False,False,False
5862,shaman6__,Lightning Resistance,-9860.55,-1839.28,155,7,14,False,False,False
54982,shaman7,Fire Resistance,-9776.55,-1984.77,155,1,7,False,False,False
14026,bear12,Shapeshifted Damage against Immobilised,-9717.96,-6634.67,156,0,0,False,False,False
37187,bear7,Shapeshifted Damage against Immobilised,-9717.96,-6452.32,157,0,0,False,False,False
55152,mastery_totem231,Totem Mastery,-9629.58,6161.82,158,3,1,False,False,False
42710,totems11,Totem Placement Speed,-9858.05,6402.44,158,2,20,False,False,False
65287,totems16,Totem Damage,-9552.02,6484.44,158,2,6,False,False,False
56996,totems17_,Totem Life,-9589.72,6013.06,158,4,3,False,False,False
9568,totems18,Totem Life,-9673.58,6326.02,158,2,1,False,False,False
41186,totems38,Totem Placement Speed,-9716.02,5827.44,158,5,0,False,False,False
58117,totems39,Totem Damage,-9545.98,5849.82,158,5,3,False,False,False
13839,totems40,Totem Damage,-9387.52,5915.46,158,5,6,False,False,False
5580,totems9,Watchtowers,-9716.02,6484.44,158,0,0,True,False,False
59777,strength65_,Attribute,-9701.92,4489.54,159,0,0,False,False,False
62670,mastery_minion_defence_6610,Minion Defence Mastery,-9699.83,-2798.91,160,0,0,False,False,False
41497,minion_defence1,Minion Life and Chaos Resistance,-9449.83,-2798.91,160,7,6,False,False,False
30554,minion_defence2,Minion Life,-9916.34,-2923.91,160,7,20,False,False,False
21164,minion_defence22_,Fleshcrafting,-9574.83,-2582.41,160,7,10,True,False,False
18245,minion_defence3,Minion Life and Physical Damage Reduction,-9916.34,-2673.91,160,7,16,False,False,False
10055,minion_defence4,Minion Life and Chaos Resistance,-9574.83,-3015.42,160,7,2,False,False,False
917,stun10,Stun Threshold,-9469.83,3623.89,161,3,10,False,False,False
44069,stun11,Stun Buildup,-9347.58,3167.63,161,3,4,False,False,False
65160,stun14,Titanic,-9314.22,3421.08,161,3,7,True,False,False
21670,stun7,Stun Buildup,-9677.83,3405.65,161,1,7,False,False,False
29358,stun9,Stun Buildup,-9478.42,3377.08,161,2,7,False,False,False
30553,mastery_warcry_6791,Warcry Mastery,-9621.33,3036.16,162,0,0,False,False,False
30457,armour1,Armour,-9598.42,-292.535,163,7,12,False,False,False
13293,armour2__,Armour,-9848.42,-542.535,163,7,18,False,False,False
54416,armour3,Armour,-9348.42,-542.535,163,7,6,False,False,False
19236,armour31,Projectile Bulwark,-9598.42,-542.535,163,0,0,True,False,False
60274,armour4_,Armour,-9598.42,-792.535,163,7,0,False,False,False
18448,attributes16,Attribute,-9598.42,3.995,164,0,0,False,False,False
19563,bear1,Shapeshifted Damage,-9524.42,-6101.02,165,0,0,False,False,False
34782,mastery_shapeshifting_6686,Shapeshifting Mastery,-9524.42,-6351.02,165,7,0,False,False,False
34490,oracle_bear_addon1,Shapeshifted Aftershock Chance,-9524.42,-6435.02,165,3,0,False,False,False
18972,oracle_bear_addon2__,Echoes of Ferocity,-9524.42,-6265.02,165,2,0,True,False,False
47931,intelligence8,Attribute,-9524.42,-5501.21,166,0,0,False,False,False
36100,bear8,Molten Claw,-9522.16,-6739.15,167,0,0,True,False,False
63085,bear6,Shapeshifted Damage,-9522.16,-6562.27,168,0,0,False,False,False
31290,energy_shield_and_armour52,Armour and Energy Shield,-9604.92,-4177.5,169,7,22,False,False,False
37609,energy_shield_and_armour53,Armour and Energy Shield,-9479.92,-3960.99,169,0,0,False,False,False
60332,energy_shield_and_armour54,Armour and Energy Shield,-9263.42,-4085.99,169,7,4,False,False,False
32764,energy_shield_and_armour55_,Armour and Energy Shield,-9696.43,-3835.99,169,7,16,False,False,False
21213,energy_shield_and_armour56_,Cirel of Tarth's Light,-9354.92,-3744.49,169,7,10,True,False,False
61942,passive_keystone_lord_of_the_wilds,Lord of the Wilds,-9449.45,-4442.32,170,0,0,False,True,False
53719,attributes71,Attribute,-9427.5,5442.15,171,0,0,False,False,False
10362,armour23,Armour,-9363.33,4400.29,172,0,0,False,False,False
10830,armour25,Armour,-9238.33,4183.79,172,7,2,False,False,False
9163,armour27,Armour,-9146.82,4525.29,172,7,8,False,False,False
59589,armour33,Heavy Armour,-9449.77,4077.68,172,3,23,True,False,False
44952,armour34,Made to Last,-9276.88,4722.91,172,3,11,True,False,False
6153,life_regeneration1,Life Regeneration,-9488.33,4616.8,172,7,14,False,False,False
52659,life_regeneration2,Life Regeneration,-9579.83,4275.29,172,7,20,False,False,False
63678,bear13,Shapeshifted Armour,-9318.59,-6631.85,173,0,0,False,False,False
43460,bear9,Shapeshifted Armour,-9318.59,-6434.75,174,0,0,False,False,False
61847,flail7,Flail Critical Chance,-9265.01,-2982.99,175,0,0,False,False,False
17587,oracle_slow_crit_mastery1,Critical Mastery,-9329.14,-875.705,176,1,9,False,False,False
59039,oracle_slow_crits1,Critical Damage,-9361.23,-228.686,176,5,38,False,False,False
28223,oracle_slow_crits2,Critical Damage,-9204.61,-389.562,176,4,35,False,False,False
6100,oracle_slow_crits3,Critical Damage,-9182.44,-634.224,176,7,11,False,False,False
20963,oracle_slow_crits4__,Calculated Hunter,-9411.14,-875.705,176,2,18,True,False,False
29098,attacks_and_spells10,Attack and Spell Damage,-9082.18,-4783.33,177,2,8,False,False,False
32549,attacks_and_spells11,Attack and Spell Damage,-9306.21,-4723.31,177,2,14,False,False,False
10727,attacks_and_spells12,Emboldening Casts,-9137.76,-4542.72,177,3,11,True,False,False
56237,attacks_and_spells13,Enhancing Attacks,-9310.65,-5187.95,177,3,23,True,False,False
43588,attacks_and_spells8,Attack and Spell Damage,-9142.21,-5007.36,177,2,2,False,False,False
61835,attacks_and_spells9,Attack and Spell Damage,-9366.23,-4947.33,177,2,20,False,False,False
1825,mastery_caster_6360,Caster Mastery,-9224.21,-4865.33,177,0,0,False,False,False
41935,bear11,Hide of the Bear,-9155.13,-6541.86,178,0,0,True,False,False
6735,bear4,Shapeshifted Armour,-9155.13,-6351.08,179,0,0,False,False,False
33203,oracle_channelling1,Channelling Stun Threshold,-8808.25,-973.077,180,4,27,False,False,False
55033,oracle_channelling2,Channelling Life Recoup,-9235.31,-1176.12,180,2,14,False,False,False
17059,oracle_channelling3_,Channelling Stun Threshold,-9295.34,-1400.15,180,2,20,False,False,False
6874,oracle_channelling4,Channelling Life Recoup,-8986.31,-1607.4,180,3,2,False,False,False
34940,oracle_channelling5_,Meditative Focus,-8989.31,-1318.15,180,2,6,True,False,False
37846,DeliriumAnoint_BastionOfLight,Bastion of Light,-9079.06,2754.99,181,0,0,True,False,False
65154,mastery_totem235,Totem Mastery,-9064.75,362.325,182,0,0,False,False,False
2575,totems28,Ancestral Alacrity,-9146.75,504.353,182,2,14,True,False,False
56757,totems41,Totem Placement Speed,-8982.75,504.353,182,2,10,False,False,False
11292,totems42,Totem Placement Speed,-9064.75,198.325,182,2,0,False,False,False
49370,flail11,Morning Star,-9222.33,-2717.44,183,2,18,True,False,False
32148,flail15,Rattling Ball,-8976.33,-2859.47,183,2,2,True,False,False
8535,flail18,Spiked Whip,-8976.33,-2575.42,183,2,10,True,False,False
43443,flail8,Flail Critical Chance,-9058.33,-2717.44,183,0,0,False,False,False
6502,mastery_flail_6533,Flail Mastery,-9056.17,-2715.81,184,0,0,False,False,False
41747,flail6,Flail Critical Chance,-9050.55,-3180.38,185,0,0,False,False,False
53440,axe10,Axe Rage on Hit,-8717.41,6809.89,186,3,7,False,False,False
52300,axe12,Axe Rage on Hit,-8803.85,6959.62,186,3,9,False,False,False
11178,axe13,Whirling Onslaught,-9362.64,6637,186,3,19,True,False,False
62439,axe14,Enraged Reaver,-8953.58,7046.06,186,3,11,True,False,False
57880,axe3,Axe Damage,-8803.85,6487.27,186,3,3,False,False,False
11306,axe5,Axe Rage on Hit,-8881.61,6681,186,2,5,False,False,False
6269,axe7,Axe Attack Speed,-8997.58,6565.03,186,2,1,False,False,False
45990,axe8,Axe Attack Speed,-9126.47,6400.83,186,3,23,False,False,False
39448,axe9,Axe Attack Speed,-9276.2,6487.27,186,3,21,False,False,False
24224,mastery_axe26,Axe Mastery,-9040.02,6723.44,186,0,0,False,False,False
33452,block1,Block,-9602,1954.01,187,5,54,False,False,False
57471,block13,Hunker Down,-8655.75,2121.01,187,3,8,True,False,False
53823,block14,Towering Shield,-9279,1954.01,187,3,18,True,False,False
23192,block2,Block,-9189,2376.63,187,4,42,False,False,False
21684,block3,Block and Shield Defences,-8781,1954.01,187,2,6,False,False,False
1214,block4,Block and Shield Defences,-9121.78,1777.23,187,7,21,False,False,False
42578,block5,Block,-8858.56,2276.62,187,3,11,False,False,False
52796,shield24,Shield Damage,-9189,1531.38,187,4,66,False,False,False
10508,shield27,Shield Attack Speed,-9121.78,2130.78,187,7,15,False,False,False
30371,shield3,Shield Damage,-8858.56,1631.39,187,3,1,False,False,False
27687,shield9,Greatest Defence,-8655.75,1787.01,187,3,4,True,False,False
11525,ignite2__,Flammability and Ignite Magnitude,-8718.44,-5337.21,188,2,8,False,False,False
64724,ignite3,Flammability and Ignite Magnitude,-8942.46,-5277.18,188,2,14,False,False,False
53329,ignite4,Flammability and Ignite Magnitude,-9002.49,-5501.21,188,2,20,False,False,False
53030,ignite5,Immolation,-8778.46,-5561.23,188,2,2,True,False,False
30334,ignite_mitigation10,Ignite Duration,-8860.46,-5753.21,188,3,0,False,False,False
9324,ignite_mitigation11_,Ignite Duration,-9096.64,-5655.38,188,3,21,False,False,False
43939,ignite_mitigation12,Melting Flames,-8526.46,-5419.21,188,3,6,True,False,False
56214,ignite_mitigation9,Ignite Duration,-8624.29,-5655.38,188,3,3,False,False,False
48267,mastery_fire117,Fire Mastery,-8860.46,-5419.21,188,0,0,False,False,False
10824,energy_shield_and_armour45_,Armour and Energy Shield,-8364.03,-2026.93,189,4,19,False,False,False
25648,energy_shield_and_armour46,Armour and Energy Shield,-8633.67,-1944.46,189,7,8,False,False,False
43077,energy_shield_and_armour47,Armour and Energy Shield,-9308.75,-2236.37,189,4,58,False,False,False
58894,energy_shield_and_armour48,Dominus' Providence,-8807.73,-2227.88,189,2,1,True,False,False
15825,energy_shield_and_armour49_,Bhatair's Storm,-8992.2,-1987.46,189,2,16,True,False,False
45736,energy_shield_and_armour50,Armour and Energy Shield,-8850.17,-1819.46,189,7,12,False,False,False
26592,energy_shield_and_armour51,Armour and Energy Shield,-9172.79,-2155.91,189,3,19,False,False,False
30393,mastery_energyshield107,Armour and Energy Shield Mastery,-8850.17,-2069.46,189,0,0,False,False,False
65042,mastery_rage_6669,Rage Mastery,-8776.24,-463.925,190,1,6,False,False,False
60068,rage22,Rage on Hit,-8776.24,-211.925,190,3,12,False,False,False
55925,rage23,Maximum Rage while Shapeshifted,-8559.73,-420.925,190,7,8,False,False,False
37869,rage24,Later Rage Loss Start,-8992.74,-420.925,190,7,16,False,False,False
28892,rage25,Primal Rage,-8609.24,-835.177,190,3,2,True,False,False
13845,rage26,Rage on Hit,-8776.24,-545.925,190,0,0,False,False,False
28408,rage27,Invigorating Hate,-8943.24,-835.177,190,3,22,True,False,False
21413,rage28,Later Rage Loss Start ,-9017.72,-610.63,190,7,19,False,False,False
37290,rage29,Maximum Rage while Shapeshifted,-8534.75,-610.63,190,7,5,False,False,False
61811,oracle_duration_physical1__,Physical Damage and Increased Duration,-9063.01,-6741.4,191,5,42,False,False,False
44452,oracle_duration_physical2,Physical Damage and Increased Duration,-9303.49,-6981.88,191,5,48,False,False,False
21809,oracle_duration_physical3,Physical Damage and Increased Duration,-9391.51,-7310.38,191,5,54,False,False,False
19162,oracle_duration_physical4,Physical Damage and Increased Duration,-9303.49,-7638.88,191,5,60,False,False,False
34143,oracle_duration_physical5,Physical Damage,-9063.01,-7879.35,191,5,66,False,False,False
36408,oracle_duration_physical6,Deadly Thorns,-8734.51,-7967.38,191,5,0,True,False,False
15141,oracle_duration_physical7,Impale Chance,-9327.78,-7903.64,191,6,63,False,False,False
21387,strength67,Attribute,-8724.91,5036.5,192,0,0,False,False,False
51129,armour_break35,Pile On,-8915.98,5629.76,193,7,16,True,False,False
26437,armour_break4,Armour Break,-9022.09,5418.32,193,3,19,False,False,False
15892,armour_break8,Damage vs Armour Broken Enemies,-8785.92,5827.38,193,3,13,False,False,False
52,passive_keystone_zealots_oath,Zealot's Oath,-8682.17,-4609.88,194,0,0,False,True,False
39131,strength44,Attribute,-8680.79,-5014.13,195,0,0,False,False,False
47606,mastery_rage_6668,Rage Mastery,-8664.77,-6794.46,196,0,0,False,False,False
28981,rage34,Rage when Hit,-8828.77,-6794.46,196,2,18,False,False,False
34871,rage35,Rage when Hit,-8789.77,-7010.96,196,7,22,False,False,False
27980,rage36,Rage when Hit,-8664.77,-6630.46,196,2,12,False,False,False
270,rage37,Rage Decay,-8500.77,-6794.46,196,2,6,False,False,False
56219,rage38,Rage Decay,-8539.77,-7010.96,196,7,2,False,False,False
52764,rage40,Mystical Rage,-8664.77,-6876.46,196,1,0,True,False,False
33722,intelligence72,Attribute,-8664.77,-6378.53,197,0,0,False,False,False
47173,mastery_warcry_6792,Warcry Mastery,-8647.35,4650.55,198,0,0,False,False,False
51832,warcries10,Warcry Damage,-8483.35,4650.55,198,2,6,False,False,False
6514,warcries11,Cacophony,-8441.12,4208.28,198,4,5,True,False,False
31373,warcries12,Vocal Empowerment,-8992.42,4305.49,198,4,63,True,False,False
47722,warcries25,Warcry Damage,-8358.1,4483.55,198,3,4,False,False,False
12418,warcries7_,Empowered Attack Damage,-8763.32,4534.59,198,2,21,False,False,False
50561,warcries8,Empowered Attack Damage,-8981.35,4650.55,198,3,18,False,False,False
3988,warcries9,Empowered Attack Damage,-8689.8,4808.97,198,2,13,False,False,False
10100,attributes50,Attribute,-8622.21,522.505,199,0,0,False,False,False
23307,strength59_,Attribute,-8621.47,988.325,200,0,0,False,False,False
27082,strength69,Attribute,-8618.25,6301.67,201,0,0,False,False,False
63243,oracle_self_sacrificing1,Ally Damage,-8439.47,-3130.28,202,3,10,False,False,False
48160,oracle_self_sacrificing2,Ally Damage,-8842.65,-3183.36,202,3,15,False,False,False
13108,oracle_self_sacrificing3,Ally Attack and Cast Speed,-8884.13,-4014.98,202,5,67,False,False,False
49543,oracle_self_sacrificing4,Ally Attack and Cast Speed,-8648.92,-3577.95,202,2,23,False,False,False
37778,oracle_self_sacrificing5_,Self Sacrificing,-8895.73,-3586.54,202,3,20,True,False,False
24929,oracle_self_sacrificing_mastery1,Minion Mastery,-8764.89,-3461.98,202,2,19,False,False,False
8460,mastery_warcry254,Warcry Mastery,-8509.27,-1418.16,203,0,0,False,False,False
40328,warcries1,Warcry Speed,-8273.1,-1654.33,203,3,3,False,False,False
62200,warcries13,Warcry Cooldown Speed,-8651.3,-1500.16,203,2,20,False,False,False
9528,warcries15,Warcry Cooldown Speed,-8745.45,-1181.98,203,3,15,False,False,False
38053,warcries17,Deafening Cries,-8595.72,-1095.54,203,3,13,True,False,False
29762,warcries18,Guttural Roar,-8422.83,-1740.77,203,3,1,True,False,False
28564,warcries3,Warcry Speed,-8367.25,-1336.16,203,2,8,False,False,False
47263,strength54,Attribute,-8484.8,9.695,204,0,0,False,False,False
51210,mastery_caster_6125,Caster Mastery,-8483,-2227.56,205,0,0,False,False,False
61404,attacks_and_spells20,Equilibrium,-8468.97,-2457.13,206,0,0,True,False,False
38923,attacks_and_spells4,Skill Speed,-8593.97,-2240.63,206,7,14,False,False,False
44902,attacks_and_spells5_,Attack and Spell Damage,-8343.97,-2673.64,206,7,2,False,False,False
61429,attacks_and_spells6,Attack and Spell Damage,-8685.48,-2582.13,206,7,20,False,False,False
511,attacks_and_spells7,Attack and Spell Damage,-8252.47,-2332.13,206,7,8,False,False,False
13482,armour_break39,Punctured Lung,-8394.02,5599.53,207,0,0,True,False,False
22626,armour_break36,Irreparable,-8119.16,5168.12,208,7,4,True,False,False
45227,armour_break7,Armour Break,-8249.22,4970.51,208,3,1,False,False,False
30136,armour_break9,Damage vs Armour Broken Enemies,-8013.05,5379.57,208,3,7,False,False,False
42111,armour_break10,Armour Break,-8639.23,5196.46,209,3,19,False,False,False
48717,mastery_armour6,Armour Mastery,-8533.12,5407.9,209,7,16,False,False,False
25300,armour_break1,Armour Break,-8308.16,504.355,210,0,0,False,False,False
55048,passive_keystone_pain_attunement,Pain Attunement,-8287.77,-6378.53,211,0,0,False,True,False
25315,armour38,Armour and Applies to Cold Damage,-8176.71,2248.71,212,2,2,False,False,False
25591,armour39,Armour and Applies to Cold Damage,-8116.69,2472.73,212,2,8,False,False,False
19820,armour40,Armour and Applies to Cold Damage,-8400.74,2308.73,212,2,20,False,False,False
5686,armour41,Chillproof,-8340.71,2532.76,212,2,14,True,False,False
55635,companions22,Damage and Companion Damage,-8430.45,-6144.21,213,7,21,False,False,False
57089,companions23,Defences and Companion Life,-8111.65,-6049.44,213,2,4,False,False,False
53893,companions26,Damage and Companion Damage,-8335.67,-5825.41,213,2,14,False,False,False
55450,companions28,Rallying Form,-8012.19,-5902.73,213,7,7,True,False,False
21784,companions35,Pack Encouragement,-8188.97,-5725.95,213,7,11,True,False,False
50118,companions38,Companion Resistance and Life,-8182.66,-5926.44,213,1,4,False,False,False
51807,companions39,Defences and Companion Life,-8253.67,-6131.44,213,2,0,False,False,False
52440,companions40,Damage and Companion Damage,-8417.67,-5967.44,213,2,18,False,False,False
34443,mastery_companion288,Companion Mastery,-8253.67,-5967.44,213,0,0,False,False,False
59945,attributes81,Attribute,-8233.08,1737.23,214,0,0,False,False,False
12005,mastery_shapeshifting_6687,Shapeshifting Mastery,-8263.64,-7988.58,215,2,23,False,False,False
28489,oracle_wyvern_addon1,Shapeshifted Skill Effect Duration,-8347.5,-8301.54,215,4,69,False,False,False
56890,oracle_wyvern_addon2,Endlessly Soaring,-8391.24,-8464.78,215,5,69,True,False,False
33562,wyvern1,Shapeshifted Damage,-8221.2,-7830.17,215,0,0,False,False,False
41609,wyvern10,Shapeshifted Energy Shield Recharge,-7574.18,-7716.08,215,5,20,False,False,False
31010,wyvern11,Shapeshifted Energy Shield Delay,-7778.92,-7623.93,215,4,23,False,False,False
27611,wyvern12__,Shapeshifted Elemental Damage,-8471.2,-7830.17,215,7,18,False,False,False
27216,wyvern13__,Shapeshifted Energy Shield Delay,-8004.69,-7955.17,215,7,4,False,False,False
30546,wyvern14,Electrified Claw,-8285.9,-8071.65,215,7,23,True,False,False
57273,wyvern18,Shapeshifted Damage,-8094.89,-7358.79,215,4,33,False,False,False
60619,wyvern4,Scales of the Wyvern,-7749.82,-7956.47,215,4,15,True,False,False
26104,wyvern5,Spirit of the Wyvern,-8692.57,-7703.86,215,4,51,True,False,False
43282,wyvern6,Shapeshifted Elemental Damage,-8981.59,-7475.59,215,6,49,False,False,False
55672,wyvern7,Shapeshifted Accuracy Rating,-8724.49,-7407.85,215,5,46,False,False,False
32186,wyvern8,Shapeshifted Accuracy Rating,-8501.1,-7430.42,215,4,43,False,False,False
541,wyvern9,Shapeshifted Energy Shield Recharge,-7385.39,-7903.29,215,6,17,False,False,False
50392,strength108_,Brute Strength,-8217.79,6324.33,216,0,0,True,False,False
38365,endurance_charges4_,Recover Life on consuming Endurance Charge,-8352.97,2744.15,217,2,20,False,False,False
61142,endurance_charges5,Recover Life on consuming Endurance Charge,-8210.95,2990.15,217,2,12,False,False,False
34626,endurance_charges6,Recover Life on consuming Endurance Charge,-8068.92,2744.15,217,2,4,False,False,False
46499,endurance_charges8,Guts,-8210.95,2826.15,217,0,0,True,False,False
32349,passive_keystone_giants_blood,Giant's Blood,-8206.04,7089.12,218,0,0,False,True,False
61796,armour_break2,Armour Break Duration,-8409.55,328.735,219,7,20,False,False,False
38066,armour_break3_,Armour Break and Armour,-8193.04,703.735,219,7,12,False,False,False
8260,armour_break5,Armour Break Duration,-8193.04,203.735,219,7,0,False,False,False
10286,armour_break6,Armour Break and Armour,-7976.54,578.735,219,7,8,False,False,False
31779,mastery_power_charge_6642_,Power Charge Mastery,-8166.54,-4543.78,220,0,0,False,False,False
20791,power_endurance_charges1,Power Charge Duration and Energy Shield,-8084.54,-4401.76,220,2,10,False,False,False
13777,power_endurance_charges2,Power Charge Duration and Energy Shield,-8282.51,-4427.82,220,2,15,False,False,False
38532,power_endurance_charges3,Thirst for Power,-8308.57,-4625.78,220,2,20,True,False,False
38707,strength53,Attribute,-8161.98,-1195.09,221,0,0,False,False,False
24855,mastery_attack3,Attack Mastery,-8617.21,3280.78,222,4,58,False,False,False
17138,melee45_,Melee Damage,-8158.65,3447.68,222,0,0,False,False,False
53308,melee47,Melee Damage,-7836.03,3361.24,222,3,5,False,False,False
51903,melee48_,Melee Damage,-8481.26,3534.13,222,3,17,False,False,False
39347,melee49,Breaking Blows,-8394.82,3211.51,222,3,21,True,False,False
48014,melee51_,Honourless,-8623.21,2983.12,222,5,63,True,False,False
55058,melee52,Melee Damage against Immobilised,-8727.62,3776.18,222,5,48,False,False,False
63790,melee53,Melee Damage against Immobilised,-8815.64,3447.68,222,5,54,False,False,False
11741,intelligence74,Attribute,-7860.48,-4540.52,223,3,8,False,False,False
41821,mastery_attack7,Attack Mastery,-8141.21,7641.73,224,0,0,False,False,False
24801,glory10,Attack Damage and Presence Area,-8298.62,7908.05,225,3,14,False,False,False
34305,glory11,Glory Generation and Attack Damage,-7881.61,7618.79,225,7,6,False,False,False
40736,glory12,Glory Generation and Attack Damage,-8006.61,7835.3,225,7,10,False,False,False
8171,glory13,Presence Area,-8256.61,7402.29,225,7,22,False,False,False
45162,glory14,Presence Area,-8381.62,7618.79,225,7,18,False,False,False
63031,glory15,Glorious Anticipation,-8619.62,7618.79,225,4,54,True,False,False
15606,glory16,Thrill of the Fight,-7887.61,8041.42,225,4,30,True,False,False
31545,glory9,Attack Damage and Presence Area,-8006.61,7402.29,225,7,2,False,False,False
52220,mastery_physical194,Physical Mastery,-8115.09,-155.255,226,0,0,False,False,False
60064,physical26,Physical Damage,-8279.09,-155.255,226,2,18,False,False,False
3027,physical28,Physical Damage,-8197.09,-297.283,226,2,22,False,False,False
54228,physical29,Physical Damage,-8033.09,-297.283,226,2,2,False,False,False
64240,physical37,Battle Fever,-7951.09,-155.255,226,2,6,True,False,False
61409,strength101,Strength,-8236.51,5912.43,227,7,22,False,False,False
24646,strength103,Strength,-8445.51,6128.94,227,3,18,False,False,False
59061,criticals31,Critical Damage,-7937.59,-5348.53,228,2,6,False,False,False
2672,criticals32_,Spell Critical Damage,-8019.59,-5490.56,228,2,2,False,False,False
8509,criticals33,Critical Damage,-8019.59,-5206.51,228,2,10,False,False,False
45569,criticals34,Spell Critical Damage,-8183.59,-5490.56,228,2,22,False,False,False
55596,criticals35,Critical Damage,-8390.85,-5181.53,228,3,16,False,False,False
28267,criticals40,Desensitisation,-7812.34,-5515.53,228,3,4,True,False,False
35085,mastery_criticals66,Critical Mastery,-8101.59,-5348.53,228,0,0,False,False,False
8272,AscendancyMercenary2Notable8,Weapon Master,-8095,19204.3,229,0,0,True,False,False
21453,armour_break34,Breakage,-8091.65,379.355,230,0,0,True,False,False
63114,strength68,Attribute,-7757.67,4492.56,231,3,4,False,False,False
13075,strength109,Strength,-8021.19,6127.75,232,0,0,False,False,False
60916,mastery_endurance_charge_6478,Endurance Charge Mastery,-8013.96,-4798.6,233,0,0,False,False,False
41701,power_endurance_charges4,Endurance Charge Duration and Armour,-7849.96,-4798.6,233,2,6,False,False,False
11027,power_endurance_charges5,Endurance Charge Duration and Armour,-7971.52,-4957.02,233,2,1,False,False,False
59433,power_endurance_charges6,Thirst for Endurance,-8155.99,-4880.6,233,2,20,True,False,False
4140,attributes3,Attribute,-8008.17,-7035.15,234,0,0,False,False,False
40105,minion_offence57,Attack Speed and Minion Attack Speed,-8083.4,-2537.72,235,2,14,False,False,False
30258,minion_offence58,Attack Speed and Minion Attack Speed,-7885.44,-2563.78,235,2,9,False,False,False
20558,minion_offence59,Among the Hordes,-8143.43,-2761.74,235,2,20,True,False,False
54849,mastery_minionoffence185,Minion Offence Mastery,-7994.15,-746.385,236,0,0,False,False,False
3723,minion_attack1,Attack and Minion Damage,-8076.15,-888.413,236,2,22,False,False,False
16413,minion_attack2,Attack and Minion Damage,-7852.12,-828.385,236,2,4,False,False,False
17092,minion_attack3,Maximum Rage,-8158.15,-746.385,236,2,18,False,False,False
10484,minion_attack4,Maximum Rage,-8076.15,-604.357,236,2,14,False,False,False
42660,minion_attack5,Commanding Rage,-7912.15,-604.357,236,2,10,True,False,False
49259,mastery_warcry_6794,Warcry Mastery,-7989.53,-3652.59,237,0,0,False,False,False
25014,warcries40,Warcry Speed,-7655.53,-3652.59,237,3,6,False,False,False
62360,warcries41,Empowered Attack Damage,-7822.53,-3941.85,237,3,2,False,False,False
36333,warcries42,Explosive Empowerment,-8156.53,-3941.85,237,3,22,True,False,False
50228,warcries43,Fire Damage,-7822.53,-3363.34,237,3,10,False,False,False
20511,warcries44,Cremating Cries,-8156.53,-3363.34,237,3,14,True,False,False
42059,warcries45,Empowered Attack Damage,-8412.16,-3896.59,237,4,60,False,False,False
53804,warcries46,Fire Damage,-8412.16,-3408.59,237,4,48,False,False,False
56112,warcries47,Extinguishing Exhalation,-8323.54,-3652.59,237,3,18,True,False,False
35048,criticals60,Attack Critical Chance,-7966.51,4294.84,238,2,12,False,False,False
26176,criticals61,Attack Critical Damage,-7824.49,4212.84,238,2,8,False,False,False
43650,criticals62,Critical Chance and Damage,-8007.51,4059.83,238,1,11,False,False,False
21070,criticals63,Attack Critical Chance,-8183.02,4005.84,238,7,20,False,False,False
57388,criticals64,Overwhelming Strike,-8133.51,3841.59,238,3,22,True,False,False
53386,criticals65,Attack Critical Damage,-7966.51,3880.84,238,7,0,False,False,False
9698,mastery_critical_6414,Critical Mastery,-8048.51,3988.82,238,2,22,False,False,False
49734,attributes55,Attribute,-7956.51,-1961.91,239,0,0,False,False,False
39102,oracle_power_charge1,Gain Maximum Power Charges on Gaining Power Charge,-7799.48,-3224.28,240,2,3,False,False,False
43486,oracle_power_charge2,Gain Maximum Power Charges on Gaining Power Charge,-7873,-2949.9,240,2,11,False,False,False
13228,oracle_power_charge3,Gain Maximum Power Charges on Gaining Power Charge,-8073.86,-3150.76,240,2,19,False,False,False
54289,oracle_power_charge4,Gift of the Plains,-7915.44,-3108.31,240,0,0,True,False,False
44017,passive_keystone_resolute_technique,Resolute Technique,-7860.53,2931.66,241,0,0,False,True,False
41147,armour42,Armour and  Applies to Lightning Damage,-7940.6,6790.76,242,2,14,False,False,False
23797,armour43,Armour and  Applies to Lightning Damage,-7716.58,6730.73,242,2,8,False,False,False
31370,armour44,Armour and  Applies to Lightning Damage,-8000.63,6566.73,242,2,20,False,False,False
32448,armour45_,Shockproof,-7776.6,6506.71,242,2,2,True,False,False
4621,oracle_beast_corruption1,Stun and Elemental Threshold,-7598.42,-9274.8,243,4,30,False,False,False
54297,oracle_beast_corruption10,Life Costs and Chaos Damage,-7419.8,-9453.42,243,4,24,False,False,False
24993,oracle_beast_corruption11_,Life Costs and Chaos Damage,-7519.81,-9783.87,243,3,5,False,False,False
43721,oracle_beast_corruption12,Life Costs and Chaos Damage,-7842.42,-10185.4,243,4,0,False,False,False
9554,oracle_beast_corruption13,Life Costs and Chaos Damage,-8485.14,-10236.7,243,6,62,False,False,False
11160,oracle_beast_corruption14,Relinquish Your Life,-7988.12,-10523.7,243,6,70,True,False,False
49769,oracle_beast_corruption15_,Corruption Endures,-7958.39,-9813.39,243,2,21,True,False,False
16332,oracle_beast_corruption2,Stun Threshold,-8381.72,-10340.1,243,6,64,False,False,False
1628,oracle_beast_corruption3_,Stun Threshold,-8265.04,-9941.42,243,4,60,False,False,False
57202,oracle_beast_corruption4,Stun Threshold,-7842.42,-9533.42,243,2,12,False,False,False
3681,oracle_beast_corruption5,Elemental Threshold,-8330.42,-9697.42,243,4,54,False,False,False
57386,oracle_beast_corruption6,Elemental Threshold,-7928.87,-9374.81,243,3,13,False,False,False
8723,oracle_beast_corruption7,Flesh Withstands,-8668.68,-9843.12,243,6,56,True,False,False
49258,oracle_beast_corruption8,Life Costs and Chaos Damage,-8086.42,-10120,243,4,66,False,False,False
25678,oracle_beast_corruption9,Life Costs and Chaos Damage,-7678.42,-9697.42,243,2,6,False,False,False
21374,oracle_beast_corruption_mastery1,Life Mastery,-8019.2,-9874.2,243,7,21,False,False,False
3446,strength70,Attribute,-7829.04,7089.12,244,0,0,False,False,False
51737,AscendancyMercenary2Small8_,Cooldown Recovery Rate,-7792.5,19985,245,0,0,False,False,False
4527,attributes51,Attribute,-7762.96,2567.51,246,0,0,False,False,False
20115,attributes80,Attribute,-7745.48,-2749.55,247,0,0,False,False,False
51812,mastery_attack_6302,Attack Mastery,-7735.13,-1427.91,248,0,0,False,False,False
62757,stun1,Stun Buildup,-7593.11,-1509.91,248,2,4,False,False,False
4673,stun13,Hulking Smash,-7877.16,-1345.91,248,2,16,True,False,False
10047,stun2,Stun Buildup,-7653.13,-1285.88,248,2,10,False,False,False
46741,stun3__,Stun Buildup,-7817.13,-1569.93,248,2,22,False,False,False
64807,slam_area1,Attack Area Damage and Area,-7870.72,1853.04,249,2,20,False,False,False
46674,slam_area2,Attack Area,-7870.72,2017.05,249,2,16,False,False,False
35921,slam_area3,Attack Area,-7728.69,2099.04,249,2,12,False,False,False
57405,slam_area4,Area Damage,-7646.69,1793.02,249,2,2,False,False,False
5642,slam_area5,Behemoth,-7586.67,2017.05,249,2,8,True,False,False
58855,mastery_armour_6293,Armour Mastery,-7717.94,1429.4,250,0,0,False,False,False
53527,stun17,Shattering Blow,-7711.19,1185.92,251,7,0,True,False,False
4985,stun18,Flip the Script,-7494.69,1560.92,251,7,8,True,False,False
64525,stun21,Easy Target,-7494.69,1310.92,251,7,4,True,False,False
45327,stun25_,Stun Buildup,-8000.45,1602.92,251,3,16,False,False,False
7204,stun6,Stun Buildup,-7711.19,1435.92,251,0,0,False,False,False
10251,stun8_,Stun Buildup,-7853.22,1517.92,251,2,16,False,False,False
35369,mana_regeneration16,Investing Energies,-7642.03,-4244.19,252,0,0,True,False,False
1459,mana_regeneration5,Mana Regeneration,-7642.03,-3994.19,252,7,12,False,False,False
47252,mana_regeneration6,Mana Regeneration,-7858.54,-4119.19,252,7,16,False,False,False
17282,mana_regeneration7_,Mana Regeneration,-7858.54,-4369.19,252,7,20,False,False,False
43579,mastery_mana_6599,Mana Mastery,-7724.03,-4244.19,252,1,9,False,False,False
2946,mastery_fire_resistance_6526,Fire Resistance Mastery,-7571.36,8131.27,253,1,1,False,False,False
62518,maximum_resistances1,Fire Resistance,-7289.75,8288.73,253,3,7,False,False,False
4547,maximum_resistances20,Unnatural Resilience,-7612.36,8202.29,253,0,0,True,False,False
41414,maximum_resistances5,Cold Resistance,-7677.07,7960.8,253,7,23,False,False,False
41363,maximum_resistances9,Lightning Resistance,-7267.3,7857.22,253,4,9,False,False,False
29197,oracle_archon_crit1,Archon Duration and Critical Damage,-7782.46,-5289.7,254,7,15,False,False,False
23436,oracle_archon_crit2,Archon Duration and Critical Damage,-7731.99,-4995.1,254,4,39,False,False,False
26300,oracle_archon_crit3,Archon Duration and Critical Damage,-7435.64,-4831.86,254,5,33,False,False,False
11428,oracle_archon_crit4,Exhaust All Power,-7447.27,-5424.03,254,2,7,True,False,False
15913,area_of_effect15,Area of Effect and Damage,-7727.56,-2078.61,255,2,16,False,False,False
7542,area_of_effect16,Encompassing Domain,-7443.51,-2242.61,255,2,4,True,False,False
36737,area_of_effect18,Area Damage,-7585.53,-2324.61,255,2,0,False,False,False
61362,area_of_effect19,Area Damage,-7727.56,-2242.61,255,2,20,False,False,False
28516,area_of_effect20,Area of Effect,-7443.51,-2078.61,255,2,8,False,False,False
32599,area_of_effect21,Area of Effect,-7585.53,-1996.61,255,2,12,False,False,False
17646,AscendancyMercenary2Notable2,"Judge, Jury, and Executioner",-7582.33,18924.2,256,0,0,True,False,False
51821,strength51,Attribute,-7574.92,-3386.05,257,0,0,False,False,False
31159,life_regeneration13_,Life Regeneration while Stationary,-7739.54,-4638.11,258,7,20,False,False,False
54962,life_regeneration14,Life Regeneration while Stationary,-7306.53,-4638.11,258,7,4,False,False,False
35849,life_regeneration16__,Thickened Arteries,-7523.03,-4513.11,258,0,0,True,False,False
46017,life_regeneration9,Life Regeneration while Stationary,-7523.03,-4763.11,258,7,0,False,False,False
12382,mastery_life128,Life Mastery,-7564.03,-4584.13,258,1,11,False,False,False
43653,cold20,Cold Damage,-7134.25,-1100.19,259,4,9,False,False,False
48171,cold21,Cold Damage,-7037.04,-961.363,259,4,13,False,False,False
26518,cold30,Cold Nature,-7273.08,-1197.4,259,4,5,True,False,False
40803,cold31,Sigil of Ice,-7007.94,-628.821,259,4,21,True,False,False
3218,elemental5,Elemental Damage,-6993.17,-797.657,259,4,17,False,False,False
58088,shield29,Block and Movement Penalty with Raised Shield,-7472.17,6582.06,260,4,36,False,False,False
16620,shield30,Movement Penalty with Raised Shield,-7305.17,6383.32,260,3,10,False,False,False
41442,shield31,Block and Stun Threshold,-7639.17,6383.32,260,3,14,False,False,False
21161,shield32,Movement Penalty with Raised Shield,-7149.56,6180.51,260,3,7,False,False,False
64324,shield33,Block and Stun Threshold,-7794.79,6180.51,260,3,17,False,False,False
10500,shield34,Dazing Blocks,-7049.55,5850.06,260,4,12,True,False,False
26479,shield35,Steadfast Resolve,-7894.8,5850.06,260,4,60,True,False,False
6900,shield36,Maximum Block,-7472.17,5437.06,260,5,0,False,False,False
45751,shield37,Frightening Shield,-7472.17,5930.06,260,2,0,True,False,False
9040,mastery_shield_6694_,Shield Mastery,-7472.17,6133.69,261,0,0,False,False,False
50616,mastery_attack1,Attack Mastery,-7470.27,4966.83,262,0,0,False,False,False
46665,mastery_life145,Flask Mastery,-7469.65,409.345,263,0,0,False,False,False
18505,slow_attacks10,Crushing Verdict,-7680.05,5085.9,264,7,16,True,False,False
18496,slow_attacks11,Lasting Trauma,-7463.54,5210.9,264,7,12,True,False,False
18073,slow_attacks2_,Attack Damage,-7338.54,4744.39,264,7,2,False,False,False
36027,slow_attacks3,Attack Damage,-7588.54,4744.39,264,7,22,False,False,False
49952,slow_attacks4,Ailment Effect,-7213.54,4960.9,264,7,6,False,False,False
45090,slow_attacks5,Attack Damage,-7705.03,4896.19,264,7,19,False,False,False
13856,slow_attacks6_,Ailment Effect,-7286.77,5137.67,264,7,9,False,False,False
24339,life_flasks38,Life Flasks,-7459.86,207.685,265,2,0,False,False,False
7060,life_flasks39,Life Flasks,-7601.89,289.685,265,2,20,False,False,False
28214,life_flasks40,Mana Flasks,-7317.84,289.685,265,2,4,False,False,False
1973,life_flasks41,Mana Flasks,-7317.84,453.685,265,2,8,False,False,False
8607,life_flasks42,Lavianga's Brew,-7459.86,621.685,265,7,12,True,False,False
53131,life_flasks43,Tukohama's Brew,-7676.37,496.685,265,7,16,True,False,False
39710,attributes54_,Attribute,-7441.19,-3885.12,266,0,0,False,False,False
52298,strength61_,Attribute,-7437.53,3131.16,267,0,0,False,False,False
53216,mastery_warcry252_,Life Mastery,-7437.53,3624.13,268,0,0,False,False,False
52126,stun_threshold25,Stun Threshold and Strength,-7437.53,3460.13,268,2,0,False,False,False
21885,stun_threshold27,Stun Threshold and Strength,-7562.53,3840.64,268,7,14,False,False,False
1352,stun_threshold31,Unbending,-7312.53,3840.64,268,7,10,True,False,False
45202,passive_keystone_ancestral_bond,Ancestral Bond,-7414.29,-8107.33,269,0,0,False,True,False
34317,mastery_elemental99,Elemental Mastery,-7383.29,-7035.15,270,0,0,False,False,False
8145,oracle1,Fire Penetration,-7465.29,-7035.15,270,1,9,False,False,False
2344,oracle12,Dimensional Weakspot,-7133.29,-7035.15,270,7,6,True,False,False
23331,oracle2,Fire Penetration,-7301.29,-7035.15,270,1,3,False,False,False
30959,oracle3,Cold Penetration,-7465.29,-6893.12,270,2,14,False,False,False
31778,oracle4,Cold Penetration,-7301.29,-6893.12,270,2,10,False,False,False
12992,oracle5,Lightning Penetration,-7465.29,-7177.17,270,2,22,False,False,False
16485,oracle6,Lightning Penetration,-7301.29,-7177.17,270,2,2,False,False,False
296,oracle7,Elemental Penetration,-7633.29,-7035.15,270,7,18,False,False,False
58295,strength45_,Attribute,-7224.82,2.995,271,2,4,False,False,False
47242,mastery_miniondefence179,Minion Offence Mastery,-7350.17,-6377.15,272,0,0,False,False,False
34493,sentinels1,Sentinels,-7234.2,-6261.18,272,2,9,False,False,False
48565,sentinels10,Bringer of Order,-7183.17,-6666.4,272,3,2,True,False,False
23078,sentinels11,Holy Protector,-7639.42,-6210.15,272,3,16,True,False,False
65328,sentinels2,Sentinels,-7268.17,-6519.17,272,2,2,False,False,False
54964,sentinels3,Sentinels,-7492.19,-6295.15,272,2,16,False,False,False
49593,sentinels4,Sentinels,-7526.94,-6553.92,272,7,21,False,False,False
4725,sentinels5,Sentinels,-7695.23,-6722.21,272,4,63,False,False,False
17229,sentinels9,Silent Guardian,-7113.99,-6140.97,272,3,9,True,False,False
26196,jewel_slot1977,[Jewel] Socket,-7344.38,-4246.42,273,0,0,False,False,True
40117,getting_hit11,Spiked Armour,-7080.42,2210.67,274,7,4,True,False,False
31848,getting_hit16,Thorns Ignore Armour,-7296.92,2085.67,274,7,0,False,False,False
1286,getting_hit17,Thorns,-7296.92,2585.67,274,7,12,False,False,False
21089,getting_hit18,Thorns Ignore Armour,-7513.43,2210.67,274,7,20,False,False,False
17903,getting_hit19_,Thorns,-7080.42,2460.67,274,7,8,False,False,False
54701,getting_hit20,Thorns,-7513.43,2460.67,274,7,16,False,False,False
64023,mastery_thorns308,Thorns Mastery,-7296.92,2335.67,274,0,0,False,False,False
24430,elemental9,Elemental Damage,-7495.15,-793.725,275,4,66,False,False,False
47191,fire1_,Fire Damage,-7709.71,-538.011,275,4,58,False,False,False
3601,fire2,Fire Damage,-7624.97,-684.785,275,4,62,False,False,False
8554,fire30,Burning Nature,-7739.15,-371.105,275,4,54,True,False,False
63037,fire31,Sigil of Fire,-7335.89,-851.691,275,4,70,True,False,False
50629,elemental3,Elemental Damage,-7241.96,-651.555,276,0,0,False,False,False
44298,mastery_elemental93,Elemental Mastery,-7240.77,-656.165,277,0,0,False,False,False
17725,criticals101,Bonded Precision,-7063.4,-2210.03,278,7,10,True,False,False
24420,criticals93_,Critical Chance,-7313.4,-2643.04,278,7,22,False,False,False
33829,criticals94,Critical Chance,-7063.4,-2643.04,278,7,2,False,False,False
18737,criticals95,Critical Chance,-6938.4,-2426.53,278,7,6,False,False,False
9221,mastery_critical_269,Critical Mastery,-7188.4,-2426.53,278,0,0,False,False,False
9442,wolf12,Warcry Speed,-7352.4,-2426.53,278,2,18,False,False,False
37260,wolf13_,Warcry Speed,-7230.84,-2268.12,278,2,13,False,False,False
30395,wolf14,Howling Beast,-7117.38,-2467.53,278,1,2,True,False,False
12232,channelling10,Channelling Damage and Defences,-7283.82,-3758.64,279,2,21,False,False,False
36556,channelling16_,Channelling Defences,-7167.85,-3478.67,279,2,12,False,False,False
872,channelling17,Channelling Defences,-7326.27,-3600.23,279,2,17,False,False,False
1502,channelling18,Draiocht Cleansing,-7167.85,-3642.67,279,0,0,True,False,False
11087,channelling6,Channelling Damage,-7125.41,-3801.09,279,2,1,False,False,False
42635,channelling7,Channelling Damage,-7003.85,-3642.67,279,2,6,False,False,False
19936,fire71,Fire Damage,-7152.71,-4265.26,280,0,0,False,False,False
28774,cast_speed1,Cast Speed,-6497.76,-9898.1,281,6,26,False,False,False
17505,cast_speed2,Cast Speed,-6720.98,-9710.8,281,6,30,False,False,False
52106,cast_speed3,Cast Speed,-6994.78,-9611.14,281,6,34,False,False,False
2999,cast_speed30,Final Barrage,-6352.07,-10150.4,281,6,22,True,False,False
44005,cast_speed31,Casting Cascade,-7286.17,-9611.14,281,6,38,True,False,False
10295,cast_speed33,Overzealous,-6811.98,-9868.42,281,5,30,True,False,False
27733,mastery_shield215,Caster Mastery,-6896.48,-10014.8,281,4,30,False,False,False
35966,life_recoup15,Heart Tissue,-6922.03,-5171.81,282,7,4,True,False,False
41105,life_recoup19,Life Recoup,-7138.53,-4796.81,282,7,12,False,False,False
38835,life_recoup32,Life Recoup Speed,-7355.04,-4921.81,282,7,16,False,False,False
4091,life_recoup34,Left Ventricle,-7355.04,-5171.81,282,7,20,True,False,False
38368,life_recoup6,Life Recoup,-7138.53,-5046.81,282,0,0,False,False,False
54288,life_recoup9,Life Recoup,-6922.03,-4921.81,282,7,8,False,False,False
44316,mastery_life146,Life Mastery,-7138.53,-4964.81,282,1,6,False,False,False
11048,minion_reservation10,Minion Damage and Duration,-7339.68,-9074.18,283,7,20,False,False,False
47420,minion_reservation2___,Expendable Army,-7205.17,-8949.18,283,1,9,True,False,False
53444,minion_reservation3_,Minion Duration,-6916.94,-8506.91,283,4,31,False,False,False
9065,minion_reservation6,Minion Damage,-6680.9,-8742.95,283,4,23,False,False,False
752,minion_reservation7_,Minion Damage and Duration,-7007.21,-8833.22,283,2,9,False,False,False
64653,minion_reservation8,Minion Damage,-7299.95,-8772.41,283,7,15,False,False,False
52676,minion_reservation9,Minion Duration,-6946.4,-9125.96,283,7,3,False,False,False
50062,energy_shield_and_armour13,Barrier of Venarius,-6998.06,-3208.51,284,2,2,True,False,False
64357,energy_shield_and_armour16_,Armour and Energy Shield,-6938.04,-2984.48,284,2,8,False,False,False
6416,energy_shield_and_armour4,Armour and Energy Shield,-7222.09,-3148.48,284,2,20,False,False,False
506,energy_shield_and_armour9,Armour and Energy Shield,-7162.06,-2924.46,284,2,14,False,False,False
37641,mastery_armour9,Armour and Energy Shield Mastery,-7080.06,-3066.48,284,0,0,False,False,False
23930,elemental8_,Elemental Damage,-7240.25,-363.325,285,4,40,False,False,False
30662,lightning1_,Lightning Damage,-6906.44,-363.325,285,4,32,False,False,False
45383,lightning3,Lightning Damage,-7073.34,-333.895,285,4,36,False,False,False
26291,lightning30,Electrifying Nature,-6759.66,-448.065,285,4,28,True,False,False
46024,lightning31,Sigil of Lightning,-7387.03,-448.065,285,4,44,True,False,False
65509,energy_shield_and_armour41,Armour Applies to Elemental Damage and Energy Shield Delay,-7237.17,-3365.02,286,3,22,False,False,False
41384,energy_shield_and_armour42,Armour Applies to Elemental Damage and Energy Shield Delay,-6780.92,-3242.76,286,3,4,False,False,False
51672,energy_shield_and_armour43,Armour Applies to Elemental Damage and Energy Shield Delay,-6903.17,-2786.51,286,3,10,False,False,False
31955,energy_shield_and_armour44,Voll's Protection,-7359.43,-2908.76,286,3,16,True,False,False
59093,intelligence71,Attribute,-7050.15,-8009.76,287,0,0,False,False,False
61973,AscendancyMercenary2Notable1,Pitiless Killer,-7583.45,19467.3,288,6,44,True,False,False
38601,AscendancyMercenary2Notable5,Obsessive Rituals,-6504.86,19467.3,288,6,28,True,False,False
43131,AscendancyMercenary2Small1,Damage vs Low Life Enemies,-7412.17,19835.7,288,8,40,False,False,False
40719,AscendancyMercenary2Small2,Damage vs Low Life Enemies,-7582.34,19201.4,288,5,47,False,False,False
61897,AscendancyMercenary2Small5,Armour and Evasion,-6676.14,19835.7,288,8,32,False,False,False
34501,AscendancyMercenary2Small6,Armour and Evasion,-6505.97,19201.4,288,5,25,False,False,False
7120,AscendancyMercenary2Start,Witchhunter,-7044.15,20144.6,288,9,72,False,False,False
25172,AscendancyMercenary2Small3,Cooldown Recovery Rate,-7044.15,19873.9,289,0,0,False,False,False
46535,AscendancyMercenary2Notable4,No Mercy,-7039.8,18924.2,290,0,0,True,False,False
32559,AscendancyMercenary2Small4,Cooldown Recovery Rate,-7039.8,19226.1,291,0,0,False,False,False
3704,AscendancyMercenary2Notable3_,Witchbane,-7039.8,19507,292,0,0,True,False,False
52993,oracle_glory_elemental1,Elemental Damage,-6821.89,-1824.91,293,7,4,False,False,False
9414,oracle_glory_elemental2_,Elemental Damage,-7154.36,-1815.87,293,2,21,False,False,False
32768,oracle_glory_elemental3_,Glory Generation,-7196.81,-1657.46,293,2,17,False,False,False
8107,oracle_glory_elemental4,Glory Generation,-6913.4,-1483.4,293,7,10,False,False,False
18081,oracle_glory_elemental5_,Call Upon the Deep,-6715.78,-1613.46,293,3,7,True,False,False
14980,oracle_glory_elemental_mastery1,Elemental Mastery,-7038.4,-1699.91,293,0,0,False,False,False
25229,endurance_charges1_,Endurance Charge Duration,-7167.44,7327.4,294,2,20,False,False,False
7972,endurance_charges2,Endurance Charge Duration,-6883.39,7327.4,294,2,4,False,False,False
21390,endurance_charges3,Endurance Charge Duration,-7025.42,7573.4,294,2,12,False,False,False
5663,endurance_charges7,Endurance,-7025.42,7409.4,294,0,0,True,False,False
62498,attributes6,Attribute,-7025.42,7906.98,295,0,0,False,False,False
12255,life_flasks33,Life Flasks,-7025.42,8343.21,296,2,0,False,False,False
989,life_flasks34,Life Flasks,-7167.44,8425.21,296,2,20,False,False,False
26416,life_flasks35,Life Flasks,-7167.44,8589.21,296,2,16,False,False,False
27740,life_flasks36,Rage on Hit,-6861.42,8507.21,296,2,6,False,False,False
35792,life_flasks37,Blood of Rage,-7025.42,8671.21,296,2,12,True,False,False
1040,fire73,Fire Damage,-6981.11,-4477.76,297,0,0,False,False,False
13693,cold58,Rhythm of Ice,-6958.05,-4267.12,298,0,0,True,False,False
45632,mana16,Mind Eraser,-7179.99,-5604.12,299,7,19,True,False,False
25503,mana5,Mana Regeneration,-7155.01,-5414.42,299,7,16,False,False,False
27068,mana6,Mana Regeneration,-7063.5,-5322.91,299,7,14,False,False,False
35831,mana7,Mana Regeneration,-6761.73,-5362.64,299,7,9,False,False,False
27388,mana_regeneration20,Aspiring Genius,-7003.21,-5780.9,299,7,23,True,False,False
28578,mana_regeneration3,Mana Regeneration and Critical Chance,-6813.5,-5755.92,299,7,2,False,False,False
904,mana_regeneration4,Mana Regeneration and Critical Chance,-6722,-5664.42,299,7,4,False,False,False
24551,mastery_mana_6596,Mana Mastery,-6938.5,-5539.42,299,0,0,False,False,False
26725,jewel_slot1956,[Jewel] Socket,-6934.34,4002.72,300,0,0,False,False,True
31805,duration1_,Increased Duration,-7144.51,3057.29,301,3,15,False,False,False
44461,duration3,Increased Duration,-7085.11,2644.34,301,7,21,False,False,False
54998,duration5,Protraction,-6749.92,2778.67,301,2,5,True,False,False
29041,duration_spells2,Slow Effect on You,-6908.33,3155.11,301,3,12,False,False,False
31388,duration_spells3,Slow Effect on You,-6585.72,2907.56,301,3,7,False,False,False
51394,duration_spells4,Unimpeded,-6741.33,2531.86,301,3,2,True,False,False
29993,mastery_duration91,Duration Mastery,-6979.35,2862.11,301,1,8,False,False,False
43778,jagged_ground1,Bleed Chance,-6735.9,6366.13,302,3,2,False,False,False
36894,jagged_ground2,Bleed Chance,-7192.15,6488.38,302,3,20,False,False,False
17330,jagged_ground25,Perforation,-6945.34,6496.97,302,2,23,True,False,False
3698,jagged_ground26,Spike Pit,-6860.45,6813.8,302,2,11,True,False,False
61938,jagged_ground3,Jagged Ground Effect,-7069.9,6944.64,302,3,14,False,False,False
14515,jagged_ground4,Jagged Ground Effect,-6613.64,6822.38,302,3,8,False,False,False
61927,jagged_ground5,Jagged Ground Effect,-6744.48,6612.94,302,2,5,False,False,False
33137,jagged_ground6,Bleed Damage,-7061.31,6697.83,302,2,17,False,False,False
21568,attributes52,Attribute,-6880.96,-4712.38,303,0,0,False,False,False
1170,area_attacks12,Area Damage,-7029.15,699.073,304,3,22,False,False,False
53089,area_attacks13,Attack Area,-6862.15,1152.32,304,2,12,False,False,False
16626,area_attacks27,Impact Area,-7004.17,906.325,304,2,20,True,False,False
64443,area_attacks29,Impact Force,-6572.89,1155.33,304,3,8,True,False,False
41126,area_attacks6__,Area Damage,-6572.89,821.325,304,3,4,False,False,False
10474,area_attacks7,Attack Area,-6862.15,1322.32,304,3,12,False,False,False
53785,area_attacks8,Attack Area,-7196.15,988.325,304,3,18,False,False,False
9918,area_attacks9,Area Damage,-6720.12,906.325,304,2,4,False,False,False
62023,mastery_attack12,Attack Mastery,-6862.15,988.325,304,0,0,False,False,False
21127,mastery_totem_6748,Totem Mastery,-6605.4,-7032.97,305,4,30,False,False,False
35974,totems19,Totem Life,-6931.4,-7597.62,305,2,22,False,False,False
51105,totems21,Spirit Bond,-6808.4,-7384.58,305,1,5,True,False,False
5398,totems31,Totem Cast Speed,-6764.66,-6975.01,305,4,34,False,False,False
22484,totems32,Totem Cast Speed,-7099.4,-7455.59,305,7,18,False,False,False
51820,totems33_,Ancestral Conduits,-6429.9,-6729,305,6,30,True,False,False
38124,totems35,Totem Damage,-6475.58,-7141.91,305,4,26,False,False,False
6355,totems36,Totem Damage,-6724.4,-7672.1,305,7,2,False,False,False
14110,totems37,Totem Damage,-7016.4,-7744.85,305,3,22,False,False,False
48979,totems52_,Totem Life,-6682.4,-7166.34,305,3,10,False,False,False
48935,oracle_flat_lightning1,Attack Added Lighting Damage,-6610.4,-475.569,306,3,3,False,False,False
61367,oracle_flat_lightning2,Attack Added Lighting Damage,-6764.57,-97.3668,306,2,10,False,False,False
64239,oracle_flat_lightning3_,Innate Rune,-7004.99,-196.949,306,2,17,True,False,False
2733,oracle_lightning_mastery1,Lightning Mastery,-6846.57,-239.395,306,0,0,False,False,False
16249,AscendancyMercenary1Notable2,Watch How I Do It,-6825.59,16355.7,307,0,0,True,False,False
50757,mastery_evasion108,Evasion Mastery,-6813.53,-3551.71,308,0,0,False,False,False
62303,slow_mitigation17,Ailment Threshold and Slow Effect on You,-6878.24,-3793.2,308,7,23,False,False,False
33045,slow_mitigation18,Ailment Threshold and Slow Effect on You,-7093.44,-3951.46,308,4,65,False,False,False
59938,slow_mitigation19_,Against the Elements,-6813.53,-3551.71,308,0,0,True,False,False
8553,cold52,Cold Damage,-6788.28,-4451.88,309,0,0,False,False,False
34331,elemental19,Fire and Cold Damage,-6782.96,-4268.65,310,0,0,False,False,False
20390,mastery_elemental_6472,Elemental Mastery,-6782,-4265.36,311,0,0,False,False,False
290,fire72,Fire Damage,-6781.38,-4090.54,312,0,0,False,False,False
40511,oracle_forbidden_path1_,Minion Life,-6536.72,-6333.67,313,7,4,False,False,False
58368,oracle_forbidden_path2,Minion Life,-6753.23,-6458.67,313,7,0,False,False,False
29985,oracle_forbidden_path3,Minion Damage,-6878.23,-5992.16,313,7,14,False,False,False
61113,oracle_forbidden_path4,Minion Damage,-6628.23,-5992.16,313,7,10,False,False,False
53910,oracle_forbidden_path5,Forbidden Path,-6753.23,-6208.67,313,0,0,True,False,False
9212,oracle_forbidden_path_mastery1,Minion Mastery,-6671.23,-6208.67,313,1,3,False,False,False
25031,mastery_warcry250,Warcry Mastery,-6714.29,9037.67,314,0,0,False,False,False
17999,warcries29,Warcry Cooldown and Speed,-6497.79,8912.67,314,7,4,False,False,False
63979,warcries32,Warcry Cooldown,-6497.79,9162.67,314,7,8,False,False,False
9750,warcries33,Warcry Cooldown,-6714.29,9287.67,314,7,12,False,False,False
1169,warcries34,Urgent Call,-6930.8,9162.67,314,7,16,True,False,False
42026,warcries35,Warcry Speed,-6714.29,8787.67,314,7,0,False,False,False
63813,warcries37,Warcry Speed,-6930.8,8912.67,314,7,20,False,False,False
11464,oracle_movement_cooldown1,Movement Speed,-7502.73,-1193.34,315,6,54,False,False,False
27405,oracle_movement_cooldown2,Cooldown Recovery Rate,-7281.1,-1418.05,315,5,58,False,False,False
30781,oracle_movement_cooldown3_,Movement Speed,-6997.73,-1193.34,315,3,18,False,False,False
63772,oracle_movement_cooldown4,Cooldown Recovery Rate,-6728.43,-1434.83,315,7,23,False,False,False
37888,oracle_movement_cooldown5_,Limitless Pursuit,-6329.73,-1193.34,315,3,6,True,False,False
29663,oracle_movement_cooldown_mastery1,Movement Mastery,-6499.73,-1193.34,315,2,6,False,False,False
5800,accuracy41,Attack Damage and Accuracy,-6629.67,5053.33,316,7,0,False,False,False
45075,accuracy42,Attack Damage and Accuracy,-6413.16,5428.33,316,7,8,False,False,False
43149,accuracy43_,Attack Damage and Accuracy,-6771.69,5221.33,316,2,20,False,False,False
43507,accuracy44,Attack Damage and Accuracy,-6629.67,5467.33,316,2,12,False,False,False
40292,accuracy45_,Nimble Strength,-6558.65,5262.33,316,1,2,True,False,False
32560,AscendancyMercenary1Small3,Presence Area,-6614.09,16722,317,0,0,False,False,False
37619,fire76,Rhythm of Fire,-6598.9,-4269.04,318,0,0,True,False,False
25890,power_charges13,Recover Mana on consuming Power Charge,-6744.5,-8082.38,319,2,18,False,False,False
26863,power_charges14,Recover Mana on consuming Power Charge,-6498.5,-7940.35,319,2,10,False,False,False
54378,power_charges15,Recover Mana on consuming Power Charge,-6498.5,-8224.4,319,2,2,False,False,False
58198,power_charges16,Well of Power,-6580.5,-8082.38,319,0,0,True,False,False
51328,cold54,Cold Damage,-6534.71,-4055.73,320,0,0,False,False,False
6935,AscendancyMercenary2Notable6,Ceremonial Ablution,-6505.98,18924.2,321,0,0,True,False,False
10371,AscendancyMercenary1Notable3,Whoever Pays Best,-6504.61,16313.4,322,0,0,True,False,False
11248,intelligence75_,Attribute,-6473.32,-5120.01,323,0,0,False,False,False
53921,stun_threshold12,Unbreaking,-7025.59,5465.59,324,5,48,True,False,False
40596,stun_threshold19___,Stun Threshold,-6456.61,5794.09,324,5,36,False,False,False
58838,stun_threshold21,Stun Threshold,-7025.59,4808.59,324,5,60,False,False,False
22975,attributes58,Attribute,-6409.48,4911.79,325,0,0,False,False,False
15044,AscendancyMercenary1Notable1,A Solid Plan,-6402.59,17088.3,326,0,0,True,False,False
22270,accuracy50,Accuracy,-6444.33,-5465.1,327,2,13,False,False,False
1144,accuracy51,Accuracy,-6243.47,-5581.07,327,2,7,False,False,False
12471,accuracy52,Attack Elemental Damage,-6560.3,-5665.96,327,2,19,False,False,False
19942,accuracy53,Attack Elemental Damage,-6359.44,-5781.93,327,2,1,False,False,False
42070,accuracy54_,Saqawal's Guidance,-6401.88,-5623.51,327,0,0,True,False,False
26148,mastery_accuracy2,Accuracy Mastery,-6401.88,-5623.51,327,0,0,False,False,False
37415,cold53_,Cold Damage,-6394.63,-4266.42,328,0,0,False,False,False
21861,auras12,Presence Area,-6555.25,-308.275,329,2,18,False,False,False
52807,auras13,Presence Area,-6309.25,-166.247,329,2,10,False,False,False
61836,auras14,Aura Effect,-6249.23,-390.275,329,2,4,False,False,False
60551,auras15_,Presence Area,-6473.25,-166.247,329,2,14,False,False,False
65243,auras17,Enveloping Presence,-6473.25,-450.303,329,2,22,True,False,False
46421,mastery_aura_6309,Aura Mastery,-6391.25,-308.275,329,0,0,False,False,False
3663,DeliriumAnoint_KaomsBlessing,Kaom's Blessing,-6370.88,-1832.43,330,0,0,True,False,False
43711,getting_hit14,Thornhide,-6534.69,420.575,331,2,18,True,False,False
5544,getting_hit22,Thorn Critical Damage,-6288.69,562.603,331,2,10,False,False,False
14459,getting_hit23,Thorn Critical Damage,-6288.69,278.547,331,2,2,False,False,False
45354,auras26,Aura Effect,-6533.67,-4773.94,332,2,18,False,False,False
64948,auras27,Aura Effect,-6253.7,-4657.97,332,2,9,False,False,False
48264,auras29,Aura Effect,-6327.22,-4932.35,332,2,1,False,False,False
12964,auras30,Lone Warrior,-6369.67,-4773.94,332,0,0,True,False,False
38921,mastery_shield213,Block Mastery,-6311.2,4342.98,333,2,1,False,False,False
49023,shield21,Shield Block,-6353.65,4583.4,333,1,6,False,False,False
49198,shield22,Shield Block,-6478.65,4284.89,333,7,22,False,False,False
12817,shield23,Shield Defences,-6137.14,4376.4,333,7,4,False,False,False
22967,shield25,Vigilance,-6267.2,4178.78,333,3,1,True,False,False
34187,physical63,Plant Skill Damage,-6770.93,-6728.17,334,4,60,False,False,False
20848,physical64,Plant Skill Damage,-6131.8,-6359.17,334,7,8,False,False,False
32239,physical65,Plant Skill Damage,-6261.86,-6806.78,334,3,1,False,False,False
16721,physical66,Plant Skill Damage,-6348.3,-6484.17,334,0,0,False,False,False
9009,physical67,Return to Nature,-6291.04,-7138.67,334,5,1,True,False,False
7128,physical68__,Dangerous Blossom,-6941.57,-7077.43,334,6,63,True,False,False
18270,physical69,Plant Skill Damage,-7002.8,-6541.43,334,5,55,False,False,False
45874,physical70_,Proliferating Weeds,-6917.28,-6155.67,334,5,48,True,False,False
38596,focus3,Curse Effect on Self,-6300.11,-8244.85,335,0,0,False,False,False
18678,AscendancySorceress2Small1,Buff Expiry Rate,-6298.25,-15856.2,336,0,0,False,False,False
63002,AscendancySorceress2Small2,Buff Expiry Rate,-6298.25,-13652.4,337,0,0,False,False,False
42845,AscendancyMercenary1Small2,Banner Area,-6293.11,16679.7,338,0,0,False,False,False
20830,AscendancyMercenary2Small7,Area of Effect,-6266.69,19985,339,0,0,False,False,False
32777,mastery_shapeshifting_6683,Shapeshifting Mastery,-6355.24,-3106.76,340,2,15,False,False,False
17625,shapeshifting14,Rage on Hit,-6062.5,-3045.95,340,7,9,False,False,False
59710,shapeshifting15,Shapeshifting Spell Damage,-6416.05,-3399.5,340,7,21,False,False,False
21567,shapeshifting16,Shapeshifting Spell Damage,-6303.98,-3464.21,340,7,23,False,False,False
18822,shapeshifting17,Damage,-6280.27,-3151.71,340,1,7,False,False,False
10873,shapeshifting18,Bestial Rage,-6239.27,-2888.72,340,3,12,True,False,False
52618,shapeshifting19,Boon of the Beast,-6573.27,-3222.72,340,3,18,True,False,False
47790,shapeshifting4,Rage on Hit,-5997.79,-3158.02,340,7,7,False,False,False
39621,rage11,Later Rage Loss Start,-6234.38,3368.19,341,0,0,False,False,False
14176,rage12,Later Rage Loss Start,-6376.4,3450.19,341,2,16,False,False,False
18004,rage13,Later Rage Loss Start,-6556.99,3281.75,341,3,19,False,False,False
8881,rage14_,Unforgiving,-6722.38,3368.19,341,4,54,True,False,False
11014,mastery_totem_6148,Totem Mastery,-6210.4,7289.19,342,0,0,False,False,False
16784,totems12_,Totem Life,-6435.1,6671.82,342,5,68,False,False,False
26339,totems14,Ancestral Artifice,-6210.4,7207.19,342,1,0,True,False,False
62609,totems15,Ancestral Unity,-5960.4,7289.19,342,7,6,True,False,False
18419,totems34,Ancestral Mending,-6460.4,7289.19,342,7,18,True,False,False
25312,totems43,Totem Damage,-6210.4,7946.19,342,5,36,False,False,False
24259,totems44,Totem Attack Speed,-5985.69,7906.57,342,5,32,False,False,False
23667,totems45,Totem Life,-6435.1,7906.57,342,5,40,False,False,False
64405,totems48_,Totem Damage,-6210.4,7623.19,342,3,12,False,False,False
31650,totems49,Totem Damage,-6210.4,6632.19,342,5,0,False,False,False
16051,totems51,Totem Attack Speed,-5985.69,6671.82,342,5,4,False,False,False
31017,totems53,Totem Damage,-6210.4,6955.19,342,3,0,False,False,False
51561,strength71,Attribute,-6210.4,8758.64,343,0,0,False,False,False
23382,intelligence41__,Attribute,-6208.88,-8867.25,344,0,0,False,False,False
19674,slams4,Attack Area Damage and Area,-6036.21,3652.89,345,3,2,False,False,False
10731,AscendancySorceress2Notable8,Quicksand Hourglass,-6196.33,-15418.6,346,0,0,True,False,False
27439,strength73,Attribute,-6186.82,5297.48,347,0,0,False,False,False
11786,armour46,Armour,-6009.53,9212.65,348,2,5,False,False,False
7716,armour47,Armour,-6210.39,9096.68,348,2,23,False,False,False
29447,armour48,Armour,-6125.5,9413.51,348,2,11,False,False,False
18157,armour49,Tempered Defences,-6326.36,9297.54,348,2,17,True,False,False
29162,AscendancyMercenary1Small1,Spirit,-6162.88,17328,349,0,0,False,False,False
8982,chill_and_freeze26,Freeze Buildup and Skill Effect Duration,-6160.01,-9175.97,350,3,12,False,False,False
58926,chill_and_freeze27,Freeze Buildup,-6376.52,-9384.97,350,7,16,False,False,False
64572,chill_and_freeze28,Freeze Buildup,-6376.52,-9634.97,350,7,20,False,False,False
14952,chill_and_freeze29,Skill Effect Duration,-5943.51,-9384.97,350,7,8,False,False,False
21985,chill_and_freeze30,Skill Effect Duration,-5943.51,-9634.97,350,7,4,False,False,False
48925,chill_and_freeze31_,Blessing of the Moon,-6160.01,-9759.97,350,7,0,True,False,False
54887,mastery_projectile203,Cold Mastery,-6160.01,-9509.97,350,0,0,False,False,False
3363,companions43,Minion Life,-6074.1,-5852.37,351,2,11,False,False,False
38433,companions44,Minion Life,-6274.96,-5968.34,351,2,17,False,False,False
4970,companions47,Life and Mana Regeneration Rate,-5958.13,-5968.34,351,2,7,False,False,False
23195,companions48,Life and Mana Regeneration Rate,-6074.1,-6169.2,351,2,1,False,False,False
55375,companions50,Licking Wounds,-6232.51,-6126.75,351,2,21,True,False,False
62748,mastery_life148,Life Mastery,-6116.54,-6010.78,351,0,0,False,False,False
41493,slams1,Attack Area Damage and Area,-6116.29,3951.76,352,0,0,False,False,False
31925,focus5,Warding Fetish,-6073,-8397.31,353,0,0,True,False,False
35408,focus1,Focus Energy Shield,-6212.5,-8611.42,354,2,16,False,False,False
24767,focus4,Focus Energy Shield,-5928.45,-8611.42,354,2,8,False,False,False
41180,mastery_shapeshifting_6682,Shapeshifting Mastery,-6051.67,-646.185,355,0,0,False,False,False
6222,shapeshifting1,Shapeshifted Damage,-5986.97,-404.704,355,7,11,False,False,False
17260,shapeshifting11,Piercing Claw,-5884.67,-935.438,355,3,2,True,False,False
61703,shapeshifting12,Sharpened Claw,-6340.93,-813.185,355,3,20,True,False,False
9037,shapeshifting2,Shapeshifted Skill Speed,-6094.12,-804.597,355,2,23,False,False,False
57608,shapeshifting3,Shapeshifted Physical Damage,-6167.64,-530.219,355,2,15,False,False,False
32353,shapeshifting5,Swift Claw,-6138.12,-968.804,355,3,23,True,False,False
65189,shapeshifting7,Shapeshifted Elemental Penetration,-5893.26,-603.739,355,2,7,False,False,False
29126,oracle_shapeshifting_path1,Shapeshifted Elemental Damage,-6161.75,-1297.56,356,7,14,False,False,False
28770,oracle_shapeshifting_path2_,Shapeshifted Elemental Damage,-5911.75,-1730.57,356,7,2,False,False,False
479,oracle_shapeshifting_path3,Hidden Forms,-6036.75,-1514.07,356,0,0,True,False,False
21017,criticals68,Critical Chance,-6026.21,540.885,357,5,0,False,False,False
26969,criticals69,Critical Chance,-6152.52,726.513,357,4,69,False,False,False
16861,criticals70,Critical Chance,-6193.21,908.632,357,3,22,False,False,False
55789,criticals71,Critical Damage,-5899.91,726.513,357,4,3,False,False,False
41665,criticals72,Critical Damage,-5859.21,908.633,357,3,2,False,False,False
27303,criticals73,Vulgar Methods,-6242.72,1322.89,357,7,16,True,False,False
50562,criticals74,Barbaric Strength,-5809.71,1322.89,357,7,8,True,False,False
43142,mastery_critical_6415,Critical Mastery,-6026.21,1197.89,357,0,0,False,False,False
14654,strength2,Attribute,-6014.13,3.995,358,0,0,False,False,False
54838,AscendancyMercenary1Notable5,Right Where We Want Them,-6008.35,16013.6,359,0,0,True,False,False
4245,AscendancyMercenary1Small4,Pin Buildup,-6008.35,16436.6,360,0,0,False,False,False
44746,AscendancyMercenary1Notable4_,Suppressing Fire,-6008.35,16859.6,361,0,0,True,False,False
28153,AscendancySorceress2Notable4,Phased Form,-5984.28,-14757.2,362,0,0,True,False,False
35977,mastery_warcry251,Warcry Mastery,-5982.73,2748.83,363,0,0,False,False,False
38130,warcries19_,Warcry Cooldown Speed,-5982.73,3082.83,363,3,12,False,False,False
53194,warcries20,Warcry Cooldown Speed,-6124.76,2830.83,363,2,16,False,False,False
35876,warcries21,Admonisher,-6124.76,2666.83,363,2,20,True,False,False
27540,warcries22,Warcry Power Counted,-6069.18,2426.22,363,3,23,False,False,False
62216,warcries23,Empowered Attack Damage,-5840.71,2830.83,363,2,8,False,False,False
26070,warcries24,Bolstering Yell,-5840.71,2666.83,363,2,4,True,False,False
62973,warcries28,Warcry Power Counted,-5896.29,2426.22,363,3,1,False,False,False
57703,attributes32,Attribute,-5982.73,3453.31,364,0,0,False,False,False
37078,AscendancyMercenary2Notable7,Zealous Inquisition,-5960.33,19204.3,365,0,0,True,False,False
56342,rage4,Rage when Hit,-5952.13,8688.45,366,0,0,False,False,False
7341,rage5,Ignore Pain,-5946.57,8472.91,367,0,0,True,False,False
49938,strength13,Attribute,-5945.28,-3432.51,368,0,0,False,False,False
46522,AscendancyMercenary1Small5_,Pin Buildup,-5920.61,17187,369,0,0,False,False,False
50253,slams5,Aftershocks,-5918.9,4065.73,370,0,0,True,False,False
26638,AscendancySorceress2Notable1_,Footprints in the Sand,-5917.63,-13652.4,371,0,0,True,False,False
64318,elemental1,Elemental Penetration,-5745.67,-7959.35,372,3,2,False,False,False
5088,elemental10,Elemental,-6246.67,-7670.09,372,3,18,False,False,False
55101,elemental11_,Elemental Damage,-5912.67,-7336.09,372,3,12,False,False,False
43893,elemental12,Elemental Damage,-5745.67,-7380.84,372,3,10,False,False,False
26739,elemental13,Elemental Damage,-5623.41,-7503.09,372,3,8,False,False,False
61063,elemental2,Elemental Penetration,-5912.67,-8004.09,372,3,0,False,False,False
38535,elemental33,Stormcharged,-6156.67,-8092.72,372,4,66,True,False,False
7777,elemental37_,Breaking Point,-5424.67,-7670.09,372,4,18,True,False,False
58016,elemental39,All Natural,-6156.67,-7247.47,372,4,42,True,False,False
22873,elemental4,Elemental Penetration,-5623.41,-7837.09,372,3,4,False,False,False
16596,elemental6,Speed with Elemental Skills,-6201.92,-7837.09,372,3,20,False,False,False
49537,elemental7,Speed with Elemental Skills,-6201.92,-7503.09,372,3,16,False,False,False
42205,mastery_elemental_6477,Elemental Mastery,-5912.67,-7670.09,372,0,0,False,False,False
46380,power_charges10,Energy Shield if Consumed Power Charge,-5968.61,-5395.76,373,2,22,False,False,False
21327,power_charges11,Energy Shield if Consumed Power Charge,-5968.61,-5111.71,373,2,14,False,False,False
56876,power_charges12,Energy Shield if Consumed Power Charge,-5722.61,-5253.73,373,2,6,False,False,False
1104,power_charges7,Lust for Power,-5886.61,-5253.73,373,0,0,True,False,False
23879,mastery_shapeshifting_6688,Shapeshifting Mastery,-5885.4,-2365.38,374,0,0,False,False,False
51743,shapeshifting23,Shapeshifting Attack Damage,-5885.4,-2853.38,374,4,0,False,False,False
42452,shapeshifting24_,Shapeshifting Attack Damage,-5556.9,-2934.36,374,5,6,False,False,False
57617,shapeshifting26,Shifted Strikes,-5885.4,-2365.38,374,0,0,True,False,False
41620,shapeshifting27,Bear's Roar,-5562.78,-2451.83,374,3,5,True,False,False
35417,shapeshifting28,Wyvern's Breath,-5971.84,-2042.77,374,3,13,True,False,False
57921,shapeshifting29,Wolf's Howl,-6121.57,-2601.56,374,3,21,True,False,False
16506,shapeshifting30,Shapeshifting Elemental Ailment Chance,-5760.4,-2148.88,374,7,10,False,False,False
14996,shapeshifting31,Shapeshifting Stun Buildup,-5760.4,-2581.89,374,7,2,False,False,False
37509,shapeshifting8,Shapeshifting Critical Hit Chance,-6135.4,-2365.38,374,7,18,False,False,False
44872,attributes79,Attribute,-5846.29,-5740.53,375,0,0,False,False,False
36474,focus2,Curse Effect on Self,-5842.29,-8243.17,376,0,0,False,False,False
62948,mastery_armour_and_energy_shield_6276,Armour and Energy Shield Mastery,-5841.98,-6866.01,377,0,0,False,False,False
42035,AscendancySorceress2Notable3,Inevitability,-5910.66,-15367,378,2,15,True,False,False
10987,AscendancySorceress2Notable5,Now and Again,-5678.73,-15367,378,2,9,True,False,False
50219,AscendancySorceress2Small3,Area of Effect,-5910.66,-15598.9,378,2,21,False,False,False
54194,AscendancySorceress2Small4,Cast Speed,-5678.73,-15598.9,378,2,3,False,False,False
22147,AscendancySorceress2Start,Chronomancer,-5794.69,-15863.3,379,9,0,False,False,False
36252,AscendancyMercenary1Start,Tactician,-5780.33,17710.6,380,6,36,False,False,False
9884,fire78_,Fire Damage,-5779.01,-8993.83,381,0,0,False,False,False
51795,fire22,Flammability Magnitude and Fire Damage,-5766.42,-3804.17,382,7,12,False,False,False
32271,fire23,Flammability Magnitude,-5943.19,-3877.4,382,7,15,False,False,False
54311,fire24,Flammability Magnitude,-5930.42,-4054.17,382,2,18,False,False,False
28482,fire28_,Total Incineration,-5701.71,-4295.66,382,7,1,True,False,False
53632,fire29_,Fire Damage,-5624.39,-3972.17,382,2,8,False,False,False
19846,mastery_fire6171,Fire Mastery,-5766.42,-3972.17,382,1,6,False,False,False
43128,AscendancySorceress2Small8,Skill Speed and Area of Effect,-6153.54,-15646.9,383,4,60,False,False,False
40377,energy_shield_and_armour21,Armour Applies to Elemental Damage and Energy Shield Delay,-5557.5,-6454.26,384,3,10,False,False,False
7554,energy_shield_and_armour22,Energy Shield Delay and Armour Applies to Elemental Damage,-5810.94,-6420.9,384,3,13,False,False,False
23039,energy_shield_and_armour23,Energy Shield Delay and Armour Applies to Elemental Damage,-6013.75,-6576.51,384,3,16,False,False,False
64770,energy_shield_and_armour24,"Morgana, the Storm Seer",-6047.11,-6829.96,384,3,19,True,False,False
46318,energy_shield_and_armour38,Armour Applies to Elemental Damage and Energy Shield Delay,-5401.88,-6657.07,384,3,7,False,False,False
32964,energy_shield_and_armour39,Armour Applies to Elemental Damage and Energy Shield Delay,-5488.32,-6979.69,384,3,3,False,False,False
34617,energy_shield_and_armour40,Conall the Hunted,-5810.94,-7066.13,384,3,23,True,False,False
8600,attributes82,Attribute,-5721.96,6102.63,385,0,0,False,False,False
32952,AscendancyMercenary3Notable2_1,Bolstering Implants,-5710.96,18767.6,386,0,0,False,False,False
62015,mastery_warcry253,Warcry Mastery,-5694.65,5052.28,387,0,0,False,False,False
7668,warcries14_,Internal Bleeding,-5578.69,4936.32,387,2,3,True,False,False
21982,warcries2,Empowered Attack Damage and Bleeding Chance,-5858.65,5052.28,387,2,18,False,False,False
47371,warcries4,Empowered Attack Damage and Bleeding Chance,-5776.65,4910.26,387,2,22,False,False,False
64870,armour13_,Armour and Applies to Fire Damage,-5677.8,5511.25,388,0,0,False,False,False
34090,armour15,Armour and Applies to Fire Damage,-5677.8,5261.25,388,7,0,False,False,False
14655,armour16,Armour and Applies to Fire Damage,-5441.63,5275.08,388,3,3,False,False,False
372,armour17,Heatproof,-5427.8,5511.25,388,7,6,True,False,False
54340,mastery_armour10,Armour Mastery,-5561.84,5395.29,388,2,3,False,False,False
61471,oracle_damage_and_minions1,Damage and Minion Damage,-6090.58,-4424.52,389,4,60,False,False,False
61977,oracle_damage_and_minions2,Damage and Minion Damage,-6155.96,-4180.52,389,4,54,False,False,False
15580,oracle_damage_and_minions3,Damage and Minion Damage,-6090.58,-3936.52,389,4,48,False,False,False
49153,oracle_damage_and_minions4,Comradery,-5911.96,-4603.15,389,4,66,True,False,False
58747,AscendancySorceress2Notable2,Ultimate Command,-5654.84,-13652,390,0,0,True,False,False
54892,AscendancyMercenary1Small7_,Armour and Evasion,-5640.01,17186.9,391,0,0,False,False,False
3605,AscendancySorceress2Notable6,Unbound Encore,-5622.31,-14757.2,392,0,0,True,False,False
37397,AscendancyMercenary3Notable2_3_,Neurological Implants,-5601.84,18578.6,393,0,0,False,False,False
60287,AscendancyMercenary3Notable2,Implanted Gems,-5601.84,18704.6,394,0,0,True,False,False
7960,jewel_slot1969,[Jewel] Socket,-5526.84,-9525.56,395,1,2,False,False,True
40550,mastery_totem_6749,Totem Mastery,-5585.44,-1009.46,396,4,0,False,False,False
46205,totems2,Totem Damage,-5585.44,-855.455,396,3,0,False,False,False
41615,totems22,Totem Placement Speed,-5460.44,-304.949,396,7,10,False,False,False
49192,totems23,Totem Placement Speed,-5585.44,-271.455,396,7,12,False,False,False
44787,totems24,Totem Placement Speed,-5710.44,-304.949,396,7,14,False,False,False
43396,totems27,Ancestral Reach,-5585.44,-521.455,396,0,0,True,False,False
10534,totems29,Totem Cast and Attack Speed,-5503.44,-663.483,396,2,2,False,False,False
33209,totems30,Totem Cast and Attack Speed,-5500.69,-1002.04,396,4,2,False,False,False
2174,totems4_,Totem Damage,-5670.18,-1002.04,396,4,70,False,False,False
51683,totems5,Totem Damage,-5667.44,-663.483,396,2,22,False,False,False
19249,totems7,Supportive Ancestors,-5585.44,-1360.46,396,6,0,True,False,False
33244,mastery_rage_6667,Rage Mastery,-5585.08,8844.88,397,0,0,False,False,False
52373,rage1,Maximum Rage,-5727.11,8762.88,397,2,20,False,False,False
16347,rage2,Maximum Rage,-5503.08,8702.86,397,2,2,False,False,False
52556,rage3,Maximum Rage,-5443.06,8926.88,397,2,8,False,False,False
37276,rage6,Battle Trance,-5667.08,8986.91,397,2,14,True,False,False
38696,fire77,Fire Damage,-5557.42,-9213.68,398,0,0,False,False,False
32637,AscendancyMercenary1Notable7,"Stay Light, Use Cover",-5552.04,16012.6,399,0,0,True,False,False
30151,AscendancyMercenary1Small6,Armour and Evasion,-5552.04,16435.6,400,0,0,False,False,False
44371,AscendancyMercenary1Notable6,Polish That Gear,-5552.04,16858.6,401,0,0,True,False,False
20303,life_regeneration31,Life Regeneration,-5677.97,893.335,402,2,16,False,False,False
9908,reduced_attack_cost4,Price of Freedom,-5393.92,893.335,402,2,8,True,False,False
16311,life_regeneration23,Life Regeneration,-5674.04,344.085,403,2,20,False,False,False
32600,life_regeneration26,Life Regeneration,-5532.01,590.085,403,2,12,False,False,False
6304,life_regeneration38,Stand Ground,-5389.99,344.085,403,2,4,True,False,False
12125,mastery_life137,Life Mastery,-5532.01,426.085,403,0,0,False,False,False
20350,armour_break11,Armour Break,-5331.11,8456.48,404,3,10,False,False,False
47006,armour_break12,Armour Break Effect,-5665.11,8456.48,404,3,14,False,False,False
43174,armour_break13,Armour Break Effect,-5748.11,8167.23,404,7,18,False,False,False
4948,armour_break14,Armour Break,-5164.11,8167.23,404,3,6,False,False,False
62785,armour_break15__,Armour Break,-5373.11,7950.72,404,7,2,False,False,False
28542,armour_break16_,The Molten One's Gift,-5457.11,8238.24,404,1,5,True,False,False
63259,AscendancyMercenary3Notable2_2_,Motoric Implants,-5492.73,18767.6,405,0,0,False,False,False
55582,AscendancyMercenary3Small2,Skill Gem Quality,-5465.96,19211.7,406,0,0,False,False,False
25482,strength102,Beef,-5457.8,4362.34,407,0,0,True,False,False
51702,strength104,Strength,-5674.31,4487.34,407,7,16,False,False,False
54485,strength105,Strength,-5582.8,4145.84,407,7,22,False,False,False
60620,strength106,Strength,-5241.3,4237.34,407,7,4,False,False,False
61472,strength107,Strength,-5332.8,4578.85,407,7,10,False,False,False
64995,enemies_on_low_life1,Damage against Enemies on Low Life,-5443.28,6511.42,408,3,0,False,False,False
51867,enemies_on_low_life11,Finality,-5443.28,6845.42,408,0,0,True,False,False
17924,enemies_on_low_life2,Damage against Enemies on Low Life,-5732.54,6678.42,408,3,20,False,False,False
54868,fire74,Fire Damage,-5431.5,-9013.71,409,0,0,False,False,False
27990,AscendancySorceress2Small7,Slow Effect,-5431.36,-15653.9,410,0,0,False,False,False
761,oracle_solo_commander1,Command Skill Cooldown,-5431.35,-1540.04,411,7,12,False,False,False
22133,oracle_solo_commander2,Command Skill Cooldown,-5214.85,-1915.04,411,7,4,False,False,False
39857,oracle_solo_commander3,Mentorship,-5647.86,-1915.04,411,7,20,True,False,False
4663,oracle_solo_commander_mastery_,Minion Mastery,-5431.35,-1790.04,411,0,0,False,False,False
2491,jewel_slot1974,[Jewel] Socket,-5470.55,9492.46,412,1,10,False,False,True
762,AscendancyMercenary1Small9,Minion Damage,-5397.08,17327.3,413,0,0,False,False,False
49049,AscendancySorceress2Notable7,Apex of the Moment,-5397.04,-15418.6,414,0,0,True,False,False
14777,warcries16,Bravado,-5529.77,7342.52,415,2,20,True,False,False
37226,warcries30,Warcry Speed,-5098.49,7257.52,415,3,4,False,False,False
4015,warcries5,Warcry Cooldown,-5143.75,7001.9,415,4,6,False,False,False
47429,warcries52,Warcry Cooldown,-4968.25,6697.93,415,6,6,False,False,False
9187,warcries53,Escalation,-5245.72,7506.52,415,2,8,True,False,False
59466,warcries6,Empowered Attack Damage,-5387.75,7174.52,415,7,0,False,False,False
14429,AscendancyMercenary3Notable4,Advanced Thaumaturgy,-5381.29,18293,416,0,0,True,False,False
44783,area_spells1,Area Damage,-5500.88,-5574.92,417,2,20,False,False,False
19277,area_spells16,Area Damage,-5358.85,-5328.92,417,2,12,False,False,False
35171,area_spells2,Spell Area of Effect,-5191.85,-5782.17,417,3,2,False,False,False
10029,area_spells25,Repulsion,-5216.83,-5574.92,417,2,4,True,False,False
8660,area_spells27,Reverberation,-5525.85,-5203.66,417,3,14,True,False,False
18846,area_spells3,Spell Area of Effect,-5069.6,-5325.92,417,3,8,False,False,False
22949,area_spells4_,Spell Area of Effect,-5648.11,-5659.92,417,3,20,False,False,False
14113,mastery_caster42,Caster Mastery,-5358.85,-5492.92,417,0,0,False,False,False
8629,mastery_attack20,Attack Mastery,-5326.03,2555.07,418,0,0,False,False,False
16084,one_handed18,One Handed Damage,-5314.13,2655.72,419,0,0,False,False,False
13474,one_handed17,One Handed Damage,-5314.13,2829.25,420,0,0,False,False,False
10602,attack_speed32_,Reaving,-4969.07,2577.77,421,4,9,True,False,False
24871,attack_speed6,Attack Speed,-5147.23,2464.26,421,4,4,False,False,False
57552,one_handed19,One Handed Damage,-5314.13,2434.83,421,4,0,False,False,False
46696,one_handed20,Impair,-5481.04,2464.26,421,4,68,True,False,False
54811,strength15,Attribute,-5314.13,3067.3,422,0,0,False,False,False
34210,two_handed1,Two Handed Damage,-5314.13,3397.64,423,0,0,False,False,False
25934,mastery_twohand244,Two Hand Mastery,-5314.13,3770.75,424,7,12,False,False,False
6923,two_handed13,Two Handed Damage,-5147.13,3810.01,424,3,10,False,False,False
1087,two_handed16,Shockwaves,-4991.52,3607.2,424,3,7,True,False,False
64939,two_handed2,Two Handed Damage,-5314.13,3684.75,424,2,12,False,False,False
30123,two_handed3,Two Handed Damage,-5314.13,3854.75,424,3,12,False,False,False
26092,two_handed4,Two Handed Damage,-5481.13,3810.01,424,3,14,False,False,False
52392,two_handed8,Singular Purpose,-5636.75,3607.2,424,3,17,True,False,False
43471,mastery_fire_6514,Fire Mastery,-5311.94,-8795.16,425,0,0,False,False,False
20015,mastery_warcry_6793,Warcry Mastery,-5307.75,7323.33,426,0,0,False,False,False
20499,mana_regeneration41,Arcane Surge Effect,-5370.33,-3309.22,427,7,13,False,False,False
34327,mana_regeneration42,Arcane Surge Spell Damage,-5547.11,-3486,427,7,17,False,False,False
32078,mana_regeneration43,Arcane Surge Spell Damage,-5482.4,-3727.48,427,7,21,False,False,False
16940,mana_regeneration44_,Arcane Nature,-5240.92,-3792.19,427,7,1,True,False,False
25446,mastery_leech159,Mana Mastery,-5305.62,-3550.7,427,0,0,False,False,False
2336,wyvern15,Arcane Surge Effect,-5189.66,-3434.74,427,2,9,False,False,False
63402,wyvern16,Arcane Surge Effect,-5163.6,-3632.7,427,2,4,False,False,False
29881,wyvern17,Surging Beast,-5376.64,-3509.7,427,1,8,True,False,False
14265,fire85,Arsonist,-5304.61,-8799.35,428,0,0,True,False,False
1579,AscendancySorceress2Small5,Cooldown Recovery Rate,-5291.69,-15863.3,429,0,0,False,False,False
32856,AscendancySorceress2Small6,Cooldown Recovery Rate,-5291.69,-13652,430,0,0,False,False,False
12099,cold56,Cold Damage,-5263.61,-9401.91,431,0,0,False,False,False
12054,AscendancyMercenary1Small8,Totem Damage,-5256.8,17570.3,432,0,0,False,False,False
45248,AscendancyMercenary3Small4,Skill Gem Quality,-5245.42,18800.1,433,0,0,False,False,False
10169,DeliriumAnoint_Unfettered,Unfettered,-5238.15,5102.77,434,0,0,True,False,False
44406,stun12_,Stun Buildup,-5197.82,5668.02,435,6,0,False,False,False
63451,stun15,Cranial Impact,-4778.32,5780.43,435,6,6,True,False,False
57846,stun19,Stun Buildup,-4471.23,6087.52,435,6,12,False,False,False
63470,life_costs1,Life Costs,-5332.01,1122.64,436,3,14,False,False,False
50302,life_costs2,Life Costs,-5078.57,1156,436,3,11,False,False,False
16090,life_costs3,Life Costs,-4875.76,1000.39,436,3,8,False,False,False
61490,strength75,Attribute,-5159.25,6455.65,437,0,0,False,False,False
28304,attributes17_,Attribute,-5153.8,8943.84,438,0,0,False,False,False
4833,cold55,Cold Damage,-5147,-9203.79,439,0,0,False,False,False
8693,oracle_iron_blood1,Armour while Bleeding,-4899.32,809.75,440,7,7,False,False,False
35393,oracle_iron_blood2_,Armour while Bleeding,-5058.8,603.017,440,2,2,False,False,False
23708,oracle_iron_blood3,Armour while Bleeding,-5140.8,995.045,440,7,12,False,False,False
3896,oracle_iron_blood4,Vale Dweller,-5382.29,680.34,440,7,19,True,False,False
56320,oracle_iron_blood_mastery1,Armour Mastery,-5140.8,745.045,440,0,0,False,False,False
11641,AscendancyMercenary3Notable1_,Essence of Virtue,-5109.53,19307.2,441,0,0,True,False,False
56703,cast_speed11,Cast Speed,-4965.53,-6899.78,442,2,8,False,False,False
28839,cast_speed14,Cast Speed,-5249.58,-6899.78,442,2,16,False,False,False
56762,cast_speed16,Cast Speed,-5249.58,-7063.78,442,2,20,False,False,False
20032,cast_speed37,Erraticism,-5107.55,-7145.78,442,2,0,True,False,False
28680,mastery_caster45,Caster Mastery,-5107.55,-6981.78,442,0,0,False,False,False
1988,AscendancyMercenary1Notable9_,Unleash Hell!,-5103.5,17157.8,443,0,0,True,False,False
28002,attributes31,Attribute,-5095.02,-2941.61,444,0,0,False,False,False
2955,projectiles37,Projectile Damage,-5085.88,-2729.83,445,2,0,False,False,False
28800,projectiles38_,Projectile Damage,-5085.88,-2565.83,445,0,0,False,False,False
55308,projectiles39,Sling Shots,-5085.88,-2315.83,445,7,12,True,False,False
38313,projectiles40,Projectile Speed,-5227.91,-2483.83,445,2,16,False,False,False
30701,projectiles41,Reduced Projectile Speed,-4943.86,-2483.83,445,2,8,False,False,False
51183,energy_shield_and_armour26,Armour and Energy Shield,-5081.34,-627.755,446,2,12,False,False,False
10635,energy_shield_and_armour27,Armour and Energy Shield,-4917.34,-791.755,446,2,6,False,False,False
45301,energy_shield_and_armour28__,Slow Effect on You,-5245.34,-791.755,446,2,18,False,False,False
31724,energy_shield_and_armour29_,Iron Slippers,-5081.34,-955.755,446,2,0,True,False,False
2074,mastery_armour_and_energy_shield_6273,Armour and Energy Shield Mastery,-5081.34,-791.755,446,0,0,False,False,False
64042,mastery_physical197,Physical Mastery,-5305.9,-4742.69,447,7,18,False,False,False
55422,physical51,Physical Damage,-5378.51,-4656.24,447,3,17,False,False,False
34415,physical52,Physical Damage,-5455.64,-5022.59,447,4,61,False,False,False
48387,physical53,Physical Damage,-5702.91,-4856.77,447,5,56,False,False,False
54640,physical54,Constricting,-5055.9,-4742.69,447,0,0,True,False,False
27900,physical55_,Physical Damage and Increased Duration,-4814.41,-4807.39,447,7,5,False,False,False
62376,physical57,Physical Damage and Reduced Duration,-4879.12,-4565.91,447,7,9,False,False,False
18441,oracle_rage1,Maximum Rage,-4914.48,-3117.96,448,7,10,False,False,False
34181,oracle_rage2,Maximum Rage,-4789.48,-3334.46,448,7,6,False,False,False
45422,oracle_rage3,Anger Management,-4914.48,-3550.97,448,7,2,True,False,False
51369,fire10,Damage against Burning Enemies,-4870.82,1520.57,449,2,6,False,False,False
56061,fire16,Damage against Burning Enemies,-5034.82,1684.57,449,2,12,False,False,False
6544,fire38,Burning Strikes,-5520.97,1563.1,449,4,53,True,False,False
45503,ignite15,Flammability Magnitude,-5034.82,1356.57,449,2,0,False,False,False
37746,ignite18,Flammability Magnitude,-5276.31,1455.86,449,7,19,False,False,False
42604,mastery_fire_6517,Fire Mastery,-5034.82,1520.57,449,0,0,False,False,False
33852,cold59,Flurry,-5013.88,-8978.47,450,0,0,True,False,False
50177,mastery_cold_6393,Cold Mastery,-5006.69,-8973.79,451,0,0,False,False,False
34412,bear14,Shapeshifted Damage,-4844.67,-1298.91,452,2,7,False,False,False
25915,bear15,Shapeshifted Damage,-4921.08,-1483.38,452,2,2,False,False,False
8916,bear16,Bashing Beast,-5074.1,-1300.35,452,1,8,True,False,False
20547,stun23,Stun Buildup,-4938.38,-1099.87,452,7,11,False,False,False
33340,stun24_,Stun Buildup,-5179.86,-1164.58,452,7,15,False,False,False
51267,stun26_,Stun Buildup,-5244.57,-1406.06,452,7,19,False,False,False
11886,stun27,Mauling Stuns,-5067.79,-1582.84,452,7,23,True,False,False
45918,passive_keystone_mind_over_matter,Mind Over Matter,-4999.75,-8120.71,453,0,0,False,True,False
49547,passive_keystone_alternate_es_recovery,Scarred Faith,-4997.46,-3305.76,454,0,0,False,True,False
10305,auras20,Attack Damage with Ally,-5071.69,6296.75,455,2,14,False,False,False
45586,auras21,Ally Attack Damage,-4907.69,6296.75,455,2,10,False,False,False
35011,auras22,Attack Damage with Ally,-5153.69,6154.73,455,2,18,False,False,False
14761,auras23,Warlord Leader,-4825.69,6154.73,455,2,6,True,False,False
53187,auras24,Warlord Berserker,-5071.69,6012.7,455,2,22,True,False,False
45215,auras25,Attack Damage with Ally,-4907.69,6012.7,455,2,2,False,False,False
57775,mastery_aura_6311_,Aura Mastery,-4987.35,6165.44,456,0,0,False,False,False
34882,AscendancyMercenary3Small1,Skill Gem Quality,-4973.65,19814.3,457,0,0,False,False,False
44191,cold57,Cold Damage,-4971.36,-9503.08,458,0,0,False,False,False
46628,intelligence76,Attribute,-5172.52,-6414.31,459,4,67,False,False,False
37523,AscendancyMercenary1Notable8,"Cannons, Ready!",-4963.23,17400.8,460,0,0,True,False,False
36880,mana_regeneration26,Arcane Surge Effect,-5374.7,-8536.08,461,4,57,False,False,False
15628,mana_regeneration27,Arcane Surge Effect,-5498.77,-8687.43,461,5,59,False,False,False
27626,mana_regeneration28_,Touch the Arcane,-5560.32,-8409.77,461,5,54,True,False,False
2244,mana_regeneration29,Arcane Surge on Critical Hit,-5374.7,-8283.47,461,4,51,False,False,False
54067,mana_regeneration30,Arcane Surge on Critical Hit,-5498.77,-8132.11,461,5,49,False,False,False
43036,mana_regeneration31_,Mana Regeneration,-5153.32,-8409.77,461,7,18,False,False,False
48552,attributes13,Attribute,-4902.61,-8434.54,462,0,0,False,False,False
10452,energy_shield_and_armour30,Armour and Energy Shield,-4794.25,-7794.74,463,2,2,False,False,False
1878,energy_shield_and_armour31,Energy Shield and Armour applies to Elemental Damage Hits,-4940.96,-7894.2,463,7,23,False,False,False
44213,energy_shield_and_armour32_,Armour and Energy Shield Delay,-4634.77,-7717.42,463,7,5,False,False,False
14328,energy_shield_and_armour33,Energy Shield and Armour applies to Elemental Damage Hits,-5117.74,-7717.42,463,7,19,False,False,False
869,energy_shield_and_armour34,Armour and Energy Shield Delay,-4699.48,-7475.94,463,7,9,False,False,False
18959,energy_shield_and_armour35,Ruinic Helm,-4958.25,-7510.69,463,2,14,True,False,False
55843,mastery_armour_and_energy_shield_6275,Armour and Energy Shield Mastery,-4876.25,-7652.71,463,0,0,False,False,False
34990,oracle_poison1,Poison Chance,-5002.67,-5894,464,2,20,False,False,False
25337,oracle_poison2,Poison Chance,-5102.13,-5876.71,464,7,19,False,False,False
50184,oracle_poison3,Poison Damage,-4795.94,-6053.49,464,7,1,False,False,False
46069,oracle_poison4,Poison Damage,-4860.65,-5976,464,2,0,False,False,False
6088,oracle_poison5,First Sting,-4735.65,-5595.5,464,7,10,True,False,False
54380,oracle_poison_mastery1,Poison Mastery,-4860.65,-5812,464,0,0,False,False,False
47316,life_leech16,Goring,-5056.08,10515.4,465,7,19,True,False,False
2888,life_leech23,Life Leech,-4991.37,10756.9,465,7,15,False,False,False
21716,life_leech25,Life Leech,-4469.53,10235,465,4,9,False,False,False
8827,life_leech26,Fast Metabolism,-4749.89,10821.6,465,7,11,True,False,False
16691,life_leech27,Life Leech Speed,-4564.59,10580.1,465,7,6,False,False,False
9583,life_leech28_,Life Leech and Physical Damage,-4814.59,10330.1,465,7,0,False,False,False
28862,mastery_leech23_,Leech Mastery,-4814.59,10580.1,465,0,0,False,False,False
37258,attributes18,Attribute,-4805.94,8363.52,466,0,0,False,False,False
59367,duration_spells10,Slow Effect on You,-4637.92,7834.96,467,2,6,False,False,False
10774,duration_spells11,Unyielding,-4801.92,7670.96,467,2,0,True,False,False
26568,duration_spells7,Slow Effect on You and Attack Speed,-4801.92,7998.96,467,2,12,False,False,False
51732,duration_spells8,Attack Speed,-4943.95,7916.96,467,2,16,False,False,False
35863,duration_spells9,Attack Speed,-4943.95,7752.96,467,2,20,False,False,False
23062,endurance_charges10,Armour if Consumed Endurance Charge,-4747.08,-415.955,468,2,0,False,False,False
19122,endurance_charges11,Armour if Consumed Endurance Charge,-4889.11,-169.955,468,2,16,False,False,False
28432,endurance_charges12,Armour if Consumed Endurance Charge,-4605.06,-169.955,468,2,8,False,False,False
20416,endurance_charges9,Grit,-4747.08,-251.955,468,0,0,True,False,False
24696,AscendancyMercenary1Small10,Totem Damage,-4737.38,17175.8,469,0,0,False,False,False
38965,infusion1,Infused Limits,-4891.99,-10304.5,470,7,21,True,False,False
11284,infusion10,Infusion Duration,-4473.73,-10063,470,7,7,False,False,False
24764,infusion2,Infusing Power,-4956.7,-10063,470,7,17,True,False,False
12324,infusion6,Infusion Chance,-4756.21,-10056.7,470,1,7,False,False,False
30985,infusion7,Infusion Chance,-4633.21,-9985.65,470,2,10,False,False,False
31697,infusion8,Infusion Duration,-4573.19,-10209.7,470,2,4,False,False,False
51303,infusion9,Infusion Duration,-4756.21,-10198.7,470,1,11,False,False,False
56595,mastery_attack17,Attack Mastery,-4713.07,5643.94,471,0,0,False,False,False
23861,two_handed10,Two Handed Damage and Stun,-4496.57,5768.94,471,7,8,False,False,False
54886,two_handed11,Two Handed Damage and Stun,-4929.58,5518.94,471,7,20,False,False,False
56997,two_handed12,Heavy Contact,-4469.07,5221.32,471,4,6,True,False,False
64312,two_handed9,Two Handed Damage,-4588.07,5427.44,471,7,2,False,False,False
15782,attributes53,Attribute,-4694.67,-6892.17,472,0,0,False,False,False
54814,auras19,Profane Commander,-4776.67,-6340.34,473,2,14,True,False,False
59498,auras6,Presence Area,-4612.67,-6340.34,473,2,10,False,False,False
53675,auras8,Presence Area,-4694.67,-6646.36,473,2,0,False,False,False
16114,mastery_aura_6310,Aura Mastery,-4694.67,-6482.36,473,0,0,False,False,False
292,mastery_life135,Life Mastery,-4681.54,-9216.8,474,0,0,False,False,False
31419,duration2,Increased Duration,-4483.92,400.442,475,7,9,False,False,False
35787,duration4,Increased Duration,-4660.69,141.665,475,1,0,False,False,False
42813,duration8,Tides of Change,-4902.18,158.96,475,7,19,True,False,False
55491,mastery_reservation209,Reservation Mastery,-4701.69,294.679,475,1,7,False,False,False
23825,life_recoup10,Life Regeneration Rate,-4827.89,-9014.32,476,7,15,False,False,False
11572,life_recoup22,Arcane Surge Effect and Life Regeneration,-4892.6,-9255.8,476,7,19,False,False,False
24325,life_recoup24,Life Regeneration Rate and Presence,-4586.41,-8949.61,476,7,11,False,False,False
32923,life_recoup25,Arcane Surge Effect and Life Regeneration,-4651.11,-9441.09,476,7,0,False,False,False
58215,life_recoup26,Sanguimantic Rituals,-4337.43,-9564.92,476,4,8,True,False,False
40006,life_recoup27,Life Regeneration Rate and Presence,-4492.7,-9148.65,476,2,7,False,False,False
9896,life_recoup28,Heartstopping Presence,-4361.86,-9358.09,476,3,4,True,False,False
31238,attributes14,Attribute,-4643.88,-7996.23,477,0,0,False,False,False
2653,channelling1,Channelling Damage and Speed,-4870.07,-3005.81,478,7,17,False,False,False
19203,channelling2,Channelling Damage,-4744.55,-3186.48,478,2,21,False,False,False
10260,channelling3,Channelling Damage,-4586.14,-3228.93,478,2,1,False,False,False
30896,channelling4,Channelling Speed,-4671.03,-2912.1,478,2,13,False,False,False
49172,channelling5,Channelling Speed,-4512.62,-2954.55,478,2,9,False,False,False
33730,channelling9,Focused Channel,-4387.1,-3135.22,478,7,5,True,False,False
60809,mastery_channelling_6377,Channelling Mastery,-4628.58,-3070.51,478,0,0,False,False,False
65226,mastery_infusion294,Infusion Mastery,-4621.23,-10104.9,479,0,0,False,False,False
38876,attributes59_,Attribute,-4606.4,6774.82,480,0,0,False,False,False
5681,mastery_fortify_6546_,Fortify Mastery,-4573.05,9245.21,481,0,0,False,False,False
4086,AscendancyMercenary1Notable10_,Strategic Embankments,-4572.81,16876.1,482,0,0,True,False,False
3339,being_surrounded13,Attack Damage while Surrounded,-4895.36,9159.48,483,3,19,False,False,False
23036,being_surrounded14,Attack Damage while Surrounded,-4808.92,9482.1,483,3,15,False,False,False
46931,being_surrounded15,Attack Damage while Surrounded,-4486.3,9568.54,483,3,11,False,False,False
45585,being_surrounded17_,Armour and Evasion while Surrounded,-4659.19,8923.31,483,3,23,False,False,False
55617,being_surrounded18,Armour and Evasion while Surrounded,-4336.57,9009.75,483,3,3,False,False,False
29914,being_surrounded19,Armour and Evasion while Surrounded,-4250.13,9332.37,483,3,7,False,False,False
17825,being_surrounded21,Tactical Retreat,-4572.75,9245.92,483,0,0,True,False,False
19546,being_surrounded23,Favourable Odds,-4430.72,9163.92,483,2,4,True,False,False
59208,being_surrounded24,Frantic Fighter,-4714.77,9327.92,483,2,16,True,False,False
39083,attack_speed55,Blood Rush,-4542.4,925.595,484,0,0,True,False,False
14686,Puppetmaster1,Puppet Master chance,-4769.98,-8681.79,485,7,17,False,False,False
53795,Puppetmaster2_,Puppet Master chance,-4528.5,-8746.5,485,0,0,False,False,False
64804,Puppetmaster3,Puppet Master chance,-4361.5,-8457.24,485,3,10,False,False,False
53324,Puppetmaster4,Puppet Master chance,-4239.24,-8579.5,485,3,8,False,False,False
19318,Puppetmaster5,Puppet Master chance,-4614.94,-8423.88,485,3,13,False,False,False
62210,Puppetmaster6,Puppet Master chance,-4205.88,-8832.94,485,3,5,True,False,False
33978,block12,Unstoppable Barrier,-4684.22,1982.53,486,7,21,True,False,False
30390,block23,Block,-4841.44,2159.3,486,3,18,False,False,False
31609,block24,Shield Defences,-4507.44,1825.3,486,3,0,False,False,False
36163,block25_,Block,-4391.48,2275.27,486,2,9,False,False,False
62581,mastery_block_6339,Block Mastery,-4507.44,2159.3,486,0,0,False,False,False
55536,AscendancyMercenary3Start,Gambler,-4507.21,20196.5,487,9,72,False,False,False
10245,mastery_attack25,Attack Mastery,-4432.96,-2172.08,488,0,0,False,False,False
34308,melee32,Personal Touch,-4755.57,-2258.53,488,3,19,True,False,False
65193,melee34,Viciousness,-4519.4,-1849.47,488,3,13,True,False,False
36478,melee5,Attack Damage,-4290.93,-2254.08,488,2,4,False,False,False
48714,melee6,Attack Speed,-4350.96,-2030.06,488,2,10,False,False,False
43014,melee7,Attack Damage,-4514.96,-2314.11,488,2,22,False,False,False
37414,melee9,Accuracy,-4574.98,-2090.08,488,2,16,False,False,False
14540,passive_keystone_unwavering_stance_,Unwavering Stance,-4431.15,7184.65,489,0,0,False,True,False
7878,shield17,Shield Block,-4573.11,-602.435,490,2,16,False,False,False
48745,shield19,Shield Block,-4431.08,-684.435,490,0,0,False,False,False
53901,shield20,Shield Block,-4431.08,-350.435,490,3,12,False,False,False
34375,shield26,Shield Defences,-4289.06,-602.435,490,2,8,False,False,False
45612,shield28_,Defensive Reflexes,-4431.08,-520.435,490,2,12,True,False,False
9417,totems46,Totem Life,-4427.82,4646.67,491,0,0,False,False,False
48505,mastery_life142,Life Mastery,-4586.17,-1471.64,492,2,18,False,False,False
10372,stun_threshold1,Stun Threshold,-4381.17,-1542.65,492,1,1,False,False,False
48240,stun_threshold10,Quick Recovery,-4658.35,-1235.46,492,3,15,True,False,False
36191,stun_threshold2,Stun Threshold,-4538.14,-1587.6,492,2,21,False,False,False
59213,stun_threshold3,Stun Recovery,-4538.14,-1355.67,492,2,15,False,False,False
7392,stun_threshold4,Stun Threshold,-4744.79,-1558.08,492,3,19,False,False,False
10571,stun_threshold5,Stun Threshold,-4744.79,-1385.19,492,3,17,False,False,False
60886,stun_threshold6,Stun Recovery,-4381.17,-1400.62,492,1,5,False,False,False
40325,stun_threshold9,Resolution,-4658.35,-1707.81,492,3,21,True,False,False
7642,mastery_physical6168,Physical Mastery,-4201.56,-4415.25,493,7,8,False,False,False
6356,physical56,Physical Damage and Increased Duration,-4594.84,-4717.02,493,7,21,False,False,False
71,physical58,Physical Damage and Reduced Duration,-4659.55,-4475.54,493,7,17,False,False,False
32859,physical59,Plant Skill Damage,-4181.89,-4304.07,493,3,9,False,False,False
12189,physical60,Plant Skill Damage,-3931.92,-4582.78,493,4,17,False,False,False
56547,physical61,Plant Skill Damage,-3783.45,-4370.2,493,5,21,False,False,False
15114,physical62,Boundless Growth,-4418.06,-4540.25,493,0,0,True,False,False
13171,totems54_,Totem Physical Damage Reduction,-4346.51,4339.79,494,0,0,False,False,False
9638,attack_speed54,Skill Speed,-4339.42,843.265,495,0,0,False,False,False
54283,armour10,Armour,-4571.69,3051.08,496,3,21,False,False,False
26324,armour11,Armour,-4335.51,2953.25,496,3,0,False,False,False
27950,armour12,Polished Iron,-4335.51,3123.25,496,2,0,True,False,False
4128,armour18,Armour,-4499.51,3287.25,496,2,18,False,False,False
26532,armour19,Armour,-4171.51,3287.25,496,2,6,False,False,False
46023,armour8,Armour,-4099.34,3051.08,496,3,3,False,False,False
52462,mastery_armour5_,Armour Mastery,-4335.51,3287.25,496,0,0,False,False,False
41657,armour20,Armour,-4168.51,3669.65,497,3,10,False,False,False
21286,armour21_,Armour,-4502.51,3669.65,497,3,14,False,False,False
45992,armour22,Armour,-4335.51,3714.39,497,3,12,False,False,False
17029,armour32,Blade Catcher,-4335.51,3544.39,497,2,12,True,False,False
26798,attack_speed53,Skill Speed,-4335.1,619.905,498,0,0,False,False,False
51052,strength10,Attribute,-5034.82,-418.965,499,6,60,False,False,False
22616,strength11,Attribute,-5147.23,0.53499,499,6,54,False,False,False
17468,strength57,Attribute,-5034.82,420.035,499,6,48,False,False,False
53405,strength58,Attribute,-4727.73,727.13,499,6,42,False,False,False
22558,strength9,Attribute,-4727.73,-726.06,499,6,66,False,False,False
59006,duration_spells5,Reduced Duration,-4296.44,407.485,500,0,0,False,False,False
48631,attributes65,Attribute,-4289.92,0.535,501,0,0,False,False,False
14294,life_costs10,Sacrificial Blood,-4370.8,-6656.62,502,2,14,True,False,False
48530,life_costs4,Life Spell Damage and Costs,-4288.8,-6962.65,502,2,0,False,False,False
4623,life_costs5,Life Spell Costs,-4146.78,-6880.65,502,2,4,False,False,False
39130,life_costs7,Life Spell Damage,-4430.83,-6880.65,502,2,20,False,False,False
48524,life_costs9,Blood Transfusion,-4206.8,-6656.62,502,2,10,True,False,False
43818,mastery_life147,Life Mastery,-4285.55,-6819.23,503,0,0,False,False,False
14505,mastery_minionoffence192,Minion Offence Mastery,-4283.82,-11017,504,0,0,False,False,False
3866,minion_defence10,Minion Life,-4042.34,-11081.7,504,7,5,False,False,False
22331,minion_defence11__,Minion Resistances,-4201.82,-11017,504,1,3,False,False,False
19644,minion_defence16,Left Hand of Darkness,-4003.92,-10617.2,504,4,29,True,False,False
32258,minion_defence17,Minion Life,-3994.57,-10850,504,3,8,False,False,False
14712,minion_defence8,Minion Life,-4116.82,-11306.2,504,3,2,False,False,False
33612,minion_offence10_,Minion Damage,-4354.84,-10976,504,1,8,False,False,False
40200,minion_offence11,Minion Damage,-4283.82,-11181,504,2,0,False,False,False
61842,minion_offence12_,Minion Damage,-4283.82,-11351,504,3,0,False,False,False
33240,minion_offence14,Lord of Horrors,-4341.09,-11671.5,504,5,71,True,False,False
45343,minion_offence22,Minion Area,-4525.31,-11081.7,504,7,19,False,False,False
57021,minion_offence27_,Minion Area,-4573.08,-10850,504,3,16,False,False,False
8957,minion_offence28,Right Hand of Darkness,-4597.5,-10643.1,504,4,44,True,False,False
37594,minion_offence7,Minion Damage,-4397.91,-10369.9,504,5,38,False,False,False
50483,minion_offence8,Minion Area,-4450.82,-11306.2,504,3,22,False,False,False
8983,minion_offence9,Minion Damage,-4283.82,-10683,504,3,12,False,False,False
34552,mastery_minionoffence186,Minion Offence Mastery,-4261.32,-5891.9,505,0,0,False,False,False
61026,minion_defence21,Crystalline Flesh,-4261.32,-6225.9,505,3,0,True,False,False
17378,minion_defence5,Minion Life,-4428.32,-6181.16,505,3,22,False,False,False
40894,minion_defence6,Minion Life,-4550.58,-6058.9,505,3,20,False,False,False
1218,minion_defence7,Minion Life,-4595.32,-5891.9,505,3,18,False,False,False
8357,minion_offence17,Minion Attack and Cast Speed,-3927.32,-5891.9,505,3,6,False,False,False
10742,minion_offence18,Minion Attack and Cast Speed,-3972.07,-6058.9,505,3,4,False,False,False
41991,minion_offence19,Minion Attack and Cast Speed,-4094.32,-6181.16,505,3,2,False,False,False
1447,minion_offence3,Minion Damage,-4428.32,-5602.65,505,3,14,False,False,False
38972,minion_offence39,Restless Dead,-3972.07,-5724.9,505,3,8,True,False,False
14945,minion_offence40,Growing Swarm,-4550.58,-5724.9,505,3,16,True,False,False
22393,minion_offence5,Minion Damage,-4261.32,-5557.9,505,3,12,False,False,False
28458,minion_offence6,Minion Damage,-4094.32,-5602.65,505,3,10,False,False,False
21251,DeliriumAnoint_ReplenishingHorde,Replenishing Horde,-4261.32,-5204.4,506,0,0,True,False,False
28175,strength85,Attribute,-4254.59,10064.4,507,0,0,False,False,False
17745,mastery_totem_6149,Totem Mastery,-4238.73,4457.57,508,0,0,False,False,False
62378,oracle_thorns1,Thorns,-4372.2,-871.735,509,2,20,False,False,False
47633,oracle_thorns2,Thorns,-4088.15,-871.735,509,2,4,False,False,False
57002,oracle_thorns3,Rough Carapace,-4148.17,-647.707,509,2,10,True,False,False
48761,oracle_thorns_mastery1___,Thorns Mastery,-4230.17,-789.735,509,0,0,False,False,False
16725,strength21,Attribute,-4227.25,2439.49,510,0,0,False,False,False
4681,oracle_frenzy_charge1,Gain Maximum Frenzy Charges on Gaining Frenzy Charge,-4350.76,-7820.4,511,2,20,False,False,False
25058,oracle_frenzy_charge2,Gain Maximum Frenzy Charges on Gaining Frenzy Charge,-4208.73,-7574.4,511,2,12,False,False,False
48828,oracle_frenzy_charge3,Gain Maximum Frenzy Charges on Gaining Frenzy Charge,-4066.71,-7820.4,511,2,4,False,False,False
26228,oracle_frenzy_charge4,Prize of the Hunt,-4208.73,-7738.4,511,0,0,True,False,False
50104,intelligence51,Attribute,-4185.36,-10001.8,512,0,0,False,False,False
47212,mastery_bow33,Projectile Mastery,-4166,10952.5,513,0,0,False,False,False
17417,projectiles45,Projectile Speed and Physical Damage,-3876.75,10785.5,513,3,4,False,False,False
43843,projectiles46,Projectile Speed and Physical Damage,-3597.03,10624,513,5,12,False,False,False
3652,projectiles47,Projectile Speed and Physical Damage,-4007.59,10995,513,2,7,False,False,False
56714,projectiles48,Swift Flight,-3999,11241.8,513,3,10,True,False,False
27999,projectiles49,Physical Damage and Ailment Chance,-4094.99,10911.5,513,1,2,False,False,False
45777,projectiles50,Hidden Barb,-4308.03,11034.5,513,2,16,True,False,False
56605,passive_keystone_bulwark,Bulwark,-4163.59,6722.67,514,0,0,False,True,False
18146,AscendancyMercenary3Small3,Reduced Attribute Requirements,-4162.05,19048.9,515,0,0,False,False,False
48121,totems47_,Totem Elemental Resistance,-4120.96,4565.35,516,0,0,False,False,False
4931,energy_shield_recovery18,Dependable Ward,-4117.42,-8299.44,517,2,0,True,False,False
42825,energy_shield_recovery32_,Energy Shield Delay,-4199.42,-7993.41,517,2,14,False,False,False
21404,energy_shield_recovery33,Energy Shield Delay,-4281.42,-8135.44,517,2,18,False,False,False
27674,energy_shield_recovery34,Energy Shield Delay,-4035.42,-7993.41,517,2,10,False,False,False
44082,energy_shield_recovery35,Energy Shield Delay,-3953.42,-8135.44,517,2,6,False,False,False
27307,mastery_energyshield102_,Energy Shield Mastery,-4117.42,-8135.44,517,0,0,False,False,False
32745,physical14,Physical Damage,-4116.33,-9838.01,518,0,0,False,False,False
24438,totems20,Hardened Wood,-4114.17,4317.84,519,0,0,True,False,False
40276,physical19,Bleed Chance,-4113.12,-9545.42,520,0,0,False,False,False
60241,physical16,Bleed Chance,-4113.12,-9254.29,521,0,0,False,False,False
51618,oracle_life_corruption1,Life Costs and Regeneration,-3984.59,-3339.01,522,7,10,False,False,False
43324,oracle_life_corruption2,Life Costs,-3820.34,-3722.51,522,3,4,False,False,False
57596,oracle_life_corruption3,Life Costs,-4152.13,-4041.66,522,4,71,False,False,False
13468,oracle_life_corruption4,Give Up Your Essence,-4276.59,-3844.77,522,3,22,True,False,False
11580,oracle_life_corruption5,Life Regeneration Rate,-4152.04,-3397.1,522,2,13,False,False,False
34769,oracle_life_corruption6,Life Regeneration Rate,-4273.59,-3555.51,522,2,18,False,False,False
52115,oracle_life_corruption7,Nurturing Nature,-4109.59,-3719.51,522,2,0,True,False,False
51454,oracle_life_corruption_mastery1,Life Mastery,-4109.59,-3555.51,522,0,0,False,False,False
17762,getting_hit12,Vengeance,-4149.68,6117.24,523,2,23,True,False,False
2964,getting_hit7,Thorns and Leech,-4223.2,6391.62,523,2,15,False,False,False
18374,getting_hit8_,Thorns and Leech,-3948.82,6318.1,523,2,7,False,False,False
28476,mastery_thorns307,Thorns Mastery,-4107.23,6275.65,523,0,0,False,False,False
46742,passive_keystone_elemental_equilibrium,Elemental Equilibrium,-4102.54,-10310.9,524,0,0,False,True,False
95,minion_offence41,Minion Damage,-4084.76,-7312.1,525,0,0,False,False,False
26895,mastery_duration_6464,Duration Mastery,-4082.88,287.245,526,0,0,False,False,False
17411,mastery_dualwield89,Caster Mastery,-4077.15,-2691.85,527,0,0,False,False,False
61444,spells30,Wasting Casts,-3910.15,-2981.11,527,3,2,True,False,False
58096,spells31,Lasting Incantations,-4366.41,-2858.85,527,3,20,True,False,False
6008,spells4,Spell Damage,-4235.57,-2734.3,527,2,19,False,False,False
29652,spells6,Spell Damage,-4034.71,-2533.44,527,2,11,False,False,False
15180,spells8,Spell Hinder,-3961.19,-2807.82,527,2,3,False,False,False
34096,spells9,Spell Damage,-4163.6,-3014.47,527,3,23,False,False,False
26490,one_handed12,One Handed Critical Chance,-3950.84,8640.88,528,2,9,False,False,False
12751,one_handed14,One Handed Critical Chance,-4182.77,8640.88,528,2,15,False,False,False
6229,one_handed15,Push the Advantage,-3825.32,8460.21,528,7,5,True,False,False
13356,one_handed16__,One Handed Damage,-4066.8,8360.92,528,2,0,False,False,False
18489,one_handed4,One Handed Damage,-4308.29,8460.21,528,7,19,False,False,False
31903,strength76,Attribute,-4066.02,7086.81,529,0,0,False,False,False
3084,AscendancyMercenary3Small7_,Reduced Attribute Requirements,-4037.16,19818,530,0,0,False,False,False
32278,mastery_minionoffence189,Minion Offence Mastery,-3965.92,-9309.06,531,7,11,False,False,False
58183,physical35,Blood Tearing,-3988.18,-9392.13,531,2,11,True,False,False
25990,fire55,Fire Damage and Attack Damage,-3585.32,5444.41,532,4,23,False,False,False
43461,fire56,Fire Damage and Attack Damage,-3458.62,5566.67,532,5,24,False,False,False
25753,fire57,Blazing Arms,-3777.59,5238.17,532,7,6,True,False,False
32932,fire58,Ichlotl's Inferno,-4204.37,5061.4,532,7,21,True,False,False
63268,mastery_fire119,Fire Mastery,-3777.59,5238.17,532,7,6,False,False,False
29372,rage19,Sudden Infuriation,-4596.57,4909.67,532,5,60,True,False,False
53989,rage20,Rage on Hit,-4787.99,4883.6,532,6,59,False,False,False
36389,rage21,Rage on Hit,-5002.78,4783.44,532,8,59,False,False,False
7720,rage41,Rage on Ignite,-4427.34,4958.27,532,4,61,False,False,False
14205,rage42,Rage on Ignite,-3986.59,5167.16,532,1,1,False,False,False
57819,AscendancyMercenary3Notable7,Integrated Efficiency,-4025.91,18540.8,533,0,0,True,False,False
46748,totems50,Totem Life,-3995.5,4196.65,534,0,0,False,False,False
4661,banners10,Inspiring Leader,-3689.44,9419.58,535,3,4,True,False,False
53367,banners11,Symbol of Defiance,-3978.69,9252.58,535,3,0,True,False,False
10835,banners14,Banner Duration,-4267.95,9753.58,535,3,16,False,False,False
20842,banners16,Banner Area,-3978.69,9920.58,535,3,12,False,False,False
12821,banners17,Banner Glory Gained,-3896.69,9444.55,535,2,2,False,False,False
65439,banners2,Banner Aura Effect,-3907.68,9627.58,535,1,4,False,False,False
48026,banners3,Banner Glory Gained,-4060.69,9728.6,535,2,14,False,False,False
6623,banners8,Banner Aura Effect,-4049.71,9545.58,535,1,10,False,False,False
65353,mastery_banner304,Banner Mastery,-3978.69,9586.58,535,0,0,False,False,False
61179,physical18,Spell Critical Chance,-3955.44,-9600.64,536,0,0,False,False,False
259,mastery_attack8,Attack Mastery,-3931.69,7603.71,537,0,0,False,False,False
38010,glory1,Glory Generation and Attack Damage,-3996.29,7347.19,538,7,23,False,False,False
13352,glory2,Glory Generation and Attack Damage,-4173.07,7523.97,538,7,19,False,False,False
59180,glory3,Attack Damage,-4108.36,7765.45,538,7,15,False,False,False
54923,glory4,Glory Generation,-3690.1,7653.38,538,7,7,False,False,False
27638,glory5,Glory Generation,-3754.81,7411.9,538,7,3,False,False,False
50023,glory6_,Invigorating Grandeur,-4057.89,8060.05,538,4,39,True,False,False
13524,glory7,Everlasting Glory,-3586.52,7933.74,538,4,27,True,False,False
4921,glory8_,Presence Area,-3866.88,7830.16,538,7,11,False,False,False
37956,duration_spells1,Reduced Duration,-3921.6,394.725,539,0,0,False,False,False
35645,minion_offence49,Command Skill Cooldown,-3915.69,-7172.57,540,0,0,False,False,False
1928,minion_offence48,Minion Attack and Cast Speed,-3908.2,-7290.56,541,0,0,False,False,False
5284,physical34,Shredding Force,-3905.88,-9191.64,542,0,0,True,False,False
30996,AscendancyMercenary3Notable3,Gem Studded,-3901.02,19309.9,543,0,0,True,False,False
35581,duration_spells6,Near at Hand,-3872.48,156.685,544,0,0,True,False,False
51485,mastery_shapeshifting_6684,Shapeshifting Mastery,-3861.26,-1010.61,545,0,0,False,False,False
41338,shapeshifting35,Shapeshifting Armour applies to Elemental Damage Hits,-3702.85,-968.169,545,2,7,False,False,False
31673,shapeshifting36,Energy Shield Delay while Shapeshifted,-3943.26,-868.587,545,2,14,False,False,False
48649,shapeshifting37,Insulating Hide,-3943.26,-1152.64,545,2,22,True,False,False
32847,minion_offence50,Command Skill Damage,-3856.25,-7033.48,546,0,0,False,False,False
8867,AscendancySorceress1Notable1,Constant Gale,-4739.94,-17019.5,547,8,60,True,False,False
42522,AscendancySorceress1Notable10,Refracted Infusion,-4699.87,-17454.7,547,9,127,True,False,False
39204,AscendancySorceress1Notable2,Force of Will,-4739.94,-15943.5,547,8,48,True,False,False
12882,AscendancySorceress1Notable3,Tempest Caller,-2876.25,-17019.5,547,8,12,True,False,False
38578,AscendancySorceress1Notable4,Multiplying Squalls,-2876.25,-15943.5,547,8,24,True,False,False
2857,AscendancySorceress1Notable5,Strike Twice,-4227.59,-17208.1,547,6,66,True,False,False
39640,AscendancySorceress1Notable6,Shaper of Storms,-3922.18,-17128.5,547,5,70,True,False,False
61985,AscendancySorceress1Notable7,Heavy Snows,-3388.59,-17208.1,547,6,6,True,False,False
18849,AscendancySorceress1Notable8,Shaper of Winter,-3694.01,-17128.5,547,5,2,True,False,False
49189,AscendancySorceress1Notable9,Storm's Recollection,-2916.32,-17454.7,547,9,17,True,False,False
64789,AscendancySorceress1Small1,Mana Regeneration,-4176.11,-17492.6,547,8,68,False,False,False
44484,AscendancySorceress1Small10,Remnant Range,-4259.56,-17721.9,547,9,136,False,False,False
7246,AscendancySorceress1Small2,Mana Regeneration,-4884.09,-16481.5,547,8,54,False,False,False
65413,AscendancySorceress1Small3,Spell Critical Chance,-3440.08,-17492.6,547,8,4,False,False,False
25618,AscendancySorceress1Small4,Spell Critical Chance,-2732.09,-16481.5,547,8,18,False,False,False
49759,AscendancySorceress1Small5,Shock Chance,-3901.87,-17553.4,547,8,71,False,False,False
7998,AscendancySorceress1Small6,Shock Chance,-3953.79,-17307.8,547,6,70,False,False,False
13673,AscendancySorceress1Small7,Chill Duration,-3714.32,-17553.4,547,8,1,False,False,False
29398,AscendancySorceress1Small8,Chill Duration,-3662.4,-17307.8,547,6,2,False,False,False
12488,AscendancySorceress1Small9,Remnant Range,-3356.63,-17721.9,547,9,8,False,False,False
40721,AscendancySorceress1Start_,Stormweaver,-3808.09,-17801.5,547,9,0,False,False,False
21245,physical15,Spell Critical Chance,-3804.23,-9338.75,548,0,0,False,False,False
57178,physical17,Spell Critical Chance and Critical Ailment Effect,-3804.23,-8886.17,549,0,0,False,False,False
1442,AscendancyMercenary3Small6,Attributes,-3801.3,20053.8,550,0,0,False,False,False
53762,AscendancyMercenary3Small8,Reduced Attribute Requirements,-3764.88,18801.8,551,0,0,False,False,False
45962,life_flasks20,Life Flask Recovery,-3845.86,5615.18,552,3,23,False,False,False
48589,life_flasks21,Life Flask Recovery,-3716.97,6096.21,552,2,11,False,False,False
7922,life_flasks22,Flask Duration,-3917.83,5980.24,552,2,17,False,False,False
7183,life_flasks23_,Life Flask Recovery,-3601,5895.35,552,2,5,False,False,False
15617,life_flasks32,Heavy Drinker,-3759.41,5937.79,552,0,0,True,False,False
56284,minion_offence46,Minion Attack and Cast Speed,-3754.39,-7303,553,0,0,False,False,False
9226,damage_from_mana10,Mental Perseverance,-3746.22,-5546.19,554,1,0,True,False,False
13500,mana_regeneration35,Mana Recoup,-3579.22,-5753.44,554,3,2,False,False,False
47591,mana_regeneration36_,Mana Recoup,-3888.25,-5382.19,554,2,16,False,False,False
41044,mana_regeneration37,Mana Recoup,-3621.22,-5247.68,554,7,10,False,False,False
46565,sword18,Stance Breaker,-3736.26,12649.7,555,0,0,True,False,False
34487,mastery_totem230,Totem Mastery,-3727.22,3905.64,556,0,0,False,False,False
4882,totems1,Totem Damage,-3611.26,3789.68,556,2,3,False,False,False
60568,totems25,Totem Placement Speed,-3813.67,4228.26,556,3,13,False,False,False
38172,totems26,Totem Placement Speed,-3485.74,3840.94,556,7,5,False,False,False
51206,totems3,Totem Damage,-4049.84,3992.09,556,3,17,False,False,False
49642,totems6,Totem Damage,-3662.52,3664.16,556,7,1,False,False,False
52348,totems8,Carved Earth,-3904,4082.42,556,7,15,True,False,False
53443,area_attacks24,Area Damage,-3434.97,1557.39,557,3,8,False,False,False
20645,area_attacks25_,Area Damage,-3891.22,1679.64,557,3,14,False,False,False
59767,area_attacks32,Reverberating Impact,-3637.78,1713,557,3,11,True,False,False
31292,mastery_mace154,Mace Mastery,-3724.22,1390.39,557,0,0,False,False,False
64284,melee19,Melee Damage,-4195.6,1516.69,557,4,51,False,False,False
58528,melee54,Melee Damage,-3557.22,1101.13,557,3,2,False,False,False
45363,melee55,Smash,-3810.67,1067.77,557,3,23,True,False,False
19011,melee56,Melee Damage,-4013.48,1223.38,557,3,20,False,False,False
27373,strength19,Attribute,-4358.84,1560.43,557,5,51,False,False,False
22928,strength20,Attribute,-3894.27,755.772,557,5,69,False,False,False
27290,sword6,Heavy Blade,-3711.3,11983.9,558,0,0,True,False,False
6077,minion_offence45,Command Skill Cooldown,-3709.27,-7173.96,559,0,0,False,False,False
8248,oracle_bleed1,Bleed Duration,-3560.64,-905.685,560,2,4,False,False,False
48079,oracle_bleed2,Bleed Duration,-3620.66,-681.657,560,2,10,False,False,False
60014,oracle_bleed3,Scent of Blood,-3919.17,-698.685,560,7,16,True,False,False
38474,oracle_bleed_mastery1_,Bleed Mastery,-3767.37,-582.204,560,7,13,False,False,False
8737,minion_offence42,Minion Damage,-3697.15,-7461.02,561,0,0,False,False,False
53108,AscendancyMercenary3Notable6,Adaptive Capability,-3664.91,19544.8,562,0,0,True,False,False
35265,strength79,Attribute,-3657.51,6318.1,563,0,0,False,False,False
36728,AscendancyMercenary3Notable8,Thaumaturgical Infusion,-3628.74,18293.7,564,0,0,True,False,False
25927,minion_offence44_,Command Skill Damage,-3622.31,-7106.13,565,0,0,False,False,False
20637,oracle_hiearchy_mastery1,Damage Mastery,-3604.52,-11358.1,566,0,0,False,False,False
25570,oracle_hierarchy1,Damage,-3604.52,-11024.1,566,3,12,False,False,False
21549,oracle_hierarchy2,Physical Damage,-4063.09,-11525,566,4,58,False,False,False
37694,oracle_hierarchy3,Fire Damage,-3781.3,-11534.9,566,7,21,False,False,False
44560,oracle_hierarchy4,Cold Damage,-3604.52,-11522.1,566,2,0,False,False,False
64083,oracle_hierarchy5_,Lightning Damage,-3427.75,-11534.9,566,7,3,False,False,False
27572,oracle_hierarchy6,Chaos Damage,-3145.95,-11525,566,4,14,False,False,False
12940,oracle_hierarchy7,Cower Before the First Ones,-3604.52,-11846.1,566,4,0,True,False,False
62122,damage_from_mana1,Damage from Mana,-3304.21,-8711.35,567,3,4,False,False,False
6748,damage_from_mana2,Damage from Mana,-3376.96,-8419.35,567,7,8,False,False,False
37327,mana15,Mana Regeneration,-3809.97,-8419.35,567,7,16,False,False,False
34248,mana27,Mana Regeneration,-3882.72,-8711.35,567,3,20,False,False,False
48618,mana28,Mana Regeneration,-3593.46,-8210.35,567,3,12,False,False,False
4295,mana39,Adverse Growth,-3593.46,-8544.35,567,0,0,True,False,False
34840,attributes33,Attribute,-3593.46,-7995.13,568,0,0,False,False,False
25011,mastery_life141,Life Mastery,-3589.42,6610.21,569,0,0,False,False,False
60404,stun16,Perfect Opportunity,-3671.42,6752.24,569,2,14,True,False,False
20691,stun20,Stun Buildup,-3447.4,6692.21,569,2,8,False,False,False
41739,stun22,Stun Buildup,-3507.42,6468.19,569,2,2,False,False,False
33601,chill_and_freeze13,Freeze Buildup,-3698.96,-419.575,570,2,20,False,False,False
5692,chill_and_freeze15,Chill Magnitude,-3414.91,-255.575,570,2,8,False,False,False
35708,chill_and_freeze16,Chill Magnitude,-3474.93,-479.603,570,2,2,False,False,False
41154,chill_and_freeze17,Freeze Buildup,-3638.93,-195.547,570,2,14,False,False,False
2863,chill_and_freeze18,Perpetual Freeze,-3556.93,-337.575,570,0,0,True,False,False
23364,auras31,Area and Presence,-3555.35,-3914.61,571,0,0,False,False,False
33781,auras32,Area and Presence,-3620.06,-3673.13,571,7,13,False,False,False
65493,auras33,Area and Presence,-3388.35,-3625.36,571,3,10,False,False,False
43854,auras34,All For One,-3313.87,-3849.91,571,7,7,True,False,False
48614,auras35,Area and Presence,-3490.65,-4156.1,571,7,1,False,False,False
9018,auras36,Area and Presence,-3722.35,-4203.87,571,3,22,False,False,False
35918,auras37,One For All,-3796.84,-3979.32,571,7,19,True,False,False
52038,mastery_aura_6313,Aura Mastery,-3550.74,-3918.97,572,0,0,False,False,False
36822,AscendancyMercenary3Small5,Attributes,-3528.5,19035.7,573,0,0,False,False,False
2511,criticals51_,Sundering,-3806.57,4949.13,574,3,20,True,False,False
19802,criticals66,Attack Critical Damage,-3375.29,5198.13,574,2,8,False,False,False
64399,criticals67__,Attack Critical Damage,-3558.31,5187.15,574,1,7,False,False,False
2071,mana_regeneration13,Mana Regeneration,-3516.49,-3399.91,575,2,0,False,False,False
37543,mana_regeneration18,Full Recovery,-3658.52,-3153.91,575,2,16,True,False,False
38420,mana_regeneration2,Mana Regeneration,-3658.52,-3317.91,575,2,20,False,False,False
16647,mastery_mana6192,Mana Mastery,-3516.49,-3235.91,575,0,0,False,False,False
33397,fire26,Fire Damage,-3614.38,205.579,576,2,21,False,False,False
51248,fire27,Fire Damage,-3382.45,437.511,576,2,9,False,False,False
53294,fire33,Burn Away,-3498.41,321.545,576,0,0,True,False,False
38292,fire4,Flammability Magnitude,-3614.38,437.511,576,2,15,False,False,False
39594,fire_penetration1,Fire Penetration,-3382.45,205.579,576,2,3,False,False,False
44733,intelligence2,Attribute,-3497.77,-6057.4,577,2,12,False,False,False
49363,passive_keystone_wildsurge_incantation,Wildsurge Incantation,-3496.22,-6579.23,578,0,0,False,True,False
49550,rage10,Prolonged Fury,-3484.73,4375.9,579,7,12,True,False,False
61935,rage7,Rage on Hit,-3484.73,4125.9,579,0,0,False,False,False
55746,rage8,Rage on Hit,-3268.23,4000.9,579,7,4,False,False,False
4624,rage9,Rage on Hit,-3243.25,4190.61,579,7,7,False,False,False
43842,archon1,Archon Effect,-3480.21,-9844.83,580,0,0,False,False,False
5695,archon2_,Archon Duration,-3696.72,-9969.83,580,7,20,False,False,False
32309,archon3,Archon Duration,-3769.47,-9677.83,580,3,16,False,False,False
59070,archon4,Enduring Archon,-3544.92,-9603.35,580,7,13,True,False,False
28092,archon5__,Archon Delay,-3263.71,-9719.83,580,7,8,False,False,False
17061,archon6_,Archon Delay,-3190.96,-10011.8,580,3,4,False,False,False
31773,archon7,Resurging Archon,-3415.51,-10086.3,580,7,1,True,False,False
55011,mastery_caster_6355,Caster Mastery,-3480.21,-9844.83,580,0,0,False,False,False
26697,mastery_sword225,Sword Mastery,-3462.24,12165.8,581,0,0,False,False,False
41511,minion_offence43,Command Skill Damage,-3445.11,-7610.06,582,0,0,False,False,False
62661,mastery_critical_271_,Critical Mastery,-3443.04,-4769.59,583,0,0,False,False,False
1433,intelligence49,Attribute,-4254.43,-7332.41,584,6,56,False,False,False
35284,heralds1,Herald Reservation,-3245.45,10833.9,585,7,3,False,False,False
3921,heralds17,Fate Finding,-3297.22,11227.2,585,7,10,True,False,False
38398,heralds18,Apocalypse,-3547.22,11227.2,585,7,14,True,False,False
31898,heralds2,Herald Reservation,-3180.74,11075.4,585,7,7,False,False,False
7473,heralds6,Herald Damage,-3486.93,10769.2,585,7,23,False,False,False
2211,heralds8,Herald Damage,-3663.71,10946,585,7,19,False,False,False
8154,mastery_herald_6556,Herald Mastery,-3422.22,11010.7,585,0,0,False,False,False
12786,mastery_aura_6312,Aura Mastery,-3421.76,-1975.64,586,0,0,False,False,False
15374,life_regeneration27_,Hale Heart,-3410.15,7031.06,587,0,0,True,False,False
48035,life_regeneration28,Life Regeneration,-3294.19,6915.1,587,2,3,False,False,False
54676,life_regeneration29,Life Regeneration,-3526.12,7147.03,587,2,15,False,False,False
39759,life_regeneration30,Life Regeneration,-3328.15,7173.09,587,2,10,False,False,False
11329,life_regeneration32,Life Regeneration,-3492.15,6889.04,587,2,22,False,False,False
52746,fire14,Fire Damage,-3408.23,10080.2,588,2,12,False,False,False
9796,fire15,Flammability Magnitude,-3572.23,9916.18,588,2,18,False,False,False
62310,fire39,Incendiary,-3533.23,9699.68,588,7,22,True,False,False
54148,fire_penetration25,Smoke Inhalation,-3244.23,9916.18,588,2,6,True,False,False
36325,fire_penetration7,Fire Penetration,-3450.77,9430.04,588,4,71,False,False,False
56934,mastery_fire_6522,Fire Mastery,-3408.23,9916.18,588,0,0,False,False,False
58591,AscendancyMercenary3Notable5__,Enhanced Effectiveness,-3392.1,18526.7,589,0,0,True,False,False
37612,attributes44,Attribute,-3366.12,7490.9,590,0,0,False,False,False
8531,criticals26,Leaping Ambush,-3273.57,-4571.19,591,3,11,True,False,False
24483,criticals27,Direct Approach,-3682.63,-4807.36,591,3,17,True,False,False
32660,criticals4,Critical Chance,-3475.98,-5009.77,591,2,21,False,False,False
8631,criticals5_,Critical Chance,-3193.01,-5183.06,591,3,2,False,False,False
59256,criticals6,Critical Chance,-3201.6,-4851.36,591,2,7,False,False,False
51534,criticals7,Critical Chance,-3527.01,-4604.55,591,3,14,False,False,False
46760,criticals8,Critical Chance,-3360.01,-4893.8,591,0,0,False,False,False
37963,sword11_,Sword Damage,-3401.12,12257.2,592,3,13,False,False,False
15855,sword13,Sword Damage,-3592.33,12530,592,5,41,False,False,False
59263,sword14,Ripping Blade,-3188.37,12405.9,592,4,33,True,False,False
61441,sword7_,Sword Speed,-2833.44,11247.3,592,6,7,False,False,False
54138,sword8,Sword Speed,-3314.67,12098.6,592,2,12,False,False,False
64223,AscendancySorceress3Small2,Energy Shield,-3309.23,-14351.1,593,0,0,False,False,False
9762,sword2,Sword Damage,-2941.92,11167.6,594,6,5,False,False,False
10783,sword3,Sword Damage,-3438.52,12010,594,2,16,False,False,False
38564,sword4,Sword Damage,-3532.67,12164.1,594,3,15,False,False,False
20091,sword5,Sword Damage,-3673.33,12466.2,594,5,43,False,False,False
51299,strength50,Attribute,-3292.33,5694.65,595,2,0,False,False,False
46060,life_leech14,Voracious,-3285.98,4641.42,596,7,0,True,False,False
29788,life_leech3,Life Leech,-3069.48,4766.42,596,7,4,False,False,False
44419,life_leech5_,Life Leech,-3160.98,5107.93,596,7,10,False,False,False
7251,life_leech6,Attack Damage,-3502.49,5016.42,596,7,16,False,False,False
29270,life_leech7,Attack Damage,-3502.49,4766.42,596,7,20,False,False,False
7488,mastery_leech127,Leech Mastery,-3285.98,4891.42,596,0,0,False,False,False
17655,auras1,Aura Effect,-3139.44,-1812.64,597,2,8,False,False,False
64299,auras18,Bolstering Presence,-3423.49,-1976.64,597,2,20,True,False,False
50558,auras3,Aura Effect,-3704.09,-2138.64,597,4,60,False,False,False
12462,auras4,Aura Effect,-3570.72,-2061.64,597,3,20,False,False,False
18465,criticals25_,Cruel Fate,-3595.15,-1520.81,597,4,44,True,False,False
39540,criticals2_,Critical Chance,-3723.74,-1688.4,597,4,49,False,False,False
36602,criticals36,Critical Damage,-3407.77,-1423.26,597,4,39,False,False,False
6744,intelligence32,Attribute,-2861.96,-2621.23,597,6,6,False,False,False
49357,intelligence33_,Attribute,-3281.46,-2733.64,597,6,0,False,False,False
32194,intelligence34,Attribute,-4008.06,-2314.14,597,6,60,False,False,False
58651,minion_offence1,Minion Damage,-3324,-2380.78,597,4,71,False,False,False
5777,minion_offence13,Deadly Swarm,-3114.56,-2353.21,597,4,4,True,False,False
44951,minion_offence4,Minion Damage,-2936.4,-2239.7,597,4,9,False,False,False
37629,strength7,Attribute,-3700.97,-1168.04,597,6,42,False,False,False
55933,strength8,Attribute,-4008.06,-1475.14,597,6,48,False,False,False
60191,crossbow27,Bolt Speed,-3179.85,7320.8,598,7,11,False,False,False
54985,crossbow28,Bolt Speed,-3003.07,7144.02,598,7,7,False,False,False
14602,crossbow29,Specialised Shots,-3067.78,6902.54,598,7,3,True,False,False
42737,mastery_crossbow_6421_,Crossbow Mastery,-3028.05,6954.31,598,7,4,False,False,False
47168,intelligence52,Attribute,-3225.69,-10395.8,599,0,0,False,False,False
38235,mastery_life144,Life Mastery,-3224.09,7913.29,600,0,0,False,False,False
34671,stun_threshold14,Stun Threshold and Strength,-3142.09,8055.32,600,2,10,False,False,False
61934,stun_threshold20,Stun Threshold,-3142.09,7771.27,600,2,2,False,False,False
24477,stun_threshold22,Stun Threshold and Strength,-3366.12,7995.29,600,2,16,False,False,False
17532,stun_threshold23,Stun Threshold,-3366.12,7831.29,600,2,20,False,False,False
48418,stun_threshold24_,Hefty Unit,-3060.09,7913.29,600,2,6,True,False,False
57373,ignite11,Flammability Magnitude,-3215.38,-6401.48,601,0,0,False,False,False
25303,minion_defence41,Minion Fire Resistance,-3196.2,-8995.5,602,0,0,False,False,False
39935,passive_keystone_necromantic_talisman,Necromantic Talisman,-3184.23,-9385.96,603,0,0,False,True,False
38323,strength17,Attribute,-3154.84,556.125,604,0,0,False,False,False
48305,strength6,Attribute,-3144.84,-551.555,605,0,0,False,False,False
4956,mastery_recovery_6674,Recovery Mastery,-3121.95,-1268.74,606,0,0,False,False,False
35560,minion_offence47_,At your Command,-3116.51,-7680.34,607,0,0,True,False,False
22045,life_regeneration10,Life Regeneration,-3197.35,-1125.94,608,2,14,False,False,False
63209,life_regeneration11,Life Regeneration and Damage,-3197.35,-1409.99,608,2,22,False,False,False
30704,life_regeneration12,Life Regeneration and Damage,-2951.35,-1267.96,608,2,6,False,False,False
13505,life_regeneration15_,Resilient Soul,-3115.35,-1267.96,608,0,0,True,False,False
30979,intelligence38,Attribute,-3109.62,-5381.56,609,0,0,False,False,False
30265,AscendancySorceress3Small1,Energy Shield,-3087.41,-15208.1,610,0,0,False,False,False
4407,minion_defence40_,Minion Physical Damage Reduction,-3069.12,-8364.27,611,0,0,False,False,False
64327,block15,Defender's Resolve,-3303.47,2293.03,612,3,21,True,False,False
18629,block7_,Block,-3067.29,2195.2,612,3,0,False,False,False
39517,block8,Block,-3401.29,2529.2,612,3,18,False,False,False
49391,mastery_block31,Block Mastery,-3067.29,2529.2,612,0,0,False,False,False
36629,strength22,Attribute,-3531.86,2993.77,612,5,45,False,False,False
44659,strength23,Attribute,-2602.73,2993.77,612,5,27,False,False,False
62732,stun_threshold11,Titan's Determination,-2831.12,2765.38,612,3,9,True,False,False
53373,stun_threshold26,Stun Threshold,-3412.36,2874.27,612,4,45,False,False,False
64192,stun_threshold28,Stun Threshold,-3067.29,2863.2,612,3,12,False,False,False
18742,stun_threshold7,Stun Threshold,-2733.29,2529.2,612,3,6,False,False,False
43366,minion_defence25,Minion Physical Damage Reduction,-3061.21,-8608.16,613,0,0,False,False,False
33618,mastery_duration_6467,Duration Mastery,-2967.94,-5749.55,614,2,10,False,False,False
12610,oracle_energy_gain1,Energy,-3266.45,-6016.57,614,7,20,False,False,False
4873,oracle_energy_gain2,Energy,-3049.94,-6141.57,614,7,0,False,False,False
12683,oracle_energy_gain3,Power of the Storm,-2833.44,-6016.57,614,7,4,True,False,False
61974,oracle_energy_gain_mastery1,Invocation Mastery,-2924.94,-6108.08,614,7,2,False,False,False
39990,slowed_enemies10,Chronomancy,-2808.46,-5826.87,614,7,7,True,False,False
20718,slowed_enemies6,Duration,-3049.94,-5641.57,614,7,12,False,False,False
13294,slowed_enemies8,Duration,-3090.94,-5820.56,614,1,7,False,False,False
15194,minion_defence38,Minion Fire Resistance,-3049.19,-8762.37,615,0,0,False,False,False
34747,accuracy14,Accuracy,-3108.73,6011.91,616,7,23,False,False,False
24753,accuracy17,Determined Precision,-3044.02,6253.4,616,0,0,True,False,False
56567,accuracy5,Accuracy,-2979.32,6494.88,616,7,11,False,False,False
151,accuracy6,Accuracy,-2802.54,6188.69,616,7,5,False,False,False
6274,accuracy7,Accuracy,-3285.51,6318.1,616,7,17,False,False,False
43895,life_regeneration6,Life Regeneration on Low Life,-2748.56,4483.94,617,7,6,False,False,False
13562,life_regeneration7,Life Regeneration on Low Life,-3248.56,4483.94,617,7,18,False,False,False
23650,life_regeneration5,Life Regeneration on Low Life,-2977.66,4647.94,618,2,12,False,False,False
56616,life_regeneration8_,Desperate Times,-2977.66,4319.94,618,2,0,True,False,False
41415,mastery_life136,Life Mastery,-2977.66,4483.94,618,0,0,False,False,False
30219,accuracy47,Accuracy,-3046,3570.49,619,1,10,False,False,False
45177,accuracy48,Strike True,-2832.96,3529.49,619,2,4,True,False,False
39732,accuracy49,Accuracy,-2892.98,3753.52,619,2,10,False,False,False
61657,armour_and_evasion46,Armour applies to Elemental Damage and Deflection,-2790.14,8216.2,620,3,2,False,False,False
45808,armour_and_evasion47,Armour applies to Elemental Damage and Deflection,-2707.14,8505.46,620,7,6,False,False,False
17750,armour_and_evasion48,Armour applies to Elemental Damage and Deflection,-3082.14,8288.95,620,7,22,False,False,False
3191,armour_and_evasion49_,Armour applies to Elemental Damage and Deflection,-2957.14,8839.46,620,3,12,False,False,False
65324,armour_and_evasion50,Armour applies to Elemental Damage and Deflection,-3246.4,8672.46,620,3,16,False,False,False
24736,armour_and_evasion51,Knight of Chitus,-2790.24,8964.03,620,4,32,True,False,False
1861,armour_and_evasion52,Knight of Tarcus,-3437.73,8590.2,620,4,52,True,False,False
9863,armour_and_evasion53,Knight of Izaro,-3201.14,8928.08,620,4,42,True,False,False
658,armour_and_evasion55,Armour applies to Elemental Damage and Deflection,-3279.76,8419.01,620,3,19,False,False,False
35623,armour_and_evasion56_,Armour applies to Elemental Damage and Deflection,-2720.97,8741.63,620,3,9,False,False,False
29148,intelligence48,Attribute,-2904.82,-7995.13,621,0,0,False,False,False
38300,ignite9,Flammability Magnitude,-2893.96,-6643.12,622,0,0,False,False,False
17517,area_of_effect1,Area of Effect,-2880.6,-1418.56,623,7,12,False,False,False
13233,area_of_effect23,Radial Force,-2880.6,-1668.56,623,0,0,True,False,False
19873,area_of_effect4,Area of Effect,-2664.1,-1793.56,623,7,4,False,False,False
44344,attributes63,Attribute,-2864.23,-9385.96,624,0,0,False,False,False
27726,armour14,Armour,-2709.02,1727.22,625,2,8,False,False,False
32416,armour35,Sturdy Metal,-2993.07,1727.22,625,2,16,True,False,False
6529,armour5,Armour,-2851.04,1481.22,625,2,0,False,False,False
8406,strength12,Attribute,-3085.78,-235.639,626,3,21,False,False,False
6015,strength16,Attribute,-3085.78,236.709,626,3,15,False,False,False
35426,strength89,Attribute,-3688.6,0.53499,626,6,54,False,False,False
2606,minion_defence24,Minion Life,-2824.48,-8667.27,627,1,6,False,False,False
21606,minion_defence32,Minion Life,-2824.48,-8415.27,627,3,12,False,False,False
20388,minion_defence36_,Regenerative Flesh,-2906.48,-8891.3,627,2,22,True,False,False
64471,strength84,Attribute,-3296.97,10498.4,628,4,54,False,False,False
45824,sword1,Sword Damage,-2787.46,11061,629,0,0,False,False,False
6898,templar_druid_notable1,Relentless Vindicator,-2774.38,-1070.72,630,0,0,True,False,False
3282,ballista1,Ballista Immobilisation Buildup,-2992.59,10261.1,631,3,15,False,False,False
58817,ballista16,Artillery Strike,-2285.04,9898.59,631,4,15,True,False,False
53607,ballista17,Fortified Location,-2630.11,9553.52,631,4,3,True,False,False
37302,ballista18,Kept at Bay,-3045.67,9857.89,631,3,20,True,False,False
52860,ballista2,Ballista Damage,-2756.41,10274.9,631,7,12,False,False,False
45494,ballista3,Ballista Immobilisation Buildup,-2520.24,10261.1,631,3,9,False,False,False
40975,ballista4,Ballista Damage,-2756.41,10024.9,631,0,0,False,False,False
24368,ballista5,Ballista Damage,-2756.41,9774.89,631,7,0,False,False,False
40597,ballista7,Ballista Attack Speed,-2411.35,9679.83,631,4,9,False,False,False
65016,fire35,Intense Flames,-3039.7,-6941.15,632,3,16,True,False,False
21206,fire36,Explosive Impact,-2461.19,-6941.15,632,3,8,True,False,False
6752,fire5,Fire Damage,-2836.89,-7430.76,632,3,23,False,False,False
7378,fire6,Fire Damage,-3039.7,-7275.15,632,3,20,False,False,False
968,fire7_,Fire Damage and Area,-2583.44,-7397.4,632,3,2,False,False,False
45899,fire9,Fire Damage and Area,-2427.83,-7194.59,632,3,5,False,False,False
54911,ignite10,Firestarter,-2586.44,-7108.15,632,2,6,True,False,False
31326,ignite6,Slow Burn,-2914.44,-7108.15,632,2,18,True,False,False
39716,ignite7_,Flammability Magnitude,-2750.44,-6944.15,632,2,12,False,False,False
44092,ignite8,Ignite Magnitude,-2750.44,-7272.15,632,2,0,False,False,False
11505,mastery_fire116,Fire Mastery,-2750.44,-7108.15,632,0,0,False,False,False
61615,life_recoup31,Life Recoup Speed,-2744.4,-4969.4,633,0,0,False,False,False
14575,minion_defence39,Minion Lightning Resistance,-2730.42,-9028.75,634,0,0,False,False,False
32128,life_recoup36,Flow of Time,-2720.45,-5537.28,635,0,0,True,False,False
56090,oracle_spell_poison1_,Chance to Poison and Spell Damage,-2990.92,-4106.5,636,3,16,False,False,False
59136,oracle_spell_poison2,Chance to Poison and Spell Damage,-2878.44,-4450.27,636,7,21,False,False,False
17729,oracle_spell_poison3,Chance to Poison and Spell Damage,-2543.25,-4315.94,636,2,5,False,False,False
56466,oracle_spell_poison4,Night's Bite,-2701.66,-4273.5,636,0,0,True,False,False
11184,DeliriumAnoint_ZarokhsGift_,Zarokh's Gift,-2697.32,-12038.7,637,0,0,False,False,True
55412,slowed_enemies16,Slow Effect on You,-2933.5,-10912.8,638,3,15,False,False,False
22538,slowed_enemies17,Slow Effect on You,-3031.32,-11149,638,3,18,False,False,False
64659,slowed_enemies18,Lasting Boons,-2933.5,-11385.2,638,3,21,True,False,False
25211,slowed_enemies19,Waning Hindrances,-2461.15,-11385.2,638,3,3,True,False,False
11330,slowed_enemies20,Debuff Expiry Rate,-2363.32,-11149,638,3,6,False,False,False
22185,slowed_enemies21,Debuff Expiry Rate,-2461.15,-10912.8,638,3,9,False,False,False
17796,slowed_enemies22,Cooldown Recovery Rate,-2697.32,-10985,638,2,12,False,False,False
12412,slowed_enemies23_,Temporal Mastery,-2697.32,-11231,638,1,0,True,False,False
3355,slowed_enemies24,Slow Effect on You and Debuff Expiry Rate,-2697.32,-11483,638,3,0,False,False,False
38105,energy_shield22,Energy Shield,-2903.56,-10687.7,639,4,67,False,False,False
49455,energy_shield23,Energy Shield,-2491.09,-10687.7,639,4,5,False,False,False
13537,energy_shield24,Energy Shield,-2323.5,-10559.1,639,4,10,False,False,False
44299,energy_shield36,Enhanced Barrier,-2697.32,-10733.5,639,4,0,True,False,False
6006,energy_shield9,Energy Shield,-3071.15,-10559.1,639,4,62,False,False,False
23939,life_recoup18,Glazed Flesh,-2697.32,-9995.46,639,7,12,True,False,False
59425,life_recoup21,Life Recoup,-2913.83,-10120.5,639,7,16,False,False,False
2508,life_recoup5,Life Recoup,-2947.32,-10245.5,639,7,18,False,False,False
51797,life_recoup7,Life Recoup,-2480.82,-10120.5,639,7,8,False,False,False
22141,life_recoup8,Life Recoup,-2447.32,-10245.5,639,7,6,False,False,False
857,mastery_life139,Energy Shield Mastery,-2697.32,-10245.5,639,0,0,False,False,False
58789,stun_threshold_from_energy_shield14,Stun and Ailment Threshold from Energy Shield,-2216.74,-10160.7,639,4,20,False,False,False
46275,stun_threshold_from_energy_shield15,Stun and Ailment Threshold from Energy Shield,-2654.79,-9759.32,639,4,35,False,False,False
13307,stun_threshold_from_energy_shield16,Stun and Ailment Threshold from Energy Shield,-2297.58,-9965.56,639,4,25,False,False,False
26614,stun_threshold_from_energy_shield17,Stun and Ailment Threshold from Energy Shield,-2864.23,-9786.89,639,4,40,False,False,False
3894,stun_threshold_from_energy_shield22,Eldritch Will,-2453.32,-9822.84,639,4,30,True,False,False
63469,mana1,Mana Regeneration and Skill Speed,-2574.19,-1921.23,640,2,10,False,False,False
57967,mana17,Sturdy Mind,-2656.19,-2063.25,640,0,0,True,False,False
50216,mana2,Mana Regeneration and Skill Speed,-2820.19,-2063.25,640,2,18,False,False,False
30834,mana4,Mana Regeneration,-2574.19,-2205.28,640,2,2,False,False,False
56857,AscendancySorceress3Notable1,Sacred Rituals,-3189.58,-14010.2,641,6,44,True,False,False
10561,AscendancySorceress3Notable10_,Navira's Fracturing,-2891.77,-14588.2,641,7,17,True,False,False
43426,AscendancySorceress3Notable11,Navira's Well,-2650.28,-14488.9,641,2,12,True,False,False
45602,AscendancySorceress3Notable12_,Navira's Oasis,-2408.8,-14588.2,641,7,7,True,False,False
23265,AscendancySorceress3Notable13,Kelari's Deception,-1335.31,-14537.9,641,9,38,True,False,False
25653,AscendancySorceress3Notable14,Kelari's Judgment,-1578.38,-14559.2,641,8,19,True,False,False
36109,AscendancySorceress3Notable15,Kelari's Malediction,-1814.48,-14579.8,641,6,19,True,False,False
64591,AscendancySorceress3Notable16,Ruzhan's Trap,-3965.26,-14537.9,641,9,106,True,False,False
25683,AscendancySorceress3Notable17,Ruzhan's Reckoning,-3486.09,-14579.8,641,6,53,True,False,False
14131,AscendancySorceress3Notable18,Ruzhan's Fury,-3722.19,-14559.2,641,8,53,True,False,False
46091,AscendancySorceress3Notable2,The Fourth Teaching,-3297.3,-14767,641,5,56,True,False,False
2810,AscendancySorceress3Notable3,Varashta's Intuition,-2939.54,-14819.9,641,3,20,True,False,False
20701,AscendancySorceress3Notable5_,Instruments of Power,-2361.03,-14819.9,641,3,4,True,False,False
36891,AscendancySorceress3Notable6,Baryanic Leylines,-2110.99,-14010.2,641,6,28,True,False,False
32705,AscendancySorceress3Notable7,Barya of Navira,-2650.28,-14986.9,641,3,0,True,False,False
13289,AscendancySorceress3Notable8,Barya of Kelari,-1610.95,-14931.4,641,8,15,True,False,False
34207,AscendancySorceress3Notable9,Barya of Ruzhan,-3689.62,-14931.4,641,8,57,True,False,False
35880,AscendancySorceress3Small4,Cast Speed,-2406.28,-15075.6,641,4,6,False,False,False
9843,AscendancySorceress3Small5,Mana,-2894.28,-15075.6,641,4,66,False,False,False
8305,AscendancySorceress3Start,Disciple of Varashta,-2650.28,-15491.9,641,6,0,False,False,False
3414,minion_defence37,Minion Lightning Resistance,-2625.49,-8808.47,642,0,0,False,False,False
23227,melee40,Initiative,-2620.07,6887.23,643,4,0,True,False,False
39564,melee41,Melee Damage,-2620.07,7625.23,643,7,12,False,False,False
3516,melee43,Melee Damage,-2620.07,7125.23,643,7,0,False,False,False
38663,melee28,Melee Critical Chance,-2370.07,7379.36,644,7,6,False,False,False
49618,melee39,Deadly Flourish,-2620.07,7379.36,644,0,0,True,False,False
62039,melee42,Melee Damage,-2870.07,7379.36,644,7,18,False,False,False
55348,mastery_dualwield90,Attack Mastery,-2620.07,7389.42,645,0,0,False,False,False
13279,strength78_,Attribute,-2620.07,7921.63,646,0,0,False,False,False
37967,DeliriumAnoint_DesertsScorn,Desert's Scorn,-2595.86,24.305,647,0,0,True,False,False
47284,minion_defence26,Minion Cold Resistance,-2588.8,-8604.12,648,0,0,False,False,False
1865,endurance_charges13,Fire Damage when consuming an Endurance Charge,-2568.32,4112.17,649,2,12,False,False,False
54934,endurance_charges14,Fire Damage when consuming an Endurance Charge,-2426.3,3866.16,649,2,4,False,False,False
15494,endurance_charges15,Fire Damage when consuming an Endurance Charge,-2710.35,3866.16,649,2,20,False,False,False
43584,endurance_charges16_,Flare,-2568.32,3948.16,649,0,0,True,False,False
8493,attributes7,Attribute,-2554.96,10828.4,650,0,0,False,False,False
42177,attack_speed20,Blurred Motion,-2553.76,5504.65,651,0,0,True,False,False
5049,attack_speed22,Attack Speed and Dexterity,-2803.76,5504.65,651,7,18,False,False,False
43183,attack_speed23,Attack Speed and Accuracy,-2303.76,5504.65,651,7,6,False,False,False
11153,attack_speed24,Attack Speed and Accuracy,-2553.76,5754.65,651,7,12,False,False,False
49231,attack_speed9,Attack Speed,-2553.76,5254.65,651,7,0,False,False,False
41838,duration13,Increased Duration and Stun Threshold,-2324.53,-1587.22,652,7,4,False,False,False
38103,duration14,Increased Duration and Stun Threshold,-2541.03,-1212.22,652,7,12,False,False,False
25429,duration15,Grounded in the Earth,-2399.01,-1380.22,652,2,8,True,False,False
34084,mastery_duration_6465,Duration Mastery,-2470.02,-1421.22,652,1,4,False,False,False
3332,minion_defence34,Minion Cold Resistance,-2530.04,-8376.52,653,0,0,False,False,False
53396,intelligence30,Attribute,-1795.65,-1869.55,654,6,12,False,False,False
64370,intelligence31,Attribute,-1686.44,-1523.17,654,6,17,False,False,False
45923,strength4,Attribute,-2167.67,-689.653,654,6,31,False,False,False
52319,strength5,Attribute,-2522.24,-611.045,654,6,36,False,False,False
51921,strength42,Attribute,-3341.19,3479.47,655,6,54,False,False,False
59442,life_recoup33,Life Recoup Speed,-2496.77,-4970.02,656,0,0,False,False,False
18101,life_recoup30,Life Recoup Speed,-2496.26,-5249.94,657,0,0,False,False,False
44850,mastery_recovery_6673,Recovery Mastery,-2494.67,-5247.26,658,0,0,False,False,False
15801,life_recoup37,Life Recoup Speed,-2494.45,-5536.38,659,0,0,False,False,False
5920,area_attacks20,Attack Area Damage and Area,-2623.03,3483.68,660,2,16,False,False,False
52574,area_attacks21,Attack Area Damage and Area,-2657.78,3224.91,660,7,21,False,False,False
55478,area_attacks22,Attack Area Damage and Area,-2399,3259.66,660,2,2,False,False,False
48006,area_attacks28,Devastation,-2304.23,3578.46,660,7,9,True,False,False
33604,mastery_attack277,Attack Mastery,-2481,3401.68,660,0,0,False,False,False
32523,mastery_caster_6358,Caster Mastery,-2460.75,-3489.54,661,0,0,False,False,False
58930,cast_speed25,Cast Speed,-2280.76,-3303.1,662,7,9,False,False,False
52429,cast_speed26,Cast Speed,-2543.98,-3157.26,662,3,13,False,False,False
6294,cast_speed27,Cast Speed,-2945.53,-3479.88,662,4,54,False,False,False
4847,cast_speed28__,Cast Speed,-2786.03,-4048.85,662,5,66,False,False,False
14934,cast_speed34,Spiral into Mania,-2315.51,-3561.88,662,2,4,True,False,False
858,chaos13,Chaos Damage,-1800.53,-3479.88,662,5,18,False,False,False
58387,chaos14,Chaos Damage,-2213.53,-3902.5,662,4,6,False,False,False
52454,chaos15,Chaos Damage,-2693.71,-3716.05,662,3,21,False,False,False
46604,chaos17,Chaos Damage,-2699.02,-3415.17,662,7,17,False,False,False
2138,chaos34__,Spiral into Insanity,-2457.53,-3315.88,662,2,12,True,False,False
1546,energy_shield_and_armour14,Spiral into Depression,-2599.56,-3561.88,662,2,20,True,False,False
38827,energy_shield_and_armour17,Armour and Energy Shield,-2392.83,-3721.36,662,7,1,False,False,False
31890,energy_shield_and_armour18,Armour and Energy Shield,-2134.92,-3566.32,662,3,5,False,False,False
25745,energy_shield_and_armour19,Armour and Energy Shield,-2213.53,-3057.25,662,4,30,False,False,False
21081,energy_shield_and_armour20,Armour and Energy Shield,-2786.04,-2910.9,662,5,42,False,False,False
35745,oracle_endurance_charge1,Gain Maximum Endurance Charges on Gaining Endurance Charge,-2349.32,-2550.64,663,2,10,False,False,False
12601,oracle_endurance_charge2,Gain Maximum Endurance Charges on Gaining Endurance Charge,-2349.32,-2834.69,663,2,2,False,False,False
483,oracle_endurance_charge3,Gain Maximum Endurance Charges on Gaining Endurance Charge,-2595.32,-2692.66,663,2,18,False,False,False
50908,oracle_endurance_charge4,Strength of the Deep,-2431.32,-2692.66,663,0,0,True,False,False
27992,mastery_crossbow_6420,Crossbow Mastery,-2415.33,11530.7,664,0,0,False,False,False
23373,grenades19,Grenade Damage,-2566.07,11269.5,665,3,22,False,False,False
23428,grenades20,Grenade Damage,-2733.07,11558.8,665,3,18,False,False,False
47623,grenades21,Grenade Damage,-2481.07,11700.8,665,2,14,False,False,False
53895,grenades24,Grenade Fuse Duration,-2109.82,11725.8,665,3,8,False,False,False
17026,grenades25,Grenade Cooldown Recovery Rate,-2317.07,11416.7,665,2,2,False,False,False
17303,grenades27,Utility Ordnance,-2149.07,11558.8,665,7,6,True,False,False
38570,grenades28,Demolitionist,-2274.07,11775.3,665,7,10,True,False,False
5710,marauder_brute_notable1,Brutal,-2864.47,1160.02,666,4,51,True,False,False
14923,mastery_attack_6297,Attack Mastery,-2393.09,1033.71,666,0,0,False,False,False
46325,melee18,Melee Damage,-2151.61,969.01,666,7,5,False,False,False
33556,melee25,Melee Damage,-2268.09,817.209,666,7,2,False,False,False
55473,melee44,Melee Damage,-2457.8,792.234,666,7,23,False,False,False
43164,melee46,Melee Damage,-2609.6,908.715,666,7,20,False,False,False
1207,strength18,Attribute,-2519.4,562.343,666,4,69,False,False,False
13397,strength3,Attribute,-2149.09,611.095,666,4,6,False,False,False
39581,stun4_,Stun Buildup,-2176.59,1158.71,666,7,8,False,False,False
6839,stun5,Stun Buildup,-2518.09,1250.22,666,7,14,False,False,False
61042,attributes62,Attribute,-2364.29,-8977.68,667,0,0,False,False,False
11679,attributes78,Attribute,-2364.29,-7995.11,668,0,0,False,False,False
54453,minion_reservation11,Minion Damage and Life,-2362.28,-9214.04,669,2,12,False,False,False
19006,minion_reservation12,Minion Damage and Life,-2526.28,-9378.04,669,2,18,False,False,False
39461,minion_reservation13_,Minion Damage and Life,-2362.28,-9542.04,669,2,0,False,False,False
229,minion_reservation15_,Minion Damage and Life,-2198.28,-9378.04,669,2,6,False,False,False
46365,minion_reservation16,Gigantic Following,-2362.28,-9378.04,669,0,0,True,False,False
38856,intelligence40,Attribute,-3190.05,-3487.38,670,6,54,False,False,False
39207,slow_mitigation1,Slow Effect on You,-2184.42,8668.39,671,7,10,False,False,False
33518,slow_mitigation2,Slow Effect on You,-2224.68,8932.47,671,4,34,False,False,False
37519,slow_mitigation3,Movement Speed ,-2434.42,8668.39,671,7,14,False,False,False
17045,slow_mitigation4_,Movement Speed ,-2553.42,8874.5,671,4,42,False,False,False
32564,slow_mitigation5,Movement Speed and Slow Effect on You,-2309.42,8451.88,671,0,0,False,False,False
63579,slow_mitigation7_,Momentum,-2065.42,8874.5,671,4,30,True,False,False
55131,slow_mitigation8,Light on your Feet,-2394.17,8932.47,671,4,38,True,False,False
28950,templar_druid_notable2,Devoted Protector,-2308.21,-1862.64,672,0,0,True,False,False
46358,intelligence37,Attribute,-2711.35,-4734.09,673,6,66,False,False,False
50423,intelligence39,Attribute,-3102.27,-4224.64,673,6,57,False,False,False
59376,intelligence83,Attribute,-2074.71,-4817.91,673,6,3,False,False,False
59438,life_recoup35,Flow of Life,-2280.15,-5538.98,674,0,0,True,False,False
59413,life_recoup29,Life Recoup Speed,-2250.63,-4971.77,675,0,0,False,False,False
19240,intelligence27,Attribute,-2241.38,-4242.75,676,0,0,False,False,False
13241,strength41,Attribute,-2948.14,3959.4,677,6,48,False,False,False
56783,AscendancySorceress3Small6_,Area of Effect,-2213.09,-15208.1,678,0,0,False,False,False
53589,attributes64,Attribute,-2199.44,3805.96,679,0,0,False,False,False
17584,area_attacks4,Attack Area,-2347.27,-926.219,680,2,17,False,False,False
28446,area_attacks5_,Attack Area,-2072.89,-852.699,680,2,9,False,False,False
12430,melee2,Melee Damage,-2231.3,-810.253,680,2,13,False,False,False
61067,spell_criticals6,Spell Critical Damage,-2304.82,-1084.63,680,2,21,False,False,False
1143,spell_criticals7,Spell Critical Damage,-2030.44,-1011.11,680,2,5,False,False,False
58170,spells2,Spell Damage,-2146.41,-1127.08,680,2,1,False,False,False
28718,mastery_elemental_6475,Elemental Mastery,-2187.5,-962.965,681,0,0,False,False,False
54521,intelligence53_,Attribute,-2171.82,-10395.8,682,0,0,False,False,False
48670,strength40_,Attribute,-2553.77,4415.4,683,6,42,False,False,False
6714,mercenary10,Curse Effect on you and Life Regeneration Rate,-2097.34,4370.32,684,2,12,False,False,False
5066,mercenary6,Curse Effect on you,-1955.32,4288.32,684,2,8,False,False,False
51788,mercenary7,Curse Effect on you,-1955.32,4124.32,684,2,4,False,False,False
42583,mercenary8,Life Regeneration Rate,-2261.34,4206.32,684,2,18,False,False,False
10499,mercenary9,Necromantic Ward,-2097.34,4042.32,684,2,0,True,False,False
1913,armour7,Armour,-1916.01,1377.92,685,7,3,False,False,False
4665,life_regeneration19,Life Regeneration,-2092.78,1304.69,685,7,0,False,False,False
61534,life_regeneration20,Life Regeneration,-2342.78,1554.69,685,7,18,False,False,False
7721,marauder_brute_notable2,Relentless,-2437.85,1899.76,685,4,45,True,False,False
64683,mastery_armour_6287,Armour Mastery,-2092.78,1554.69,685,0,0,False,False,False
41031,strength25,Attribute,-1747.72,1899.76,685,4,27,False,False,False
23570,strength26,Attribute,-1604.78,1554.69,685,4,18,False,False,False
36709,stun_threshold13,Stun Threshold,-1842.78,1554.69,685,7,6,False,False,False
63393,stun_threshold15,Stun Threshold,-2092.78,1804.69,685,7,12,False,False,False
10772,life_leech15,Bloodthirsty,-2087.68,7594.08,686,0,0,True,False,False
21468,life_leech19,Life Leech,-2087.68,7928.08,686,3,12,False,False,False
2119,life_leech20,Life Leech,-2087.68,7430.08,686,2,0,False,False,False
39274,life_leech21,Life Leech,-1923.68,7594.08,686,2,6,False,False,False
53505,life_leech22,Life Leech,-2251.68,7594.08,686,2,18,False,False,False
38430,mastery_trap_6766,Trap Mastery,-2087.38,4208.07,687,0,0,False,False,False
2864,attributes72,Attribute,-2086.96,8229.42,688,0,0,False,False,False
48581,exploiting_elemental_ailments16,Exploit the Elements,-2076.24,-5540.25,689,6,0,True,False,False
15969,exploiting_elemental_ailments3,Damage against Ailments,-2076.24,-5035.25,689,3,0,False,False,False
41129,exploiting_elemental_ailments4,Damage against Ailments,-2160.99,-5181.83,689,4,70,False,False,False
24338,exploiting_elemental_ailments5,Damage against Ailments,-2190.33,-5348.26,689,5,70,False,False,False
15838,exploiting_elemental_ailments6,Ailment Chance,-1991.5,-5181.83,689,4,2,False,False,False
33242,exploiting_elemental_ailments7,Ailment Chance,-1962.16,-5348.26,689,5,2,False,False,False
13387,mastery_elemental95,Elemental Mastery,-2076.24,-5358.25,689,5,0,False,False,False
1543,cast_speed24,Cast Speed,-2074.7,-4616.38,690,1,0,False,False,False
14096,cast_speed29,Cast Speed,-2156.7,-4392.35,690,2,14,False,False,False
44293,cast_speed40,Hastening Barrier,-1958.74,-4418.41,690,2,9,True,False,False
54232,strength24_,Attribute,-2059.23,2453.77,691,0,0,False,False,False
44372,orb1,Spell Damage and Cast Speed,-2094.25,-7785.1,692,2,22,False,False,False
25829,orb3,Spell Damage and Cast Speed,-1853.84,-7600.63,692,2,7,False,False,False
57791,orb4,Spell Damage and Cast Speed,-2154.28,-7561.07,692,2,16,False,False,False
52229,orb5,Secrets of the Orb,-2012.26,-7643.07,692,0,0,True,False,False
41646,strength39_,Attribute,-2012.03,4519.75,693,0,0,False,False,False
28860,armour_break26,Armour Break,-2262.02,4750.59,694,7,18,False,False,False
56104,armour_break27,Armour Break,-2301.28,4917.59,694,3,16,False,False,False
14091,armour_break28,Armour Break and Physical Damage,-2012.03,4668.59,694,1,0,False,False,False
23993,armour_break29,Physical Damage,-2012.03,4914.59,694,2,12,False,False,False
8115,armour_break30,Pin Buildup,-1722.77,4917.59,694,3,8,False,False,False
36449,armour_break31,Pin Buildup,-1762.03,4750.59,694,7,6,False,False,False
42981,armour_break37,Cruel Methods,-2178.93,5209.16,694,4,40,True,False,False
52684,armour_break38,Eroding Chains,-1845.12,5209.16,694,4,32,True,False,False
58674,mastery_elemental_6469,Elemental Mastery,-1901.41,3924.05,695,7,1,False,False,False
17867,slowed_enemies28,Exposure Effect and Slow Effect,-1841.11,4382.04,695,7,10,False,False,False
37092,slowed_enemies29,Exposure Effect and Slow Effect,-1716.11,4165.53,695,7,6,False,False,False
55817,slowed_enemies30,Alchemical Oil,-1901.41,3924.05,695,7,1,True,False,False
2397,attack21,Last Stand,-1955.88,11130.6,696,0,0,True,False,False
54437,attack37,Attack Damage on Low Life,-2172.38,11005.6,696,7,20,False,False,False
16111,attack38_,Attack Damage while Surrounded,-1739.37,11005.6,696,7,4,False,False,False
5324,attack39,Attack Damage if Stunned Recently,-2172.38,11255.6,696,7,16,False,False,False
46268,attack40,Attack Damage while no remaining Life Flasks,-1739.37,11255.6,696,7,8,False,False,False
43791,banners13,Rallying Icon,-1945.48,5524.53,697,3,0,True,False,False
53320,banners18,Banner Glory Gained,-2027.48,5716.51,697,2,22,False,False,False
16385,banners19,Banner Glory Gained,-2027.48,6000.56,697,2,14,False,False,False
41651,banners20,Banner Area,-1863.48,5716.51,697,2,2,False,False,False
5098,banners21,Banner Area,-1863.48,6000.56,697,2,10,False,False,False
3367,voices_jewel_slot5,[SinisterJewelSockets|Sinister] [Jewel] Socket,-1941.19,-330.325,698,0,0,False,False,True
20119,mastery_minion_offence_6620_,Minion Offence Mastery,-1940.55,-8386.27,699,0,0,False,False,False
18160,minion_offence29,Minion Critical Chance,-2065.55,-8169.77,699,7,14,False,False,False
15809,minion_offence30_,Minion Critical Chance,-2107.54,-8675.53,699,3,22,False,False,False
26945,minion_offence31,Minion Critical Chance,-2098.96,-8343.83,699,2,17,False,False,False
31175,minion_offence33_,Grip of Evil,-2022.55,-8528.3,699,2,22,True,False,False
22783,minion_reservation1,Minion Damage,-1815.55,-8169.77,699,7,10,False,False,False
30720,minion_reservation14,Entropic Incarnation,-1858.55,-8528.3,699,2,2,True,False,False
54036,minion_reservation4,Minion Damage,-1773.55,-8675.53,699,3,2,False,False,False
17501,minion_reservation5,Minion Damage,-1782.13,-8343.83,699,2,7,False,False,False
18485,volatility1,Unstable Bond,-1940.55,-8720.27,699,3,0,True,False,False
39087,voices_jewel_slot4,[SinisterJewelSockets|Sinister] [Jewel] Socket,-1940.44,-177.335,700,0,0,False,False,True
23960,voices_jewel_slot3__,[SinisterJewelSockets|Sinister] [Jewel] Socket,-1938.69,-17.005,701,0,0,False,False,True
26178,voices_jewel_slot2,[SinisterJewelSockets|Sinister] [Jewel] Socket,-1938.53,141.445,702,0,0,False,False,True
62152,voices_jewel_slot1,[SinisterJewelSockets|Sinister] [Jewel] Socket,-1936.2,295.595,703,0,0,False,False,True
50626,energy_shield_and_armour1,Armour and Energy Shield,-1769.35,-1379.74,704,2,7,False,False,False
32597,energy_shield_and_armour2,Armour and Energy Shield,-1811.8,-1538.15,704,2,3,False,False,False
12777,energy_shield_and_armour3,Armour and Energy Shield,-1970.21,-1580.6,704,2,23,False,False,False
3918,mana3,Mana Regeneration,-2043.73,-1306.22,704,2,15,False,False,False
54708,mana_regeneration1,Mana Regeneration,-1885.32,-1263.77,704,2,11,False,False,False
59695,mana_regeneration9,Mana Regeneration,-2086.18,-1464.63,704,2,19,False,False,False
44948,mastery_mana160,Mana Mastery,-1923.59,-1417.27,705,0,0,False,False,False
7424,energy_shield29,Energy Shield,-1909.32,-6963.67,706,4,0,False,False,False
27491,energy_shield38,Heavy Buffer,-1486.69,-6231.67,706,4,24,True,False,False
1823,energy_shield39,Illuminated Crown,-2331.94,-6719.67,706,4,60,True,False,False
36994,energy_shield41,Energy Shield,-1486.69,-6719.67,706,4,12,False,False,False
29432,energy_shield42__,Energy Shield,-2331.94,-6231.67,706,4,48,False,False,False
4061,energy_shield43,Energy Shield,-1909.32,-5987.67,706,4,36,False,False,False
3471,mastery_energyshield104,Energy Shield Mastery,-1909.32,-6475.67,706,0,0,False,False,False
34531,stun_threshold_from_energy_shield12,Hallowed,-1692.81,-6600.67,706,7,4,True,False,False
25363,stun_threshold_from_energy_shield7,Stun and Ailment Threshold from Energy Shield,-2125.82,-6600.67,706,7,20,False,False,False
44098,stun_threshold_from_energy_shield8,Stun and Ailment Threshold from Energy Shield,-1909.32,-6225.67,706,7,12,False,False,False
3041,attributes2,Attribute,-1725.34,-3004.79,707,3,10,False,False,False
47555,intelligence13,Attribute,-1103.94,-3007.09,707,6,22,False,False,False
53697,intelligence26,Attribute,-1389.05,-2871.73,707,5,26,False,False,False
10156,intelligence29,Attribute,-2038.04,-2467.79,707,6,38,False,False,False
59795,strength95,Attribute,-1722.3,-2659.43,707,5,33,False,False,False
13942,armour28_,Armour,-1627.31,6429.16,708,3,3,False,False,False
65023,armour36,Impenetrable Shell,-1529.48,6665.33,708,3,6,True,False,False
18186,armour9,Armour,-1863.48,6331.33,708,3,0,False,False,False
6626,armour_and_evasion10,Armour and Evasion,-1979.45,6549.37,708,2,21,False,False,False
32354,armour_and_evasion12,Defiance,-1863.48,6665.33,708,0,0,True,False,False
34433,armour_and_evasion18,Armour and Evasion,-1747.52,6781.3,708,2,9,False,False,False
24009,armour_and_evasion19,Armour and Evasion,-1518.42,7010.4,708,4,27,False,False,False
46475,armour_and_evasion20_,Armour and Evasion,-2208.55,6320.27,708,4,63,False,False,False
16744,evasion25,Evasion,-1863.48,6999.33,708,3,12,False,False,False
4716,evasion35,Afterimage,-2197.48,6665.33,708,3,18,True,False,False
24748,evasion36,Evasion,-2099.66,6901.51,708,3,15,False,False,False
3685,all_attributes11,All Attributes,-2038.73,10569,709,7,18,False,False,False
55700,all_attributes4,All Attributes,-1646.71,10651,709,2,8,False,False,False
44983,all_attributes5,All Attributes,-1870.73,10427,709,2,22,False,False,False
32151,attributes99,Crystalline Resistance,-2211.36,10325,709,4,60,True,False,False
7628,strength38,Attribute,-1349.51,4633.49,710,6,30,False,False,False
33369,passive_keystone_vaal_pact,Vaal Pact,-1760.47,8417.92,711,0,0,False,True,False
61170,ground1,Fire Damage,-1649.48,-9989.29,712,1,3,False,False,False
25763,ground2,Fire Damage,-1731.48,-9825.29,712,2,12,False,False,False
27186,ground3,Ignite Effect on You,-1731.48,-10153.3,712,2,0,False,False,False
62963,ground5,Flamewalker,-1981.48,-9989.29,712,7,18,True,False,False
43647,mastery_minionoffence188,Minion Offence Mastery,-1840.76,-9104.81,713,2,17,False,False,False
32727,physical20,Armour Break,-1724.79,-9305.67,713,2,23,False,False,False
53524,physical21,Armour Break,-1923.83,-9211.96,713,7,19,False,False,False
32507,physical31,Cut to the Bone,-1682.34,-9147.25,713,0,0,True,False,False
12851,physical6,Physical Damage,-1440.86,-9211.96,713,7,5,False,False,False
57555,physical7,Impale Chance,-1859.12,-8970.48,713,7,15,False,False,False
52973,physical8,Impale Chance,-1639.9,-8988.84,713,2,11,False,False,False
37608,physical9,Physical Damage,-2153.72,-9020.95,713,4,51,False,False,False
3999,area_attacks10,Area Damage,-1181.86,9634.6,714,4,15,False,False,False
9737,area_attacks11,Attack Area,-2124.61,9887.21,714,4,51,False,False,False
59480,area_attacks14,Area Damage,-1779.54,9289.53,714,4,69,False,False,False
36522,area_attacks15,Attack Area,-1526.93,10232.3,714,4,33,False,False,False
37665,area_attacks16_,Area Damage and Armour Break,-1528.23,9544.4,714,7,2,False,False,False
4577,area_attacks17,Attack Area,-1436.73,9885.91,714,7,8,False,False,False
42410,area_attacks18,Area Damage and Armour Break,-1869.74,9635.91,714,7,20,False,False,False
24813,area_attacks19,Attack Area,-1778.23,9977.41,714,7,14,False,False,False
20397,area_attacks30,Authority,-1588.53,10002.4,714,7,11,True,False,False
35739,area_attacks31,Crushing Judgement,-1717.94,9519.42,714,7,23,True,False,False
26356,area_attacks41,Primed to Explode,-1653.23,9760.91,714,0,0,True,False,False
15590,area_attacks42,Detonator Area,-1894.72,9825.61,714,7,17,False,False,False
57863,area_attacks43,Detonator Area,-1411.75,9696.2,714,7,5,False,False,False
8556,mastery_attack24,Attack Mastery,-1653.23,9760.91,714,0,0,False,False,False
56388,banners12,Reinforced Rallying,-1626.68,7194.58,715,5,0,True,False,False
21096,banners25,Banner Area,-1752.98,7380.21,715,4,69,False,False,False
57616,banners26,Banner Duration,-1500.37,7380.21,715,4,3,False,False,False
63360,banners4_,Banner Glory Gained,-1751.68,8068.09,715,7,14,False,False,False
18801,banners5,Banner Duration,-1501.68,8068.09,715,7,10,False,False,False
62258,banners6,Banner Glory Gained,-1751.68,7635.08,715,7,22,False,False,False
11752,banners7,Banner Duration,-1501.68,7635.08,715,7,2,False,False,False
62455,banners9,Bannerman,-1626.68,7851.58,715,0,0,True,False,False
1220,mastery_minion_offence_6619_,Minion Offence Mastery,-1614.94,-5019.94,716,0,0,False,False,False
6655,bleed13,Aggravation,-1692.62,9062.14,717,2,14,True,False,False
35015,bleed19_,Bleeding Damage,-1587.62,8880.27,718,0,0,False,False,False
36286,spells53,Spell and Minion Damage,-1532.72,-4885.18,719,1,5,False,False,False
14033,spells55,Spell and Minion Damage,-1715.75,-4874.19,719,2,16,False,False,False
41130,spells57,Spell and Minion Damage,-1431.7,-5038.19,719,2,4,False,False,False
34553,spells59,Emboldening Lead,-1790.23,-5081.19,719,7,20,True,False,False
8397,spells60,Empowering Remains,-1573.72,-5206.19,719,7,0,True,False,False
15885,intelligence47,Attribute,-1545.44,-7995.13,720,0,0,False,False,False
47796,attack_speed13_,Attack Speed,-1533.68,2812.54,721,2,12,False,False,False
62640,attack_speed28,Attack Speed,-1366.77,3107.11,721,4,32,False,False,False
38501,attack_speed29,Attack Speed,-1700.58,3107.11,721,4,40,False,False,False
27108,attack_speed33,Mass Hysteria,-1533.68,3136.54,721,4,36,True,False,False
24880,attack_speed4,Attack Speed,-1533.68,3305.54,721,5,36,False,False,False
17294,life_regeneration33,Life Regeneration,-1675.7,2730.54,721,2,16,False,False,False
27501,life_regeneration34,Life Regeneration,-1847.36,3022.37,721,4,44,False,False,False
19330,life_regeneration35,Life Regeneration,-2014.26,2733.29,721,4,52,False,False,False
45916,life_regeneration37,Life Regeneration,-2102.65,2977.04,721,5,48,False,False,False
34340,life_regeneration4_,Mass Rejuvenation,-1956.3,2892.54,721,4,48,True,False,False
16168,strength27,Attribute,-2260.27,3068.04,721,6,48,False,False,False
45969,strength31,Attribute,-1533.68,3487.54,721,6,36,False,False,False
25374,strength86,Attribute,-1953.18,3375.14,721,6,42,False,False,False
50084,placeholder2,Spell and Attack Damage,-1527.89,-734.805,722,0,0,False,False,False
3936,melee17,Melee Damage,-1525.89,733.415,723,0,0,False,False,False
36358,chaos16,Chaos Damage,-1232.99,-7518.57,724,3,4,False,False,False
19112,chaos18_,Chaos Damage,-1232.99,-7184.57,724,3,8,False,False,False
12367,chaos3,Chaos Damage,-1522.24,-7685.57,724,3,0,False,False,False
3492,chaos36,Void,-1522.24,-7017.57,724,3,12,True,False,False
60313,mastery_chaos6172,Chaos Mastery,-1522.24,-7351.57,724,0,0,False,False,False
56956,minion_defence31,Minion Life and Chaos Resistance,-1664.27,-7433.57,724,2,20,False,False,False
54632,minion_defence33,Minion Life and Chaos Resistance,-1522.24,-7187.57,724,2,12,False,False,False
36507,minion_defence35,Vile Mending,-1380.22,-7433.57,724,2,4,True,False,False
35720,oracle_strength_spell1_,Strength and Spell Damage,-1336.5,-2155.78,725,7,9,False,False,False
7258,oracle_strength_spell2,Strength and Spell Damage,-1271.79,-2397.26,725,7,5,False,False,False
11861,oracle_strength_spell3,Strength and Spell Damage,-1448.57,-2574.04,725,7,1,False,False,False
3281,oracle_strength_spell4,Powerful Casting,-1513.28,-2332.55,725,0,0,True,False,False
39416,mastery_minionoffence187,Minion Offence Mastery,-1509.88,-10892.1,726,0,0,False,False,False
58718,bleed25,Bleeding Damage,-1482.46,8698.1,727,0,0,False,False,False
53853,armour_and_evasion13,Backup Plan,-1697.55,3714.06,728,7,19,True,False,False
36170,armour_and_evasion4,Armour and Evasion,-1498.51,3937.18,728,2,13,False,False,False
28693,armour_and_evasion8,Armour and Evasion,-1413.62,3620.35,728,2,1,False,False,False
49280,armour_and_evasion9,Armour and Evasion,-1214.58,3843.47,728,7,7,False,False,False
57320,mastery_armour_and_evasion_6278,Armour and Evasion Mastery,-1456.07,3778.76,728,0,0,False,False,False
45497,ground16,Elemental Damage,-1446.33,-10165.6,729,0,0,False,False,False
17057,ground11,Lightning Damage,-1446.33,-9804.75,730,1,0,False,False,False
22784,ground12,Shock Effect on You,-1282.33,-9722.75,730,2,6,False,False,False
17025,ground13,Lightning Damage,-1610.33,-9722.75,730,2,18,False,False,False
13515,ground15,Stormwalker,-1446.33,-9472.75,730,7,12,True,False,False
14601,mastery_elemental_6470,Elemental Mastery,-1446.33,-9972.75,730,7,0,False,False,False
34058,intelligence35_,Attribute,-1432.94,-4703.73,731,0,0,False,False,False
4345,archon19,Minion Damage and Command Speed,-1175.39,-10609.7,732,3,9,False,False,False
14598,archon20_,Minion Damage and Command Speed,-1411.57,-10511.8,732,3,12,False,False,False
50837,archon21,Minion Damage and Command Speed,-1647.74,-10609.7,732,3,15,False,False,False
43979,archon22__,Minion Damage and Command Skill Cooldown,-1745.57,-10845.8,732,3,18,False,False,False
26926,archon23,Archon of Undeath,-1647.74,-11082,732,3,21,True,False,False
45333,archon24,Archon Effect,-1247.57,-10845.8,732,2,6,False,False,False
59781,archon25,Embodiment of Death,-1569.98,-10888.3,732,2,19,True,False,False
40336,bleed27,Bleeding Chance,-1410.85,8880.27,733,0,0,False,False,False
56666,DeliriumAnoint_ThaumaturgicGenerator,Thaumaturgic Generator,-1406.42,2428.11,734,0,0,True,False,False
38646,armour6,Armour,-1397.89,957.195,735,0,0,False,False,False
13855,placeholder1,Armour and Energy Shield,-1396.89,-954.585,736,0,0,False,False,False
42680,passive_keystone_fire_spells_to_chaos,Blackflame Covenant,-1385.44,-8272.26,737,0,0,False,True,False
54099,strength83,Attribute,-1367.15,10828.4,738,0,0,False,False,False
17150,armour37,General's Bindings,-1077.89,11762,739,3,8,True,False,False
23888,armour_and_evasion21,Armour and Evasion,-1367.15,11261,739,3,0,False,False,False
29399,armour_and_evasion22,Armour and Evasion,-1656.4,11428,739,3,20,False,False,False
7390,armour_and_evasion23,Armour and Evasion,-1077.89,11428,739,3,4,False,False,False
53647,armour_and_evasion24,Armour and Evasion,-1367.15,11929,739,3,12,False,False,False
51446,evasion38_,Leather Bound Gauntlets,-1656.4,11762,739,3,16,True,False,False
19750,mastery_evasion115,Armour and Evasion Mastery,-1367.15,11595,739,0,0,False,False,False
44707,shield1,Shield Damage,-1349.52,4972.79,740,0,0,False,False,False
32885,shield15,Shield Block,-1223.21,5444.17,740,4,33,False,False,False
54785,shield16,Shield Block,-1191.1,5015.24,740,2,7,False,False,False
51735,shield2,Shield Damage,-1507.93,5015.24,740,2,17,False,False,False
6689,shield4,Shield Damage,-1475.82,5444.17,740,4,39,False,False,False
45599,shield5,Lay Siege,-1349.52,5222.79,740,7,12,True,False,False
17696,DeliriumAnoint_AugmentedFlesh,Augmented Flesh,-1349.52,5917.08,741,0,0,True,False,False
8349,energy_shield26,Intelligence,-1480.72,-4333.3,742,2,19,False,False,False
56564,energy_shield28_,Intelligence,-1438.27,-4174.89,742,2,15,False,False,False
42077,energy_shield_recovery16,Essence Infusion,-1279.86,-4132.44,742,2,11,True,False,False
31644,energy_shield_recovery21,Energy Shield Delay,-1364.75,-4449.27,742,2,23,False,False,False
49235,energy_shield_recovery30__,Energy Shield Delay,-1163.89,-4248.41,742,2,7,False,False,False
14739,energy_shield_recovery31,Energy Shield Delay,-1206.34,-4406.82,742,2,3,False,False,False
2102,mastery_energy_shield_6492,Energy Shield Mastery,-1322.31,-4290.85,742,0,0,False,False,False
39886,intelligence14,Attribute,-1309.39,-3298.79,743,0,0,False,False,False
65322,bleed10,Bleeding Chance,-1305.68,8391.66,744,0,0,False,False,False
47709,bleed26,Bleeding Chance,-1305.68,8698.1,745,0,0,False,False,False
47175,marauder594,MARAUDER,-1271.19,733.095,746,0,0,False,False,False
61525,templar598,TEMPLAR,-1245.18,-728.895,747,0,0,False,False,False
23450,fire11_,Fire Damage,-884.895,-11527.9,748,3,6,False,False,False
558,fire12,Fire Damage,-929.643,-11694.9,748,3,4,False,False,False
23091,fire13,Fire Damage,-1051.9,-11238.7,748,3,10,False,False,False
63021,fire18,Fire Damage,-1385.9,-11238.7,748,3,14,False,False,False
11366,fire37,Volcanic Skin,-1104.81,-12174.9,748,5,2,True,False,False
39515,fire8,Fire Damage,-929.643,-11360.9,748,3,8,False,False,False
39228,fire_penetration10,Fire Penetration,-1552.9,-11527.9,748,3,18,False,False,False
62603,fire_penetration11_,Fire Penetration,-1508.15,-11694.9,748,3,20,False,False,False
19715,fire_penetration24,Cremation,-1462.89,-11950.5,748,4,66,True,False,False
46300,ignite1,Flammability Magnitude,-1300.9,-11385.9,748,2,14,False,False,False
52774,ignite12,Flammability Magnitude,-1382.9,-11527.9,748,2,18,False,False,False
57832,ignite13,Ignite Magnitude,-1102.93,-11411.9,748,2,9,False,False,False
34290,ignite14,Ignite Magnitude,-1076.87,-11609.9,748,2,4,False,False,False
5084,ignite16,Flammability Magnitude,-1300.9,-11669.9,748,2,22,False,False,False
35324,ignite17,Burnout,-1218.9,-11861.9,748,3,0,True,False,False
34927,mastery_fire118,Fire Mastery,-1218.9,-11527.9,748,0,0,False,False,False
63814,bleed4,Bleeding Chance,-1200.68,8879.97,749,0,0,False,False,False
20495,DeliriumAnoint_DarkEntropy,Dark Entropy,-1178.84,-2058.22,750,0,0,True,False,False
54818,strength80,Attribute,-1170.69,8229.42,751,0,0,False,False,False
47157,projectiles31,Projectile Damage,-1169.57,7800.25,752,7,12,False,False,False
516,projectiles32,Projectile Damage,-1386.08,7675.25,752,7,16,False,False,False
7201,projectiles33,Projectile Damage,-1346.35,7373.47,752,7,21,False,False,False
61347,projectiles34,Projectile Critical Chance,-953.069,7675.25,752,7,8,False,False,False
64488,projectiles35,Projectile Critical Chance,-992.798,7373.47,752,7,3,False,False,False
48215,projectiles36,Headshot,-1169.57,7550.25,752,0,0,True,False,False
13333,ground6,Cold Damage,-1243.05,-9989.29,753,1,9,False,False,False
1091,ground7,Chill Effect on You,-1161.05,-10153.3,753,2,0,False,False,False
1700,ground8,Cold Damage,-1161.05,-9825.29,753,2,12,False,False,False
48699,ground9,Frostwalker,-911.045,-9989.29,753,7,6,True,False,False
13425,bleed28,Bleeding Duration,-1137.16,8698.1,754,0,0,False,False,False
28492,passive_keystone_iron_reflexes_,Iron Reflexes,-1099.85,11095.7,755,0,0,False,True,False
45885,intelligence54,Attribute,-1051.9,-10395.8,756,0,0,False,False,False
40043,bleed14,Bleeding Damage,-1048.42,4166.9,757,1,0,False,False,False
9857,bleed15,Bleeding Chance,-906.387,4330.9,757,2,8,False,False,False
55231,bleed21_,Bleeding Chance,-1113.12,4490.39,757,7,13,False,False,False
37361,bleed22_,Bleeding Damage,-1048.42,4330.9,757,1,6,False,False,False
54990,bleed6,Bloodletting,-983.71,4007.42,757,7,1,True,False,False
315,bleed1,Bleeding Duration,-1032.12,8879.97,758,0,0,False,False,False
33216,bleed5,Deep Wounds,-927.125,9061.83,759,2,10,True,False,False
13882,mastery_infusion296,Infusion Mastery,-962.415,-7706.15,760,0,0,False,False,False
18086,cold_penetration25,Breath of Ice,-1437.03,-5546.35,761,4,54,True,False,False
32427,cold_penetration5,Cold Penetration,-1113.03,-5546.35,761,2,18,False,False,False
62844,cold_penetration9,Cold Penetration,-1283.03,-5546.35,761,3,18,False,False,False
24655,fire_penetration23_,Breath of Fire,-705.025,-5123.73,761,4,30,True,False,False
42127,fire_penetration6,Fire Penetration,-867.025,-5404.33,761,2,10,False,False,False
41573,fire_penetration8,Fire Penetration,-782.025,-5257.1,761,3,10,False,False,False
4456,intelligence88,Attribute,-949.025,-5546.35,761,0,0,False,False,False
14363,lightning_penetration10,Lightning Penetration,-782.025,-5835.61,761,3,2,False,False,False
61338,lightning_penetration25,Breath of Lightning,-705.025,-5968.98,761,4,6,True,False,False
4776,lightning_penetration8,Lightning Penetration,-867.025,-5688.38,761,2,2,False,False,False
7333,mastery_elemental_6471,Elemental Mastery,-949.025,-5546.35,761,0,0,False,False,False
51194,infusion11,Infusion Duration,-831.525,-7840.31,762,2,0,False,False,False
24060,infusion12,Infused Spell Damage,-760.511,-7717.31,762,1,2,False,False,False
3091,infusion13,Infused Spell Damage,-872.525,-7605.3,762,1,7,False,False,False
18793,infusion14,Infusion Consumption Chance,-956.525,-7892.82,762,7,22,False,False,False
33639,infusion15,Infusion Consumption Chance,-1048.03,-7801.31,762,7,20,False,False,False
24087,infusion3,Everlasting Infusions,-1165.53,-7676.31,762,3,18,True,False,False
8782,infusion4,Empowering Infusions,-1008.3,-7499.54,762,7,15,True,False,False
46343,mastery_two_hand_6774,Two Hand Mastery,-767.045,5189.25,763,0,0,False,False,False
18407,intelligence12,Attribute,-752.955,-2537.92,764,0,0,False,False,False
13359,cold14,Elemental Damage and Energy Shield Delay,-928.329,-10609.8,765,3,15,False,False,False
8382,cold15,Elemental Damage and Energy Shield Delay,-455.981,-10609.8,765,3,9,False,False,False
61863,cold16,Elemental Damage and Energy Shield Delay,-358.155,-10845.9,765,3,6,False,False,False
42045,cold17,Archon of the Blizzard,-455.981,-11082.1,765,3,3,True,False,False
50535,cold19,Archon Effect,-856.155,-10845.9,765,2,18,False,False,False
10612,cold22,Embodiment of Frost,-533.743,-10888.4,765,2,5,True,False,False
31943,cold27,Elemental Damage and Energy Shield Delay,-692.155,-10511.9,765,3,12,False,False,False
18158,AscendancyWitch1Notable8,Bringer of Flame,-650.125,-18383.9,766,0,0,True,False,False
58714,grenades10,Grenadier,-1039.72,6312.71,767,4,60,True,False,False
29514,grenades11,Cluster Bombs,-380.921,6320.54,767,3,3,True,False,False
21077,grenades2,Grenade Cooldown Recovery Rate,-617.095,6890.71,767,3,12,False,False,False
3109,grenades3,Grenade Area,-283.095,6556.71,767,3,6,False,False,False
36169,grenades5,Grenade Area,-703.541,6234.1,767,3,23,False,False,False
354,grenades6,Grenade Cooldown Recovery Rate,-906.348,6723.71,767,3,16,False,False,False
48429,grenades7,Grenade Cooldown Recovery Rate,-906.347,6389.71,767,3,20,False,False,False
52274,grenades8,Grenade Damage,-380.921,6792.89,767,3,9,False,False,False
39431,mastery_crossbow_6422,Crossbow Mastery,-617.095,6556.71,767,0,0,False,False,False
49512,intelligence46,Attribute,-613.835,-7995.13,768,0,0,False,False,False
35387,cold60__,Cold Damage,-612.835,-7781.69,769,0,0,False,False,False
22439,elemental21,Elemental Damage,-612.805,-8303.76,770,3,12,False,False,False
44498,elemental34,Exposure Effect,-902.057,-8804.76,770,3,20,False,False,False
25101,elemental35,Exposure Effect,-323.552,-8804.76,770,3,4,False,False,False
52199,elemental36,Overexposure,-612.805,-8637.76,770,0,0,True,False,False
43139,elemental40,Stormbreaker,-612.805,-9125.76,770,4,0,True,False,False
65248,elemental49,Elemental Ailment Duration,-190.185,-8393.76,770,4,24,False,False,False
39752,elemental50,Elemental Ailment Duration,-1035.43,-8393.76,770,4,48,False,False,False
56409,elemental51,Elemental Ailment Chance,-190.185,-8881.76,770,4,12,False,False,False
38068,elemental52,Elemental Ailment Chance,-1035.43,-8881.76,770,4,60,False,False,False
5936,elemental53,Elemental Damage,-612.805,-8149.76,770,4,36,False,False,False
15182,attributes45,Attribute,-593.445,8229.42,771,0,0,False,False,False
52003,mastery_cold_6394,Cold Mastery,-673.645,-10901.4,772,2,18,False,False,False
38270,shock_mitigation10,Lightning Damage,-484.775,9376.46,773,3,0,False,False,False
23724,shock_mitigation11,Lightning Damage,-609.775,9493.96,773,7,22,False,False,False
7275,shock_mitigation12,Electrocuting Exposure,-798.455,9336.63,773,4,64,True,False,False
29402,shock_mitigation5,Electrocute Buildup,-307.998,9533.69,773,7,3,False,False,False
4046,shock_mitigation6_,Electrocute Buildup,-342.747,9792.46,773,2,8,False,False,False
8875,shock_mitigation7,Electrocute Buildup,-555.789,9751.46,773,1,8,False,False,False
50687,shock_mitigation8_,Coursing Energy,-609.775,9926.97,773,7,14,True,False,False
63484,AscendancyWitch1Small8,Flammability Magnitude,-480.665,-18547.3,774,0,0,False,False,False
22821,cold2,Elemental Damage,-478.295,-3566.19,775,7,0,False,False,False
22314,elemental14,Elemental Damage,-478.295,-3316.19,775,0,0,False,False,False
51184,witch_sorceress_notable1,Raw Power,-478.295,-3030.38,776,0,0,True,False,False
3823,cold34,Elemental Force,-478.245,-3834.19,777,1,0,True,False,False
60230,elemental15,Elemental Damage,-478.245,-4409.19,777,5,0,False,False,False
51968,fire3,Elemental Ailment Chance,-812.245,-3752.19,777,3,18,False,False,False
51335,fire32,Affliction Enforcer,-655.022,-3928.97,777,7,21,True,False,False
64046,lightning34,Principal Infusion,-301.468,-3928.97,777,7,3,True,False,False
45522,lightning6,Infused Spell Damage,-144.245,-3752.19,777,3,6,False,False,False
5726,mastery_elemental94,Elemental Mastery,-478.245,-3752.19,777,0,0,False,False,False
58362,sorcerer_start1,Elemental Ailment Chance,-604.549,-4223.57,777,4,69,False,False,False
10192,sorcerer_start2,Elemental Damage,-478.245,-4086.19,777,3,0,False,False,False
55909,sorcerer_start3,Infused Spell Damage,-351.941,-4223.57,777,4,3,False,False,False
56935,intelligence15,Attribute,-478.025,-4703.73,778,0,0,False,False,False
22419,intelligence11,Attribute,-478.005,-2158.22,779,0,0,False,False,False
6554,cold61,Cold Damage,-477.995,-7622.1,780,0,0,False,False,False
55066,bleed11__,Attack Damage vs Bleeding Enemies,-593.5,10326,781,2,21,False,False,False
19796,bleed16,Attack Damage vs Bleeding Enemies,-694.041,10566.9,781,7,16,False,False,False
15899,bleed17,Bleeding Damage,-313.535,10441.9,781,2,6,False,False,False
18308,bleed18,Bleeding Out,-900.155,10685.9,781,4,48,True,False,False
21721,bleed23,Bleeding Chance,-188.283,10274.9,781,3,4,False,False,False
21627,bleed24,Bleeding Damage,-477.535,10605.9,781,2,12,False,False,False
9290,bleed32,Rusted Pins,-948.907,10315.6,781,4,57,True,False,False
19129,bleed47,Pin Buildup,-713.709,10205.8,781,3,21,False,False,False
62194,bleed48,Pin Buildup,-477.535,10107.9,781,3,0,False,False,False
7049,being_surrounded1,Armour while Surrounded,-789.244,8740.79,782,3,19,False,False,False
25711,being_surrounded10,Thrill of Battle,-308.213,8784.79,782,2,5,True,False,False
31566,being_surrounded2,Armour while Surrounded,-553.071,8504.62,782,3,23,False,False,False
24766,being_surrounded22,Paranoia,-466.625,8827.24,782,0,0,True,False,False
22556,being_surrounded4,Evasion while Surrounded,-702.799,9063.41,782,3,15,False,False,False
11257,being_surrounded5,Evasion while Surrounded,-380.179,9149.85,782,3,11,False,False,False
10271,being_surrounded6,Attack Damage while Surrounded,-144.006,8913.68,782,3,7,False,False,False
58038,being_surrounded7,Attack Damage while Surrounded,-230.451,8591.06,782,3,3,False,False,False
35028,being_surrounded9,In the Thick of It,-625.037,8869.68,782,2,17,True,False,False
51974,mastery_fortify7,Fortify Mastery,-466.625,8827.24,782,0,0,False,False,False
39476,mastery_cold_6398,Cold Mastery,-465.635,-7778.58,783,0,0,False,False,False
50383,mastery_infusion295_,Infusion Mastery,-458.175,-9486.35,784,0,0,False,False,False
29391,infusion19_,Infused Spell Damage,-265.995,-9489.3,785,2,6,False,False,False
50715,infusion23,Frozen Limit,-606.772,-9666.08,785,7,21,True,False,False
61354,infusion24,Infernal Limit,-763.995,-9489.3,785,3,18,True,False,False
29800,infusion25,Shocking Limit,-606.772,-9312.53,785,7,15,True,False,False
47363,two_handed14,Colossal Weapon,-878.695,5009.24,786,4,50,True,False,False
13708,two_handed15,Curved Weapon,-587.031,5300.9,786,4,40,True,False,False
9164,two_handed17,Two Handed Damage,-884.694,5306.9,786,5,45,False,False,False
25513,two_handed18,Overwhelm,-1013.39,5435.6,786,6,45,True,False,False
51825,two_handed20,Two Handed Damage,-765.193,5187.4,786,4,45,False,False,False
47856,two_handed5_,Two Handed Damage,-536.091,4958.3,786,2,15,False,False,False
32561,two_handed6,Two Handed Damage,-656.299,5078.51,786,3,15,False,False,False
62588,mastery_life138,Life Mastery,-405.005,3700.21,787,0,0,False,False,False
44405,lightning63,Lightning Damage,-382.905,-7264.94,788,0,0,False,False,False
14997,two_handed7,Two Handed Damage,-376.015,4798.23,789,0,0,False,False,False
55807,mana25,Mana Regeneration,-215.813,-2616.58,790,2,5,False,False,False
6686,mana8,Mana Regeneration,-331.779,-2732.55,790,2,1,False,False,False
1922,mastery_caster_6126,Caster Mastery,-374.225,-2574.13,790,0,0,False,False,False
41965,spell_criticals1,Spell Damage,-490.19,-2690.1,790,2,21,False,False,False
1755,spell_criticals2__,Spell Damage,-532.637,-2531.69,790,2,17,False,False,False
18845,spells15,Spell Damage,-309.52,-2332.65,790,7,11,False,False,False
32976,attributes100_,Gem Enthusiast,-766.945,11309.6,791,4,48,True,False,False
34202,attributes101,Strength,-678.325,11065.6,791,3,18,False,False,False
14428,attributes102,Intelligence,-511.325,11354.8,791,3,14,False,False,False
49285,attributes103,Strength,-426.325,10923.5,791,2,22,False,False,False
6287,attributes104,Intelligence,-262.325,11207.6,791,2,10,False,False,False
38776,attributes105,Dexterity,-560.831,11190.6,791,7,16,False,False,False
57816,attributes106,Dexterity,-415.339,11106.6,791,1,8,False,False,False
364,attributes107,All Attributes,-202.297,10983.6,791,2,4,False,False,False
23907,cold68,Ice Storm,-317.615,-7755.36,792,0,0,True,False,False
36564,AscendancyWitch1Notable1,Beidat's Gaze,-1549.28,-17167.8,793,9,100,True,False,False
17754,AscendancyWitch1Notable10,Loyal Hellhound,308.283,-18500.7,793,8,7,True,False,False
24039,AscendancyWitch1Notable2,Beidat's Hand,-943.498,-17449.2,793,5,51,True,False,False
46644,AscendancyWitch1Notable3,Beidat's Will,-1240.73,-17081.3,793,8,48,True,False,False
18348,AscendancyWitch1Notable4,Altered Flesh,-1240.73,-18157.3,793,8,60,True,False,False
25239,AscendancyWitch1Notable5,Demonic Possession,-846.885,-18551.1,793,8,66,True,False,False
61267,AscendancyWitch1Notable6,Mastered Darkness,-1035.48,-18038.8,793,6,60,True,False,False
13174,AscendancyWitch1Notable7,Pyromantic Pact,-91.7358,-18429.7,793,6,3,True,False,False
34419,AscendancyWitch1Notable9,Grinning Immolation,351.115,-18762.4,793,9,12,True,False,False
19482,AscendancyWitch1Small1,Life,-1627.63,-17676.9,793,9,109,False,False,False
39470,AscendancyWitch1Small10,Minion Life,-30.3957,-18658.6,793,8,3,False,False,False
770,AscendancyWitch1Small11,Mana,172.346,-18306.5,793,6,7,False,False,False
46016,AscendancyWitch1Small2,Life,-1147.89,-17619.3,793,6,54,False,False,False
8854,AscendancyWitch1Small3,Life,-1384.89,-17619.3,793,8,54,False,False,False
7793,AscendancyWitch1Small4,Life,-1066.01,-18700.6,793,9,130,False,False,False
64379,AscendancyWitch1Small5,Spell Damage,-587.374,-18658.6,793,8,69,False,False,False
63894,AscendancyWitch1Small6,Spell Damage,-848.184,-18262,793,6,64,False,False,False
23880,AscendancyWitch1Small7,Mana,-308.885,-18695.3,793,8,0,False,False,False
24135,AscendancyWitch1Small9,Critical Chance,32.7561,-18894.3,793,9,6,False,False,False
32699,AscendancyWitch1Start__,Infernalist,-308.885,-18939.3,793,9,0,False,False,False
53975,spells1,Spell Damage,-154.177,-5693.53,794,2,8,False,False,False
55104,spells12,Spell Damage,-421.205,-5992.04,794,7,22,False,False,False
33254,spells3,Spell Damage,-253.759,-5933.95,794,2,1,False,False,False
19125,spells33,Potent Incantation,-367.219,-5734.53,794,1,8,True,False,False
28510,strength32,Attribute,-1088.48,3010.75,795,6,56,False,False,False
61438,strength33_,Attribute,-904.936,2617.15,795,6,62,False,False,False
42350,strength34,Attribute,-616.802,2396.05,795,6,67,False,False,False
5407,mastery_attack2,Attack Mastery,-257.475,2491.06,796,0,0,False,False,False
934,spell_suppression14,Natural Immunity,-593.443,7627.68,797,4,63,True,False,False
9825,spell_suppression8,Ailment Threshold,-248.375,7638.75,797,3,0,False,False,False
12526,spell_suppression9,Ailment Threshold,-582.375,7972.75,797,3,18,False,False,False
14122,mastery_caster41,Lightning Mastery,-229.015,-7281.88,798,0,0,False,False,False
60878,lightning69_,Lightning Storm,-211.585,-7418.46,799,0,0,True,False,False
21560,lightning62,Lightning Damage,-204.425,-7142.42,800,0,0,False,False,False
44605,duelist_mercenary_notable2,Remorseless,431.178,2762.72,801,5,21,True,False,False
2455,projectiles19,Projectile Damage,334.748,2215.84,801,5,11,False,False,False
48588,projectiles20,Projectile Damage,413.943,2367.97,801,5,14,False,False,False
13081,projectiles21_,Projectile Damage,451.065,2535.41,801,5,17,False,False,False
17044,elemental47,Cold and Lightning Damage,-191.895,-7617.42,802,0,0,False,False,False
57039,cooldowns1,Cooldown Recovery Rate,136.548,3533.23,803,3,4,False,False,False
14572,cooldowns2,Cooldown Recovery Rate,136.547,3867.23,803,3,8,False,False,False
11037,cooldowns20,Volatile Catalyst,181.295,3700.23,803,3,6,True,False,False
29328,ailments1,Ailment Chance,-550.051,3292.71,804,4,61,False,False,False
43201,ailments2,Ailment Chance,-630.891,3487.87,804,4,56,False,False,False
43383,ailments20,Exposed Wounds,-621.677,3698.92,804,4,51,True,False,False
37450,ailments3,Ailment Chance,-524.135,3886.3,804,4,46,False,False,False
59779,armour_and_evasion2,Armour and Evasion,-133.155,1690.41,805,0,0,False,False,False
52006,,,-669.894,18524.9,806,5,48,False,False,False
40226,,,-743.626,17657.1,806,6,62,False,False,False
40002,,,-588.915,18196.4,806,4,54,False,False,False
29718,,,-100.915,18196.4,806,0,0,False,False,False
7040,,,-307.153,17754.1,806,4,67,False,False,False
36189,,,244.153,17851.3,806,4,9,False,False,False
39210,,,516.463,18421.1,806,5,22,False,False,False
14460,,,738.085,18196.4,806,6,18,False,False,False
30474,,,-429.415,18765.3,806,5,42,False,False,False
19198,,,-939.915,18196.4,806,6,54,False,False,False
15395,,,-267.821,18654.9,806,4,40,False,False,False
62406,,,-100.915,18684.4,806,4,36,False,False,False
60949,,,-225.915,17979.8,806,7,22,False,False,False
3731,,,75.8617,18019.6,806,7,3,False,False,False
55891,,,227.585,18765.3,806,5,30,False,False,False
60122,,,380.316,18883.6,806,6,29,False,False,False
39383,,,-100.915,19035.4,806,6,36,False,False,False
35492,mastery_minion_offence_6621,Minion Offence Mastery,-250.712,-10074.5,807,7,21,False,False,False
30523,minion_offence16,Dead can Dance,-612.118,-10274.6,807,5,61,True,False,False
11376,minion_offence34,Necrotic Touch,-144.949,-9938.76,807,1,10,True,False,False
50720,minion_offence35,Minion Damage,-160.381,-10220.4,807,3,23,False,False,False
34199,minion_offence36,Minion Critical Damage,-560.078,-9940.3,807,4,55,False,False,False
43557,minion_offence37_,Minion Critical Damage,-396.554,-9811.32,807,3,17,False,False,False
44871,energy_shield15,Energy Shield,136.065,-1694.96,808,3,2,False,False,False
46819,attributes21,Attribute,-0.885,-7031.82,809,0,0,False,False,False
59362,intelligence45,Attribute,0.005,-10395.8,810,0,0,False,False,False
29009,intelligence56,Attribute,0.005,-9772.2,811,0,0,False,False,False
5314,intelligence57,Attribute,0.00495734,-9183.2,812,4,36,False,False,False
61419,jewel_slot1972,[Jewel] Socket,0.005,-7995.13,813,0,0,False,False,True
8616,intelligence6,Attribute,0.005,-5955.17,814,0,0,False,False,False
57710,intelligence16,Attribute,0.005,-5539.35,815,6,0,False,False,False
22290,spell_criticals10,Spell Critical Chance,0.0049708,-4105.9,816,3,12,False,False,False
5501,spell_criticals14,Critical Overload,0.005,-4439.9,816,0,0,True,False,False
48821,spell_criticals3,Spell Critical Damage,164.005,-4439.9,816,2,6,False,False,False
15618,spell_criticals4,Spell Critical Damage,0.005,-4773.9,816,3,0,False,False,False
32404,spell_criticals9,Spell Critical Chance,-163.995,-4439.9,816,2,18,False,False,False
29502,cast_speed10,Cast Speed,-142.023,-3113.45,817,2,20,False,False,False
47307,cast_speed15_,Cast Speed,142.033,-3113.45,817,2,4,False,False,False
36302,cast_speed36_,Practiced Signs,0.005,-3281.45,817,7,0,True,False,False
3242,mana_regeneration14,Mana Regeneration,-142.023,-2949.45,817,2,16,False,False,False
13769,mana_regeneration21,Mana Regeneration,142.033,-2949.45,817,2,8,False,False,False
59636,mana_regeneration22_,Open Mind,0.00497814,-2781.45,817,7,12,True,False,False
48007,mastery_mana165,Mana Mastery,0.005,-3031.45,817,0,0,False,False,False
54447,witch595,WITCH,0.005,-1490.58,818,0,0,False,False,False
52125,dexterity79,Attribute,0.135,10105.9,819,0,0,False,False,False
2847,strength81,Attribute,0.135,10828.4,820,0,0,False,False,False
11337,chill_and_freeze10,Chill Magnitude,-288.818,-11285.5,821,3,16,False,False,False
29369,chill_and_freeze11,Chill Magnitude,-243.565,-11029.8,821,4,42,False,False,False
23427,chill_and_freeze14,Chilled to the Bone,-487.565,-11452.5,821,4,54,True,False,False
47270,chill_and_freeze4,Inescapable Cold,-243.565,-11875.1,821,4,66,True,False,False
52799,cold10,Freeze Buildup,0.435,-11786.5,821,3,0,False,False,False
60515,cold12,Cold Damage,289.688,-11619.5,821,3,4,False,False,False
44455,cold13,Cold Damage,0.435,-11452.5,821,0,0,False,False,False
19955,cold38,Endless Blizzard,244.435,-11875.1,821,4,6,True,False,False
62914,cold5,Cold Damage,-288.817,-11619.5,821,3,20,False,False,False
41669,cold7,Cold Damage,0.434971,-11118.5,821,3,12,False,False,False
55250,cold_penetration10,Cold Penetration,244.435,-11029.8,821,4,30,False,False,False
56649,cold_penetration12__,Cold Penetration,289.687,-11285.5,821,3,8,False,False,False
41972,cold_penetration26,Glaciation,488.435,-11452.5,821,4,18,True,False,False
17380,mastery_cold58,Cold Mastery,0.434993,-11370.5,821,1,6,False,False,False
40691,mana21,Energy Shield Delay,-373.005,-6764.21,822,4,62,False,False,False
36746,mana22,Energy Shield Delay,-288.427,-6283.52,822,3,16,False,False,False
25893,mana24,Energy Shield Delay,-163.175,-6450.52,822,2,18,False,False,False
51169,mana40,Soul Bloom,-175.952,-6627.3,822,7,21,True,False,False
43576,mana_regeneration15,Mana Regeneration,290.077,-6283.52,822,3,8,False,False,False
14324,mana_regeneration19,Arcane Blossom,177.602,-6627.3,822,7,3,True,False,False
1468,mana_regeneration23,Mana Regeneration,164.825,-6450.52,822,2,6,False,False,False
7971,mana_regeneration24,Mana Regeneration,374.655,-6764.21,822,4,10,False,False,False
54417,dexterity29,Attribute,811.667,4039.52,823,6,21,False,False,False
49657,dexterity30_,Attribute,218.404,4632.79,823,6,33,False,False,False
10247,strength35,Attribute,-808.787,4039.52,824,6,51,False,False,False
28370,strength36,Attribute,-215.524,4632.79,824,6,39,False,False,False
50986,duelist597,DUELIST,1.945,1469.82,825,0,0,False,False,False
52442,attack_speed1,Attack Speed,-140.083,2336.36,826,2,20,False,False,False
14254,attack_speed14,Attack Speed,143.973,2336.36,826,2,4,False,False,False
97,attack_speed2_,Attack Speed,1.945,2254.36,826,2,0,False,False,False
47150,armour_and_evasion26,Armour and Evasion,-140.083,2911.7,827,2,16,False,False,False
38779,armour_and_evasion27,Armour and Evasion,143.973,2911.7,827,2,8,False,False,False
44836,armour_and_evasion28,Feel no Pain,1.94499,2993.7,827,2,12,True,False,False
48635,attributes30_,Attribute,1.945,6250.78,828,0,0,False,False,False
21755,dexterity13,Attribute,1.945,7013.94,829,0,0,False,False,False
57805,knockback20_,Clear Space,491.715,5712,830,4,18,True,False,False
43444,knockback5,Knockback,220.221,5837,830,7,8,False,False,False
7788,knockback6,Knockback,220.221,5587,830,7,4,False,False,False
38003,weapon_swapping1,Stun Threshold,-212.411,5587,831,7,20,False,False,False
28361,weapon_swapping2,Stun Threshold,-212.411,5837,831,7,16,False,False,False
47782,weapon_swapping9,Steady Footing,-483.905,5712,831,4,54,True,False,False
63526,strength37,Attribute,6.245,5223.21,832,0,0,False,False,False
44176,all_attributes1,All Attributes,-242.995,11943,833,7,18,False,False,False
16618,all_attributes10,Jack of all Trades,575.984,12271.5,833,5,24,True,False,False
10273,all_attributes12,All Attributes,132.005,11726.5,833,7,2,False,False,False
49696,all_attributes13,All Attributes,575.984,11614.5,833,5,12,False,False,False
42280,all_attributes14,All Attributes,-117.995,11726.5,833,7,22,False,False,False
24511,all_attributes15,All Attributes,257.005,11943,833,7,6,False,False,False
45272,all_attributes2,All Attributes,7.005,11286,833,5,0,False,False,False
21205,all_attributes3,All Attributes,-561.974,11614.5,833,5,60,False,False,False
57047,all_attributes6,Polymathy,-561.974,12271.5,833,5,48,True,False,False
35688,all_attributes7,Reduced Attribute Requirements,132.005,12159.5,833,7,10,False,False,False
38138,all_attributes8,Reduced Attribute Requirements,7.00494,12600,833,5,36,False,False,False
45278,all_attributes9,Reduced Attribute Requirements,-117.995,12159.5,833,7,14,False,False,False
4492,mastery_attributes255,Attributes Mastery,7.005,11943,833,0,0,False,False,False
54127,jewel_slot1975,[Jewel] Socket,8.305,8229.42,834,0,0,False,False,True
54282,strength82,Attribute,8.305,9408.42,835,3,0,False,False,False
4739,spells18,Spell Damage,-138.055,-1693.96,836,3,22,False,False,False
59915,projectiles18,Projectile Damage,136.855,1689.33,837,0,0,False,False,False
41210,projectiles28_,Ricochet,621.387,3698.94,838,4,21,True,False,False
43578,projectiles4__,Projectile Damage,523.845,3886.32,838,4,26,False,False,False
59028,projectiles6__,Projectile Damage,630.601,3487.89,838,4,16,False,False,False
8092,projectiles7,Projectile Damage,549.761,3292.73,838,4,11,False,False,False
50609,life_regeneration17_,Hard to Kill,-182.505,3700.21,839,3,18,True,False,False
14926,life_regeneration24,Life Regeneration,-137.757,3533.21,839,3,20,False,False,False
11916,life_regeneration25,Life Regeneration,-137.757,3867.21,839,3,16,False,False,False
11311,armour_and_evasion1,Armour and Evasion,-312.768,2219.24,840,5,61,False,False,False
38057,armour_and_evasion25,Armour and Evasion,-391.963,2371.37,840,5,58,False,False,False
34061,armour_and_evasion3,Armour and Evasion,-429.085,2538.81,840,5,55,False,False,False
56910,duelist_mercenary_notable1,Battle-hardened,-409.198,2766.12,840,5,51,True,False,False
27779,DeliriumAnoint_LordOfTheSquall,Lord of the Squall,239.125,-10147.6,841,0,0,True,False,False
16538,one_handed21,One Handed Damage,342.715,6423.71,842,2,2,False,False,False
9217,one_handed22,One Handed Damage,260.715,6565.73,842,0,0,False,False,False
61281,one_handed23,One Handed Damage,178.715,6707.76,842,2,14,False,False,False
47733,one_handed24,One Handed Ailment Chance,419.127,6608.18,842,2,7,False,False,False
5108,one_handed25_,One Handed Ailment Chance,144.75,6449.77,842,2,21,False,False,False
44330,one_handed26,Coated Arms,427.715,6276.48,842,3,2,True,False,False
10694,AscendancyWitch1Notable11_,Seething Body,261.765,-18041.2,843,0,0,True,False,False
7741,dexterity26,Attribute,616.592,2395.45,844,6,5,False,False,False
42500,dexterity27,Attribute,904.726,2616.55,844,6,10,False,False,False
59881,dexterity28,Attribute,1088.27,3010.15,844,6,16,False,False,False
17340,movement_speed11,Adrenaline Rush,610.223,7627.51,845,4,9,True,False,False
40341,movement_speed6,Movement Speed,599.155,7972.57,845,3,6,False,False,False
62051,movement_speed8_,Movement Speed,265.155,7638.57,845,3,0,False,False,False
26648,deflect30,Deflection,150.84,10367,846,2,21,False,False,False
22565,deflect31,Deflection,309.251,10324.5,846,2,1,False,False,False
17994,deflect32,Deflection,425.217,10440.5,846,2,5,False,False,False
24256,deflect33,Armour and Evasion,150.839,10598.9,846,2,15,False,False,False
63541,deflect34,Brush Off,382.771,10598.9,846,2,9,True,False,False
2461,mastery_accuracy_6269,Accuracy Mastery,273.705,2491.06,847,0,0,False,False,False
34367,life_recoup2,Life Recoup,275.935,-5926.79,848,0,0,False,False,False
10398,spell_criticals11_,Sudden Escalation,310.135,-7336.21,849,0,0,True,False,False
3472,spell_criticals13,Spell Critical Chance,228.135,-7194.19,849,2,14,False,False,False
56640,spell_criticals5,Spell Critical Damage,228.135,-7478.24,849,2,22,False,False,False
26682,spell_criticals8,Spell Critical Damage,474.135,-7336.21,849,2,6,False,False,False
30346,energy_shield14,Energy Shield,307.2,-2332.65,850,7,13,False,False,False
34006,energy_shield21,Energy Shield,213.493,-2616.58,850,2,19,False,False,False
15408,energy_shield27,Energy Shield,329.459,-2732.55,850,2,23,False,False,False
29695,energy_shield_recovery19,Energy Shield Delay,530.317,-2531.69,850,2,7,False,False,False
43736,energy_shield_recovery20,Energy Shield Delay,487.871,-2690.1,850,2,3,False,False,False
6338,mastery_energyshield105,Energy Shield Mastery,371.905,-2574.13,850,0,0,False,False,False
58090,life_recoup1,Life Recoup,399.295,-5702.27,851,0,0,False,False,False
1477,mastery_projectile_6646,Projectile Mastery,407.705,3700.23,852,0,0,False,False,False
48774,life_recoup14,Taut Flesh,410.905,-6145.21,853,0,0,True,False,False
4017,energy_shield_recovery10,Mana Regeneration,418.515,-9071.2,854,2,12,False,False,False
12918,energy_shield_recovery11,Mana Regeneration,560.543,-9153.2,854,2,8,False,False,False
26447,energy_shield_recovery17,Refocus,418.515,-9399.2,854,2,0,True,False,False
10079,energy_shield_recovery9_,Mana Regeneration,276.487,-9153.2,854,2,16,False,False,False
49633,mastery_energy_shield_6483,Energy Shield Mastery,418.515,-9235.2,854,0,0,False,False,False
517,energy_shield11,Stun and Ailment Threshold from Energy Shield,419.295,-4284.19,855,0,0,False,False,False
45570,corpses13,Offering Area,202.015,-9772.2,856,7,18,False,False,False
43713,corpses14,Offering Area,452.015,-9772.2,856,0,0,False,False,False
3051,corpses15,Offering Life,452.015,-9936.2,856,2,0,False,False,False
35602,corpses16,Offering Life,452.015,-9608.2,856,2,12,False,False,False
27009,corpses17,Lust for Sacrifice,702.015,-9772.2,856,7,6,True,False,False
30459,mastery_minion_offence_6616,Minion Offence Mastery,534.015,-9772.2,856,1,3,False,False,False
56216,intelligence21,Attribute,472.375,-2158.22,857,0,0,False,False,False
14666,energy_shield10_,Stun and Ailment Threshold from Energy Shield,146.295,-3752.19,858,3,18,False,False,False
9642,energy_shield37,Dampening Shield,303.518,-3928.97,858,7,21,True,False,False
17973,energy_shield_recovery14,Rapid Recharge,657.072,-3928.97,858,7,3,True,False,False
4748,energy_shield_recovery24,Energy Shield Delay,814.295,-3752.19,858,3,6,False,False,False
61027,mana18,Mana Blessing,480.295,-3752.19,858,0,0,True,False,False
39037,intelligence17,Attribute,486.615,-4703.51,859,0,0,False,False,False
2254,witch_sorceress_notable2,Pure Energy,486.985,-3030.38,860,0,0,True,False,False
4113,chill_and_freeze5,Freeze Buildup,711.201,-8559.59,861,7,4,False,False,False
36782,chill_and_freeze6,Freeze Buildup,494.695,-8184.59,861,7,12,False,False,False
55572,cold9,Cold and Fire Damage,278.189,-8559.59,861,7,20,False,False,False
44179,mastery_cold60,Cold Mastery,494.695,-8434.59,861,0,0,False,False,False
1151,chill_and_freeze7,Freeze Buildup,711.201,-8279.42,862,7,8,False,False,False
4627,cold36,Climate Change,494.695,-8654.42,862,7,0,True,False,False
57626,cold8_,Cold and Fire Damage,278.189,-8279.42,862,7,16,False,False,False
3025,intelligence43,Attribute,497.135,-7995.13,863,0,0,False,False,False
44765,cooldowns13,Distracting Presence,266.481,8487.6,864,3,21,True,False,False
22533,cooldowns17,Cooldown Recovery Rate,437.95,8482.29,864,7,23,False,False,False
11066,cooldowns18,Cooldown Recovery Rate,261.174,8659.07,864,7,19,False,False,False
26663,cooldowns19,Cooldown Recovery Rate,502.655,8723.77,864,0,0,False,False,False
32233,mastery_duration_6463,Duration Mastery,386.69,8607.81,864,2,21,False,False,False
27492,mastery_recovery_6677,Recovery Mastery,538.535,-5918.05,865,0,0,False,False,False
45576,mastery_projectile_6647,Projectile Mastery,718.152,9387.92,866,7,3,False,False,False
51944,ranged29_,Projectile Damage,305.201,9800.87,866,3,15,False,False,False
55060,ranged39,Shrapnel,1005.94,9100.13,866,5,9,True,False,False
43829,ranged40,Advanced Munitions,541.375,9564.7,866,0,0,True,False,False
49406,ranged43,Projectile Damage,196.307,9909.76,866,4,45,False,False,False
47683,ranged44,Chaining Projectiles,498.929,9406.28,866,2,23,False,False,False
51728,ranged45,Pierce Chance,699.787,9607.14,866,2,7,False,False,False
33037,ranged46,Chaining Projectiles,708.375,9275.44,866,3,2,False,False,False
6505,ranged47_,Pierce Chance,830.628,9397.7,866,3,4,False,False,False
22691,energy_shield_recovery29,Energy Shield Delay,552.405,-4284.19,867,0,0,False,False,False
56978,dexterity73,Attribute,610.215,8229.3,868,0,0,False,False,False
63267,dual_wielding1,Dual Wielding Damage,731.491,4918.9,869,2,3,False,False,False
65424,dual_wielding2,Dual Wielding Damage,851.699,4798.69,869,3,3,False,False,False
4377,dual_wielding3,Dual Wielding Accuracy,499.56,5150.83,869,2,15,False,False,False
45488,dual_wielding4,Cross Strike,379.351,5271.04,869,3,15,True,False,False
50273,dual_wielding5,Dual Wielding Damage,615.525,5034.86,869,0,0,False,False,False
47893,dual_wielding6_,Dual Wielding Speed,499.56,4918.9,869,2,21,False,False,False
57774,dual_wielding7,Dual Wielding Speed,379.351,4798.69,869,3,21,False,False,False
2394,dual_wielding8,Blade Flurry,851.699,5271.04,869,3,9,True,False,False
3131,dual_wielding9,Dual Wielding Speed,731.491,5150.83,869,2,9,False,False,False
8872,mastery_dualwield85,Dual Wielding Mastery,615.525,5034.86,870,0,0,False,False,False
34813,attributes108,All Attributes,201.825,10984.4,871,4,60,False,False,False
7218,attributes109,Strength,457.445,10939.2,871,3,22,False,False,False
62505,attributes110,Intelligence,290.445,11228.4,871,3,18,False,False,False
32436,attributes111_,Intelligence,542.445,11370.4,871,2,14,False,False,False
60203,attributes112,Strength,706.445,11086.4,871,2,2,False,False,False
472,attributes113,Dexterity,407.939,11103.4,871,7,20,False,False,False
3744,attributes114,Dexterity,553.431,11187.4,871,1,10,False,False,False
5332,attributes115,Crystallised Immunities,766.473,11310.4,871,2,8,True,False,False
13909,remnant1,Remnant Pickup Range,473.555,-6943.69,872,2,18,False,False,False
31037,remnant2,Remnant Effect,555.555,-7085.72,872,2,22,False,False,False
34866,remnant3,Remnant Effect,719.555,-7085.72,872,2,2,False,False,False
40985,remnant4,Empowering Remnants,801.555,-6943.69,872,2,6,True,False,False
62679,remnant5,Remnant Pickup Range,637.555,-6779.69,872,2,12,False,False,False
13542,life_recoup13,Loose Flesh,664.815,-6148.06,873,0,0,True,False,False
21540,life_recoup3,Life Recoup,682.785,-5708.98,874,0,0,False,False,False
12098,,,-75.2573,16826.3,875,6,49,False,False,False
31717,,,-41.4603,16052.2,875,6,60,False,False,False
59474,,,226.565,16304.8,875,4,58,False,False,False
61500,,,265.635,15745.1,875,6,66,False,False,False
57973,,,435.135,16471.7,875,7,18,False,False,False
48546,,,1019.14,16471.7,875,3,6,False,False,False
23826,,,1411.73,16891.2,875,6,24,False,False,False
32222,,,1411.73,16052.2,875,6,12,False,False,False
63843,,,145.836,17114.4,875,6,44,False,False,False
25913,,,-153.865,16471.7,875,6,54,False,False,False
62674,,,262.515,16715.7,875,4,48,False,False,False
61889,,,478.897,16029.4,875,4,67,False,False,False
7046,,,518.135,16760.9,875,3,14,False,False,False
57256,,,771.581,16794.3,875,3,11,False,False,False
38949,,,1104.64,17198.3,875,6,30,False,False,False
40407,,,1524.14,16471.7,875,6,18,False,False,False
62386,,,685.135,17310.7,875,6,36,False,False,False
15984,mastery_lightning_6564,Lightning Mastery,728.785,-10884.2,876,0,0,False,False,False
19223,attack23_,Attack Damage,479.705,7013.94,877,7,18,False,False,False
25213,attack26,Attack Damage with nearby Ally,729.705,7263.94,877,7,12,False,False,False
37872,attack29,Presence Present,946.211,6888.94,877,7,4,True,False,False
21871,attack30,Attack Damage with nearby Ally,946.211,7138.94,877,7,8,False,False,False
51847,attack31,Attack Damage and Accuracy,1152.33,7257.94,877,4,24,False,False,False
33974,attack32_,Attack Damage and Accuracy,1217.71,7013.94,877,4,18,False,False,False
31189,attack33_,Unexpected Finesse,1152.33,6769.94,877,4,12,True,False,False
64665,attack34,Attack Damage and Accuracy,973.705,7436.56,877,4,30,False,False,False
26194,auras2,Presence Area,729.705,6763.94,877,7,0,False,False,False
53166,auras9,Presence Area,552.928,6837.16,877,7,21,False,False,False
28863,mastery_attack13,Attack Mastery,729.705,7013.94,877,0,0,False,False,False
50150,lightning46,Elemental Damage and Mana Regeneration,743.215,-10483.7,878,3,12,False,False,False
11873,lightning51,Elemental Damage and Mana Regeneration,979.389,-10581.5,878,3,9,False,False,False
37279,lightning52,Elemental Damage and Mana Regeneration,507.041,-10581.5,878,3,15,False,False,False
41159,lightning53,Elemental Damage and Mana Regeneration,409.215,-10817.7,878,3,18,False,False,False
27434,lightning54,Archon of the Storm,507.041,-11053.8,878,3,21,True,False,False
51234,lightning56,Archon Effect,907.215,-10817.7,878,2,6,False,False,False
15991,lightning57,Embodiment of Lightning,584.803,-10860.1,878,2,19,True,False,False
9485,intelligence20,Attribute,756.515,-2537.92,879,0,0,False,False,False
34030,corpses1,Offering Life,776.035,-7570.94,880,0,0,False,False,False
42614,corpses2,Offering Duration,940.035,-7570.94,880,2,6,False,False,False
25594,corpses3,Offering Life,776.035,-7820.94,880,7,0,False,False,False
13634,corpses4_,Offering Duration,612.035,-7570.94,880,2,18,False,False,False
47441,corpses9_,Stigmata,776.035,-7320.94,880,7,12,True,False,False
61992,mastery_minionoffence184,Minion Offence Mastery,776.035,-7488.94,880,1,6,False,False,False
27658,life_recoup4__,Life Recoup,787.345,-5929.12,881,0,0,False,False,False
7104,Puppetmaster10,Puppet Master chance,584.454,-8871.89,882,7,19,False,False,False
54733,Puppetmaster11,Puppet Master chance,339.792,-8849.72,882,4,55,False,False,False
13123,Puppetmaster7__,Puppet Master chance,950.935,-8590.68,882,7,10,False,False,False
62723,Puppetmaster8,Puppet Master chance,952.239,-8335.81,882,4,33,False,False,False
14258,Puppetmaster9,Puppet Master chance,941.901,-8923.15,882,2,3,True,False,False
15083,lightning32,Power Conduction,905.735,-11253.8,883,0,0,True,False,False
25619,attack_speed35,Sand in the Eyes,924.865,10399.5,884,2,12,True,False,False
42354,attack_speed38,Blinding Flash,924.865,10071.5,884,2,0,True,False,False
57196,attack_speed41,Attack Speed,757.865,10524.7,884,3,14,False,False,False
23702,attack_speed42,Attack Speed,1091.86,10524.7,884,3,10,False,False,False
43562,attack_speed43,Blind Chance,1091.86,9946.21,884,3,2,False,False,False
3660,attack_speed44,Blind Chance,590.865,10235.5,884,3,18,False,False,False
63445,attack_speed45,Attack Speed,1258.86,10235.5,884,3,6,False,False,False
59501,mastery_attack16,Blind Mastery,924.865,10235.5,884,0,0,False,False,False
35653,crossbow9,Grenade Damage,940.845,11379,885,0,0,False,False,False
58109,dexterity69,Attribute,1010.78,4639.54,886,0,0,False,False,False
22271,lightning23_,Shock Chance,1029.73,-11468.6,887,0,0,False,False,False
17711,area_spells8_,Spell Area of Effect,1057.83,-5957.03,888,0,0,False,False,False
46124,remnant10,Arcane Remnants,1185.36,-4903.67,889,7,10,True,False,False
63009,remnant6,Remnant Pickup Range,1060.36,-5284.17,889,2,0,False,False,False
37593,remnant7,Remnant Pickup Range,1060.36,-5120.17,889,0,0,False,False,False
63739,remnant9,Vigorous Remnants,935.365,-4903.67,889,7,14,True,False,False
40783,intelligence86,Attribute,1061.08,-5546.35,890,0,0,False,False,False
38732,intelligence44,Attribute,1063.41,-7995.13,891,0,0,False,False,False
40345,curses10,Master of Hexes,1070.74,-9662.83,892,7,0,True,False,False
42290,curses19,Curse Effect,1195.74,-9196.33,892,7,10,False,False,False
52254,curses20,Curse Effect,945.745,-9196.33,892,7,14,False,False,False
37991,curses21,Curse Effect,820.745,-9412.83,892,7,18,False,False,False
50540,mastery_curse69,Curse Mastery,1073.28,-9540.92,893,0,0,False,False,False
36639,curses15,Curse Duration,950.795,-9885.51,894,7,22,False,False,False
32009,curses16,Curse Duration,1200.8,-9885.51,894,7,2,False,False,False
36814,curses17,Curse Duration,1325.8,-9669,894,7,6,False,False,False
16499,curses18,Lingering Whispers,1075.8,-9419,894,7,12,True,False,False
60685,intelligence19,Attribute,1089.99,-3001.45,895,0,0,False,False,False
18651,lightning19,Lightning Damage,1129.94,-11238.3,896,0,0,False,False,False
55554,lightning18,Shock Chance,1139.73,-11659.1,897,0,0,False,False,False
33180,area_spells11,Spell Area of Effect,972.528,-6466.89,898,7,15,False,False,False
11788,area_spells12,Spell Area Damage,1149.31,-6893.67,898,7,0,False,False,False
14355,area_spells13_,Spell Area Damage,1326.08,-6820.44,898,7,3,False,False,False
60269,area_spells24,Roil,907.824,-6708.37,898,7,19,True,False,False
8483,area_spells28,Ruin,1390.79,-6578.96,898,7,7,True,False,False
46989,area_spells9,Spell Area of Effect,1149.31,-6393.67,898,7,12,False,False,False
6588,mastery_caster43,Caster Mastery,1149.31,-6643.67,898,0,0,False,False,False
27853,immobilisation1,Damage vs Immobilised and Buildup,1088.27,4400.17,899,7,13,False,False,False
59289,immobilisation2,Immobilisation Buildup,1037.01,4042.72,899,2,21,False,False,False
3365,immobilisation3,Immobilisation Buildup,994.563,4201.13,899,2,17,False,False,False
52576,immobilisation4,Damage vs Immobilised,1268.94,4274.65,899,2,9,False,False,False
64550,immobilisation5,Damage vs Immobilised,1311.39,4116.24,899,2,5,False,False,False
22532,immobilisation6,Fearful Paralysis,1195.42,4000.27,899,2,1,True,False,False
35046,DeliriumAnoint_MysticAvalanche,Mystic Avalanche,1168.19,-2023.36,900,0,0,True,False,False
55802,dexterity77,Attribute,1168.66,10828.4,901,0,0,False,False,False
3717,crossbow1,Crossbow Damage,1168.66,11146.2,902,0,0,False,False,False
60488,mastery_trap_6765,Trap Mastery,1170.11,4170.02,903,0,0,False,False,False
21274,attributes46,Attribute,1188.06,8229.3,904,0,0,False,False,False
57190,heralds19,Doomsayer,1188.06,8751.62,905,1,6,True,False,False
27859,heralds3,Herald Damage,1188.06,8919.62,905,7,12,False,False,False
38694,heralds4,Herald Damage,1404.56,8794.62,905,7,8,False,False,False
38763,heralds5,Herald Reservation,971.549,8794.62,905,7,16,False,False,False
22188,heralds7,Herald Reservation,1188.06,8419.62,905,7,0,False,False,False
62237,armour_and_evasion29,Saqawal's Talon,1657.42,5271.55,906,4,24,True,False,False
59281,armour_and_evasion30_,Armour and Evasion,1152.8,4885.53,906,2,22,False,False,False
14394,armour_and_evasion31,Armour and Evasion,1092.77,5109.55,906,2,16,False,False,False
1221,armour_and_evasion32,Armour and Evasion,1234.8,5027.55,906,0,0,False,False,False
50124,armour_and_evasion33,Armour and Evasion,1376.82,4945.55,906,2,4,False,False,False
35743,armour_and_evasion34,Saqawal's Hide,1234.8,5515.55,906,4,36,True,False,False
60116,mastery_armour_and_evasion_6283,Armour and Evasion Mastery,1401.79,5316.81,906,3,10,False,False,False
62677,intelligence58,Attribute,1235.03,-10395.6,907,0,0,False,False,False
26905,lightning22,Lightning Damage,1414.12,-12145,908,3,2,False,False,False
11736,lightning17,Lightning Damage,1249.73,-11026.7,909,4,36,False,False,False
8821,lightning21,Lightning Damage,1249.73,-11848.7,909,3,0,False,False,False
28975,lightning29,Pure Power,1249.73,-12353.7,909,6,0,True,False,False
17107,area_spells7,Spell Area Damage,1264.03,-7385.9,910,0,0,False,False,False
44683,six704,SIX,1270.43,-728.835,911,0,0,False,False,False
50459,ranger596,RANGER,1274.68,735.845,912,0,0,False,False,False
1826,intelligence18,Attribute,1308.1,-3294.7,913,0,0,False,False,False
20686,DeliriumAnoint_Paragon,Paragon,1348.97,2324.75,914,0,0,True,False,False
44566,lightning_penetration28,Lightning Rod,1353.57,9646.22,915,0,0,True,False,False
65468,crossbow10,Repeating Explosives,1366.53,11380.9,916,0,0,True,False,False
63863,lightning20__,Lightning Damage,1367.44,-11645.1,917,0,0,False,False,False
27785,lightning_penetration12,Lightning Penetration,1492.44,-11428.6,917,7,10,False,False,False
36293,lightning_penetration15_,Lightning Penetration,1381.34,-11239.6,918,0,0,False,False,False
55708,lightning_penetration27,Electric Amplification,1506.34,-11023.1,918,7,10,True,False,False
13828,evasion11,Evasion,1402.97,958.265,919,0,0,False,False,False
48030,energy_shield12,Energy Shield,1488.43,-4425.12,920,7,1,False,False,False
6715,energy_shield13,Energy Shield and Mana Regeneration,1182.24,-4118.93,920,7,17,False,False,False
62436,energy_shield16,Energy Shield,1665.21,-4248.34,920,7,5,False,False,False
116,energy_shield34_,Insightfulness,1359.02,-3942.15,920,7,13,True,False,False
3215,energy_shield35,Melding,1600.5,-4006.86,920,7,9,True,False,False
41372,energy_shield7,Energy Shield and Mana Regeneration,1246.95,-4360.41,920,7,21,False,False,False
44359,mastery_energy_shield_6487,Energy Shield Mastery,1423.72,-4183.63,920,0,0,False,False,False
47759,passive_keystone_whispers_of_doom,Whispers of Doom,1436.89,-10147.3,921,0,0,False,True,False
3995,crossbow11,Crossbow Reload Speed,1386.05,8019.11,922,7,13,False,False,False
12311,crossbow12,Crossbow Reload Speed,1234.25,7902.62,922,7,16,False,False,False
64119,crossbow13,Rapid Reload,1234.25,7652.62,922,7,20,True,False,False
18115,grenades16,Grenade Damage,1692.24,7842.33,922,7,7,False,False,False
48856,grenades17,Grenade Damage,1667.26,7652.62,922,7,4,False,False,False
17882,grenades18,Volatile Grenades,1450.76,7527.62,922,7,0,True,False,False
33596,mastery_crossbow_6419,Crossbow Mastery,1450.76,7777.62,922,0,0,False,False,False
53996,melee21,Melee Damage,1349.81,3238.46,923,7,22,False,False,False
17686,melee23_,Melee Damage ,1233.32,3390.26,923,7,19,False,False,False
43575,melee24_,Melee Damage ,1258.3,3579.96,923,7,16,False,False,False
41512,melee37_,Heavy Weaponry,1410.1,3696.45,923,7,13,True,False,False
42736,attributes39,Attribute,1484.79,-2826.54,924,0,0,False,False,False
60741,elemental57,Elemental Damage,1505.67,-5382.35,925,2,12,False,False,False
49804,elemental58_,Exposure Effect,1423.67,-5688.38,925,2,22,False,False,False
6950,elemental59,Exposure Effect,1587.67,-5688.38,925,2,2,False,False,False
24035,elemental60,Elemental Damage,1341.67,-5546.35,925,2,18,False,False,False
33922,elemental61_,Stripped Defences,1669.67,-5546.35,925,2,6,True,False,False
10909,dexterity31,Attribute,1805.47,2781.41,926,3,8,False,False,False
16489,dexterity33,Attribute,1935.72,3341.01,926,6,30,False,False,False
28556,strength43,Attribute,1516.21,2948.41,926,3,12,False,False,False
56651,projectiles15,Projectile Damage,1535.77,727.985,927,0,0,False,False,False
19998,crossbow2,Crossbow Damage,1559.69,11253.6,928,0,0,False,False,False
11672,intelligence84,Attribute,1563.03,-4703.51,929,0,0,False,False,False
2486,enemies_on_low_life10,Stars Aligned,1353.01,6256.98,930,7,16,True,False,False
11410,enemies_on_low_life13,Damage against Enemies on Low Life,842.92,6551.48,930,6,48,False,False,False
22976,enemies_on_low_life14,Damage against Enemies on Low Life,2296.11,5712.48,930,6,12,False,False,False
19341,enemies_on_low_life3,Damage against Enemies on Low Life,1694.52,6348.48,930,7,10,False,False,False
56118,enemies_on_low_life4,Damage against Enemies on Low Life,1992.14,5887.98,930,4,12,False,False,False
61487,enemies_on_low_life5,Damage against Enemies on Low Life,1146.89,6375.98,930,4,48,False,False,False
36596,enemies_on_low_life6,Damage against Enemies on Low Life,1444.52,5915.47,930,7,22,False,False,False
8440,enemies_on_low_life7,Damage against Enemies on Low Life,1640.53,6172.98,930,1,4,False,False,False
63732,enemies_on_low_life8,Damage against Enemies on Low Life,1498.5,6090.98,930,1,10,False,False,False
45013,enemies_on_low_life9_,Finishing Blows,1786.02,6006.98,930,7,4,True,False,False
58884,mastery_two_hand_6773,Two Hand Mastery,1569.52,6131.98,930,0,0,False,False,False
48401,dexterity23_,Attribute,1993.64,2435.54,931,6,30,False,False,False
15507,dexterity24_,Attribute,1741.14,1998.2,931,3,10,False,False,False
1140,dexterity25,Attribute,1492.14,1566.92,931,2,22,False,False,False
39116,mastery_physical_6628,Physical Mastery,1431.8,3529.45,932,3,14,False,False,False
9941,melee22,Melee Damage,1422.03,3416.97,932,7,15,False,False,False
38888,melee36_,Unerring Impact,1598.81,3490.19,932,7,12,True,False,False
42076,energy_shield_recovery23,Mana Flask Charges Used,1600.36,-3445.28,933,0,0,False,False,False
46972,energy_shield_recovery25_,Arcane Mixtures,1535.66,-3686.77,933,7,23,True,False,False
17706,energy_shield_recovery36,Mana Flask Charges Used,1458.34,-3527.28,933,2,20,False,False,False
54783,mastery_energy_shield_6485,Mana Mastery,1538.08,-3567.5,934,1,10,False,False,False
58783,life_leech1,Life Leech. Armour and Evasion while Leeching,1474.01,4008.26,935,2,19,False,False,False
37190,life_leech11,Life Leech,1790.84,4093.15,935,2,7,False,False,False
35855,life_leech13,Fortifying Blood,1748.39,3934.74,935,2,3,True,False,False
48583,life_leech2,Life Leech. Armour and Evasion while Leeching,1589.98,3892.29,935,2,23,False,False,False
26520,life_leech4,Life Leech,1674.87,4209.12,935,2,11,False,False,False
35859,mastery_leech129,Leech Mastery,1632.43,4050.7,935,0,0,False,False,False
48846,lightning_penetration16,Lightning Damage,1657.19,9770.52,936,0,0,False,False,False
2978,mastery_trap_6758,Trap Mastery,1663.34,10309.6,937,0,0,False,False,False
6266,mercenary1,Damage,1847.18,10472.4,938,7,9,False,False,False
60085,mercenary11,Damage,1493.63,10472.4,938,7,15,False,False,False
15839,mercenary2,Ailment Duration,1711.41,10366.6,938,1,5,False,False,False
11667,mercenary3,Immobilisation Buildup,1599.39,10254.6,938,1,10,False,False,False
1915,mercenary4,Critical Chance,1493.63,10118.8,938,7,21,False,False,False
48617,mercenary5,Hunter,1847.18,10118.8,938,7,3,True,False,False
30117,AscendancyWitch2Small1,Spell Critical Chance,1684.82,-18566.4,939,0,0,False,False,False
25807,crossbow24,Crossbow Reload Speed,1694.19,11468.7,940,0,0,False,False,False
30555,attributes40,Attribute,1695.71,-2698.11,941,0,0,False,False,False
27234,mastery_mana6174,Mana Mastery,1713.31,-4986.63,942,0,0,False,False,False
4203,intelligence81,Attribute,1714.69,-2969.93,943,0,0,False,False,False
14340,dexterity70,Attribute,1734.98,4453,944,0,0,False,False,False
58939,criticals80,Dispatch Foes,1879.79,4860,945,2,8,True,False,False
26319,criticals81_,Critical Chance,1737.77,4614,945,2,0,False,False,False
30990,criticals82,Critical Chance,1595.74,4860,945,2,16,False,False,False
44608,mastery_critical_6413,Critical Mastery,1737.77,4778,945,0,0,False,False,False
2732,mana_regeneration45,Mana Cost Efficiency,1705.18,-5106.14,946,1,11,False,False,False
65393,mana_regeneration46,Mana Cost Efficiency,1604.15,-4953.12,946,2,16,False,False,False
52241,mana_regeneration47_,Mana on Kill,1828.18,-5035.12,946,1,3,False,False,False
58115,mana_regeneration48,Mana on Kill,1746.18,-4871.12,946,2,12,False,False,False
94,mana_regeneration49,Efficient Killing,1962.68,-5160.12,946,7,4,True,False,False
16790,mana_regeneration50_,Efficient Casting,1746.18,-5285.12,946,7,0,True,False,False
49691,evasion12,Evasion,1583.2,1143.67,947,7,21,False,False,False
31409,evasion13,Evasion,1875.94,1204.48,947,2,3,False,False,False
50437,evasion14,Evasion,1976.48,1445.44,947,7,8,False,False,False
32274,mastery_evasion_6502,Evasion Mastery,1759.97,1320.44,947,0,0,False,False,False
61106,movement_speed1,Movement Speed,1644.01,1436.41,947,2,15,False,False,False
59653,movement_speed3,Movement Speed,1884.97,1536.95,947,7,10,False,False,False
35987,ranger_huntress_notable1,Blur,2105.04,1665.51,947,4,27,True,False,False
48551,AscendancyWitch2Small2,Spell Critical Chance,1760.62,-17480.4,948,0,0,False,False,False
15876,cold23,Energy Shield as Freeze Threshold,1858.09,-10538.1,949,2,10,False,False,False
7947,cold24,Energy Shield as Freeze Threshold,1634.07,-10598.1,949,2,16,False,False,False
26061,cold25,Energy Shield as Freeze Threshold,1694.09,-10822.2,949,2,22,False,False,False
4579,cold26,Unbothering Cold,1918.12,-10762.1,949,2,4,True,False,False
17672,attributes77_,Attribute,1797.54,-7995.13,950,0,0,False,False,False
11230,passive_keystone_auto_invocation,Ritual Cadence,1797.54,-7675.13,951,0,0,False,True,False
48290,mastery_miniondefence180,Minion Defence Mastery,1682.48,-7050.75,952,2,15,False,False,False
49088,minion_offence15,Splintering Force,1798.44,-7166.71,952,0,0,True,False,False
47155,minion_offence20,Minion Damage,2034.62,-7402.89,952,3,3,False,False,False
55180,minion_offence21_,Relentless Fallen,1562.27,-6930.54,952,3,15,True,False,False
17394,minion_offence23,Minion Stun Buildup,1798.44,-7416.71,952,7,0,False,False,False
45530,minion_offence24_,Minion Stun Buildup,1548.44,-7166.71,952,7,18,False,False,False
3443,minion_offence25,Minion Damage,1798.44,-6916.71,952,7,12,False,False,False
63545,minion_offence26,Minion Damage,2048.44,-7166.71,952,7,6,False,False,False
20140,mastery_caster_6362,Caster Mastery,1800.67,-8634.27,953,0,0,False,False,False
20861,triggers11,Invocation Spell Damage,1802.15,-8560.16,954,7,12,False,False,False
8522,triggers12,Energy,1585.64,-8685.16,954,7,16,False,False,False
26236,triggers13,Energy,1585.64,-8935.16,954,7,20,False,False,False
38069,triggers14,Energy,1802.15,-8974.16,954,2,0,False,False,False
45350,triggers15,Invocation Spell Damage,2052.15,-8810.16,954,7,6,False,False,False
338,triggers19,Invocated Limit,1802.15,-8728.16,954,1,6,True,False,False
24491,triggers20,Invocated Echoes,1802.15,-9298.16,954,4,0,True,False,False
3438,triggers21,Invocation Spell Damage,2038.32,-9046.33,954,3,3,False,False,False
18856,triggers22,Invocation Spell Damage,1802.15,-9144.16,954,3,0,False,False,False
7576,attack_damage1,Attack Damage,1821.35,-1202.94,955,0,0,False,False,False
33866,attack_damage3,Attack Damage,1963.38,-1284.94,955,2,4,False,False,False
10364,attack_speed25,Skill Speed,1398.73,-958.945,955,4,48,False,False,False
42857,attack_speed27,Skill Speed,1604.85,-1077.94,955,7,16,False,False,False
20024,criticals14,Critical Damage,1696.35,-1419.45,955,7,22,False,False,False
44223,criticals15,Critical Damage,1886.06,-1444.43,955,7,1,False,False,False
55342,intelligence3,Attribute,1421.61,-1482.85,955,4,61,False,False,False
17248,intelligence4,Attribute,1821.35,-1859.94,955,5,0,False,False,False
10429,mastery_trap236,Trap Mastery,1780.35,-1273.96,955,1,11,False,False,False
49220,shadow_monk_notable1,Flow Like Water,2243.98,-1446.94,955,4,12,True,False,False
39298,attributes60,Attribute,1824.91,8228.37,956,0,0,False,False,False
10998,armour_and_evasion11,Strong Chin,2070.62,8936.47,957,4,30,True,False,False
9736,armour_and_evasion14__,Insulated Treads,1582.62,8936.47,957,4,42,True,False,False
61396,armour_and_evasion16,Armour and Evasion,1913.07,8836.47,957,3,11,False,False,False
61318,armour_and_evasion17,Armour and Evasion,1740.18,8836.47,957,3,13,False,False,False
2843,armour_and_evasion40,Tolerant Equipment,1826.62,9170.85,957,5,36,True,False,False
1019,armour_and_evasion5,Armour and Evasion,1826.62,8513.85,957,0,0,False,False,False
45037,armour_and_evasion6,Armour and Evasion,1585.14,8578.56,957,7,17,False,False,False
21438,armour_and_evasion7,Armour and Evasion,2068.11,8578.56,957,7,7,False,False,False
62235,mastery_evasion109,Armour and Evasion Mastery,1826.62,8677.85,957,2,12,False,False,False
7062,crossbow14,Reusable Ammunition,2343.8,11466.4,958,4,19,True,False,False
16680,crossbow15_,Crossbow Reload Speed,2329.03,11297.5,958,4,15,False,False,False
48137,crossbow16,Crossbow Reload Speed,2257.4,11143.9,958,4,11,False,False,False
33887,crossbow18,Full Salvo,2137.56,11024.1,958,4,7,True,False,False
43155,crossbow4,Crossbow Critical Chance,2299.93,11630.1,958,4,23,False,False,False
31763,crossbow6,Crossbow Critical Chance,2202.72,11768.9,958,4,27,False,False,False
33415,crossbow7,Crossbow Critical Chance,2063.89,11866.1,958,4,31,False,False,False
6178,crossbow8_,Power Shots,1900.19,11910,958,4,35,True,False,False
64726,mastery_projectile_6651,Projectile Mastery,2041.95,6826.84,959,2,8,False,False,False
19573,ranged27,Projectile Pierce,1964.63,6986.33,959,7,11,False,False,False
17553,ranged28,Projectile Pierce,2141.41,6680.14,959,7,5,False,False,False
46296,ranged37,Short Shot,1970.94,6785.84,959,1,4,True,False,False
38479,ranged38_,Close Confines,1757.9,6662.84,959,2,20,True,False,False
19342,ranged41,Projectile Damage,2189.18,6911.84,959,3,8,False,False,False
27493,ranged42,Projectile Damage,2322.55,6988.84,959,4,24,False,False,False
53683,crossbow26,Efficient Loading,1904.34,11525,960,0,0,True,False,False
44430,crossbow3,Crossbow Damage,1949.12,11357.8,961,0,0,False,False,False
44343,dexterity1,Attribute,2001.39,-492.002,962,4,35,False,False,False
55276,dexterity2,Attribute,2527.83,-649.645,962,5,24,False,False,False
52980,evasion_and_energy_shield1,Evasion and Energy Shield,1536.23,-734.145,962,4,48,False,False,False
17366,evasion_and_energy_shield2,Evasion and Energy Shield,2083.85,-761.639,962,7,10,False,False,False
18970,evasion_and_energy_shield3,Evasion and Energy Shield,1742.35,-853.145,962,7,16,False,False,False
29361,evasion_and_energy_shield4,Evasion and Energy Shield,2200.34,-913.44,962,7,7,False,False,False
11938,mana10,Mana Regeneration,1958.85,-978.145,962,0,0,False,False,False
39964,mana11,Mana Regeneration,2100.88,-1060.15,962,2,4,False,False,False
1215,mastery_energyshield106,Evasion and Energy Shield Mastery,1999.85,-907.131,962,1,5,False,False,False
48198,shadow_monk_notable2,Step Like Mist,2381.48,-1222.15,962,4,12,True,False,False
33225,minion_defence14,Minion Fire Resistance,1960.52,-9606.62,963,0,0,False,False,False
21779,criticals20,Critical Damage,1820.38,-4298.39,964,2,19,False,False,False
9185,criticals21,Critical Chance,2137.21,-4298.39,964,2,5,False,False,False
40760,criticals22,Critical Chance,2021.24,-4414.36,964,2,1,False,False,False
60107,criticals24,Critical Chance,2094.76,-4139.98,964,2,9,False,False,False
57204,criticals30,Critical Exploit,1936.35,-4097.53,964,2,13,True,False,False
47833,mastery_critical_270_,Critical Mastery,1978.8,-4255.94,964,0,0,False,False,False
19779,chaos10,Chaos Damage,1917.54,-11254.9,965,2,22,False,False,False
63891,chaos11,Chaos Damage,1958.54,-11041.8,965,1,7,False,False,False
63074,chaos31,Dark Entries,2070.55,-11153.8,965,1,2,True,False,False
42999,chaos7,Chaos Damage,2166.53,-10823.6,965,3,10,False,False,False
4925,chaos9,Chaos Damage,2288.79,-11279.8,965,3,4,False,False,False
35660,attack_speed3,Attack Speed,1970.43,1023.43,966,2,13,False,False,False
18548,attack_speed7,Attack Speed,2229.38,990.015,966,7,8,False,False,False
62628,mastery_projectile_6648,Projectile Mastery,2012.88,865.015,966,0,0,False,False,False
4313,projectiles14,Projectile Damage,2262.88,865.015,966,7,6,False,False,False
35234,projectiles22,Projectile Damage,1771.39,800.31,966,7,19,False,False,False
6789,projectiles8,Projectile Damage,2055.32,706.603,966,2,1,False,False,False
28992,ranger_huntress_notable2,Honed Instincts,2484.25,991.319,966,4,21,True,False,False
17726,ranged3,Stun Buildup,2256.8,2935.01,967,7,5,False,False,False
11826,ranged32,Heavy Ammunition,2231.82,3124.71,967,7,8,True,False,False
11315,lightning_penetration14,Lightning Damage,2015.42,9673.14,968,0,0,False,False,False
64427,power_charges17,Infusion and Power Charge Duration,1965.94,-8146.9,969,2,15,False,False,False
51892,power_charges18,Infusion and Power Charge Duration,2039.46,-8421.28,969,2,23,False,False,False
44188,power_charges19,Infusion and Power Charge Duration,2240.32,-8220.42,969,2,7,False,False,False
59387,power_charges20,Infusion of Power,2081.9,-8262.87,969,0,0,True,False,False
23153,ballista10,Ballista Damage,1957.55,7848.28,970,7,14,False,False,False
31112,ballista11,Ballista Critical Strike,2207.55,7415.27,970,7,2,False,False,False
56897,ballista12,Ballista Critical Damage,2207.55,7848.28,970,7,10,False,False,False
57785,ballista15,Trained Turrets,2332.55,7631.77,970,7,6,True,False,False
63828,ballista8,Ballista Critical Strike and Damage,1832.55,7631.77,970,7,18,False,False,False
23996,ballista9,Ballista Damage,2082.55,7631.77,970,0,0,False,False,False
30082,crossbow23,Crossbow Reload Speed,2092.43,11575.4,971,0,0,False,False,False
46554,intelligence59,Attribute,2107.3,-10394.2,972,0,0,False,False,False
41225,mastery_miniondefence181,Minion Defence Mastery,2107.3,-9931.58,973,0,0,False,False,False
48611,minion_defence28,Minion Resistances,2107.3,-10095.6,973,2,0,False,False,False
4271,minion_defence30,Minion Resistances,2249.33,-9849.58,973,2,8,False,False,False
62887,minion_defence42,Living Death,1965.28,-9849.58,973,2,16,True,False,False
47177,intelligence85,Attribute,2110.12,-4703.51,974,0,0,False,False,False
61768,minion_defence27,Minion Cold Resistance,2157.18,-9511.45,975,0,0,False,False,False
61432,mastery_crossbow_6418,Crossbow Mastery,2164.6,11512.6,976,0,0,False,False,False
56926,mastery_minion_defence_6611,Minion Defence Mastery,2281.2,-6766.47,977,2,3,False,False,False
44255,minion_defence12,Minion Revive Speed,2165.23,-6400.5,977,7,12,False,False,False
14548,minion_defence13,Minion Life,2165.23,-6900.5,977,7,0,False,False,False
59541,minion_defence15,Necrotised Flesh,2401.41,-6886.68,977,3,3,True,False,False
10320,minion_defence18,Minion Life,1915.23,-6650.5,977,7,18,False,False,False
28573,minion_defence19,Minion Revive Speed,2415.23,-6650.5,977,7,6,False,False,False
15358,minion_defence20,Minion Life and Minion Revive Speed,1929.06,-6414.33,977,3,15,False,False,False
41905,minion_defence9,Gravedigger,2165.23,-6650.5,977,0,0,True,False,False
2841,mastery_life143,Life Mastery,2192.99,4717.44,978,0,0,False,False,False
33059,stun_threshold_if_no_recent_stun12,Back in Action,2192.99,4881.44,978,2,12,True,False,False
39839,stun_threshold_if_no_recent_stun14,Stun Threshold if no recent Stun,2050.97,4635.44,978,2,20,False,False,False
20205,stun_threshold_if_no_recent_stun15,Stun Threshold if no recent Stun,2335.02,4635.44,978,2,4,False,False,False
52703,AscendancyWitch2Notable1,Gore Spike,2198.74,-17185.7,979,0,0,True,False,False
48568,attributes67,Attribute,2199.2,3806.76,980,0,0,False,False,False
49046,attributes38,Attribute,2214.93,-3836.38,981,0,0,False,False,False
62159,life_recoup11,Life Recoup,2372.02,-3067.3,982,2,8,False,False,False
59603,life_recoup12,Life Recoup,2229.99,-3149.3,982,0,0,False,False,False
57110,life_recoup16,Infused Flesh,2471.48,-3214.01,982,7,5,True,False,False
46561,mastery_recovery_6676_,Recovery Mastery,2393.99,-3149.3,982,2,6,False,False,False
16460,dexterity15,Attribute,3074.52,536.065,983,6,18,False,False,False
43746,dexterity16,Attribute,2569.52,536.065,983,3,6,False,False,False
38143,dexterity17,Attribute,2071.52,536.065,983,2,18,False,False,False
57810,shock13,Shock Chance,2257.86,-8717.37,984,0,0,False,False,False
5961,lightning25,Lightning Damage,2260.4,9939.27,985,0,0,False,False,False
54675,lightning24,Lightning Damage,2281.59,10332.1,986,0,0,False,False,False
58329,intelligence77,Attribute,3131.18,-3970.17,987,6,18,False,False,False
31950,intelligence78,Attribute,3018.78,-4389.67,987,6,12,False,False,False
8569,intelligence79,Attribute,2711.68,-4696.77,987,6,6,False,False,False
3610,,,1587.16,18698.5,988,6,48,False,False,False
27311,,,1587.16,17859.5,988,6,60,False,False,False
43326,,,1891.13,18523,988,4,48,False,False,False
16700,,,2146.75,18568.3,988,3,14,False,False,False
429,,,2480.75,18568.3,988,3,10,False,False,False
48446,,,2736.38,18523,988,4,24,False,False,False
40548,,,3040.35,18698.5,988,6,24,False,False,False
36503,,,3074.15,17924.5,988,6,13,False,False,False
467,,,1894.25,19005.6,988,6,42,False,False,False
42683,,,1477.95,18352.2,988,6,53,False,False,False
33436,,,1891.44,18782.3,988,5,44,False,False,False
47676,,,2199.67,18926.1,988,5,38,False,False,False
2375,,,2427.84,18926.1,988,5,34,False,False,False
35088,,,2736.07,18782.3,988,5,28,False,False,False
62573,,,2733.25,19005.6,988,6,30,False,False,False
3198,,,3149.56,18352.2,988,6,19,False,False,False
10889,,,2313.75,19118,988,6,36,False,False,False
39987,chaos1,Chaos Damage and Duration,2150.51,-5149.38,989,3,14,False,False,False
12419,chaos12,Chaos Damage and Duration,2459.54,-5520.63,989,2,4,False,False,False
18913,chaos2,Chaos Damage and Duration,2192.51,-5655.14,989,7,22,False,False,False
56063,chaos37,Lingering Horror,2317.51,-5438.63,989,0,0,True,False,False
40073,shock14,Drenched,2343.9,-9085.31,990,0,0,True,False,False
20744,mastery_projectile_6650,Projectile Mastery,2459.83,2986.75,991,1,3,False,False,False
33053,ranged1,Projectile Damage,2252.83,2770.25,991,7,22,False,False,False
4844,ranged2,Projectile Damage,2442.54,2745.27,991,7,1,False,False,False
50795,ranged31,Careful Aim,2619.32,3051.46,991,7,7,True,False,False
58013,ranged4,Projectile Damage,2594.34,2861.75,991,7,4,False,False,False
63926,minion_defence23,Minion Lightning Resistance,2393.91,-9611.59,992,0,0,False,False,False
26383,AscendancyWitch2Notable2_,Sunder the Flesh,1467.56,-18071.1,993,8,59,True,False,False
8415,AscendancyWitch2Notable3,Sanguimancy,2442.74,-18455.4,993,6,0,True,False,False
26282,AscendancyWitch2Notable4,Blood Barbs,2114.25,-18185.4,993,5,66,True,False,False
27667,AscendancyWitch2Notable5,Whispers of the Flesh,2982.04,-18259.1,993,6,8,True,False,False
23416,AscendancyWitch2Notable6,Vitality Siphon,1903.45,-18259.1,993,6,64,True,False,False
56162,AscendancyWitch2Notable7,Grasping Wounds,3417.93,-18071.1,993,8,13,True,False,False
65518,AscendancyWitch2Notable9,Sanguine Tides,2771.24,-18185.4,993,5,6,True,False,False
62388,AscendancyWitch2Small4_,Bleed on Critical Chance,2328.66,-18263.4,993,5,70,False,False,False
30071,AscendancyWitch2Small5,Curse Effect,2729.7,-18404.8,993,6,4,False,False,False
59342,AscendancyWitch2Small6,Life Leech,2155.79,-18404.8,993,6,68,False,False,False
47442,AscendancyWitch2Small9,Life Flasks,2556.83,-18263.4,993,5,2,False,False,False
59822,AscendancyWitch2Start,Blood Mage,2442.74,-18936.4,993,9,0,False,False,False
53266,lightning7,Lightning Skill Speed,2453.78,-8312.45,994,0,0,False,False,False
46224,mana_flasks12,Arcane Alchemy,2539.39,3317.93,995,2,2,True,False,False
24045,mana_flasks3,Mana Flask Recovery,2573.36,3575.92,995,2,9,False,False,False
49799,mana_flasks5,Mana Flask Recovery,2315.37,3377.95,995,2,20,False,False,False
45019,mastery_mana167,Flask Mastery,2457.39,3459.95,995,0,0,False,False,False
26786,dexterity66,Attribute,2459.2,4266.46,996,0,0,False,False,False
18882,dexterity68,Attribute,2787.7,3697.48,996,5,6,False,False,False
23764,lightning45,Alternating Current,2459.21,-3622.89,997,0,0,True,False,False
5295,lightning26_,Lightning Penetration,2476.38,9574.5,998,0,0,False,False,False
50485,curses6,Zone of Control,2333.88,-5053.36,999,2,18,True,False,False
28229,curses7,Curse Area,2497.88,-5217.36,999,2,0,False,False,False
8540,curses8,Curse Area,2579.88,-4911.34,999,2,10,False,False,False
45230,curses9,Curse Area,2639.9,-5135.36,999,2,4,False,False,False
22959,mastery_curse75,Curse Mastery,2497.88,-5053.36,999,0,0,False,False,False
19288,passive_keystone_glancing_blows_,Glancing Blows,2503.68,7415.67,1000,0,0,False,True,False
38814,dexterity71,Attribute,2503.68,7792.67,1001,0,0,False,False,False
20387,shock11,Shock Chance,2504.3,-8625.66,1002,0,0,False,False,False
43431,armour_and_evasion35_,Deflection,2384.75,8260.36,1003,4,69,False,False,False
20779,armour_and_evasion36_,Deflection,2511.05,8397.74,1003,3,0,False,False,False
50239,armour_and_evasion37,Mutewind Agility,2752.54,8667.03,1003,7,5,True,False,False
19224,armour_and_evasion38,Deflection,2267.06,8309.12,1003,4,66,False,False,False
32555,armour_and_evasion39,Deflection,2386.05,8515.23,1003,7,22,False,False,False
9535,armour_and_evasion41,Brinerot Ferocity,2511.05,8731.74,1003,0,0,True,False,False
24963,armour_and_evasion42_,Deflection,2165.99,8386.67,1003,4,63,False,False,False
42169,armour_and_evasion43,Deflection,2221.8,8564.74,1003,3,20,False,False,False
61309,armour_and_evasion44,Redblade Discipline,2334.28,8908.51,1003,7,15,True,False,False
51850,armour_and_evasion45,Path of the Renegade,2678.05,9020.99,1003,3,10,True,False,False
37434,mastery_armour_and_evasion_6281,Armour and Evasion Mastery,2593.05,8873.76,1003,2,10,False,False,False
63731,boss_slaying7,Attack Damage,2537.98,11565.8,1004,0,0,False,False,False
58814,attributes8_,Attribute,2568.17,10828.4,1005,0,0,False,False,False
29582,accuracy8,Accuracy,2491.06,1627.49,1006,2,14,False,False,False
43923,accuracy9,Accuracy,2655.06,1343.44,1006,2,2,False,False,False
19470,flasks19_,Life and Mana Flask Recovery,2250.45,1571.91,1006,3,17,False,False,False
50328,flasks20_,Life and Mana Flask Recovery,2486.62,1162.85,1006,3,23,False,False,False
10053,flasks21,Combat Alchemy,2431.04,1403.46,1006,2,20,True,False,False
9458,mastery_mana168,Flask Mastery,2573.06,1485.46,1006,0,0,False,False,False
4850,lightning44,Shock Effect and Mana Regeneration,2577.55,-4030.32,1007,0,0,False,False,False
11855,accuracy15,Accuracy,2448.34,5251.65,1008,2,16,False,False,False
56999,accuracy19,Locked On,2590.36,5169.65,1008,0,0,True,False,False
44014,accuracy24,Accuracy,2732.39,5251.65,1008,2,8,False,False,False
30829,accuracy27,Accuracy,2590.36,5005.65,1008,2,0,False,False,False
58002,physical10,Physical Damage,2827.06,-7560.33,1009,3,3,False,False,False
55575,physical11,Physical as Extra Chaos Damage,2706.85,-7208.19,1009,2,9,False,False,False
45086,physical12,Physical as Extra Chaos Damage,2474.92,-7440.12,1009,2,21,False,False,False
34520,physical13,Physical Damage,2414.11,-7147.38,1009,7,15,False,False,False
23738,physical33,Madness in the Bones,2590.88,-7324.15,1009,0,0,True,False,False
17024,lightning16,Lightning Skill Speed,2607.33,-8878.62,1010,0,0,False,False,False
53196,flasks12,Flask and Charm Charges Gained,2622.75,6855.25,1011,7,12,False,False,False
12322,flasks13,Flask and Charm Charges Gained,2839.26,6730.25,1011,7,8,False,False,False
32135,flasks15,Flask Charges Gained,3045.38,6361.25,1011,4,12,False,False,False
35848,flasks16,Flask Recovery,2406.25,6480.25,1011,7,20,False,False,False
28625,flasks17,Flask Recovery,2622.75,6355.25,1011,7,0,False,False,False
46692,flasks9,Efficient Alchemy,2406.25,6730.25,1011,7,16,True,False,False
51509,mana_flasks14,Waters of Life,2622.75,6605.25,1011,0,0,True,False,False
9393,mastery_flask123,Flask Mastery,2551.74,6646.25,1011,1,8,False,False,False
35896,intelligence36_,Attribute,2634.6,-7995.13,1012,0,0,False,False,False
13738,lightning39,Lightning Quick,2641.65,-9309.5,1013,0,0,True,False,False
52354,boss_slaying6,Attack Damage,2667.71,11496.1,1014,0,0,False,False,False
31223,AscendancyWitch2Notable8,Crimson Power,2686.76,-17185.7,1015,0,0,True,False,False
4157,criticals11,Critical Chance,2444.54,-2103.71,1016,7,18,False,False,False
55088,criticals12,Critical Chance,2819.54,-2320.22,1016,7,2,False,False,False
34168,criticals3,Crashing Wave,2569.54,-2320.22,1016,7,22,True,False,False
53960,intelligence5,Attribute,2047.11,-2329.78,1017,5,54,False,False,False
36479,lightning41,Essence of the Storm,2480.75,-2481.04,1018,4,66,True,False,False
36778,lightning42,Shock Chance,2266.17,-2225.32,1018,4,58,False,False,False
12925,lightning43,Shock Chance,2809.49,-2539,1018,4,2,False,False,False
61312,dexterity22,Attribute,2483.45,2447.28,1019,4,42,False,False,False
20831,evasion39,Catlike Agility,2645.45,2166.68,1019,2,14,True,False,False
29843,evasion4,Evasion and Reduced Movement Penalty,2485.97,1959.95,1019,7,19,False,False,False
55397,flasks22,Flask Charges Gained,2550.68,1847.88,1019,7,21,False,False,False
44527,flasks24,Cautious Concoctions,2809.45,1882.63,1019,2,2,True,False,False
44875,mastery_evasion_6508,Evasion Mastery,2727.45,2024.66,1019,0,0,False,False,False
9020,boss_slaying10,Giantslayer,2689.83,11697.9,1020,1,11,True,False,False
244,boss_slaying2_,Attack Damage,2486.83,11346.3,1020,4,66,False,False,False
41171,boss_slaying3,Attack Speed,2947.34,11643.9,1020,7,4,False,False,False
37767,boss_slaying4,Attack Speed,2514.33,11893.9,1020,7,16,False,False,False
6596,boss_slaying5,Attack Speed,2974.83,12191.5,1020,4,30,False,False,False
36341,boss_slaying9_,Cull the Hordes,2812.83,11910.9,1020,2,10,True,False,False
35118,mastery_twohand242,Two Hand Mastery,2730.83,11768.9,1020,0,0,False,False,False
35503,lightning48,Shock Effect and Mana Regeneration,2744.59,-3760.9,1021,0,0,False,False,False
34233,attack_speed37,Flow State,2671.29,-2143.98,1022,2,22,True,False,False
14725,attack_speed46,Skill Speed,2589.29,-2001.95,1022,2,18,False,False,False
32545,attack_speed47,Skill Speed,2835.29,-2143.98,1022,2,2,False,False,False
16123,mastery_criticals67,Critical Mastery,2586.29,-2291.21,1022,3,22,False,False,False
31745,pin11,Lockdown,2333.85,6156.5,1023,4,48,True,False,False
3234,pin3,Pin Duration,2685.46,5953.5,1023,1,8,False,False,False
3624,pin4,Pin Buildup,3079.09,5826.05,1023,3,5,False,False,False
10927,pin5,Pin Duration,2992.65,5676.32,1023,3,3,False,False,False
9272,pin6,Pin Duration,2756.47,5830.5,1023,1,0,False,False,False
18470,pin7,Pin Buildup,2827.49,5953.5,1023,1,4,False,False,False
4447,pin8,Pin their Motivation,2756.47,6162.5,1023,7,12,True,False,False
12906,pin9,Sitting Duck,2539.97,5787.5,1023,7,20,True,False,False
13844,DeliriumAnoint_GrowingPeril,Growing Peril,2767.92,0.425,1024,0,0,True,False,False
19104,accuracy18,Eagle Eye,2770.83,1599.66,1025,0,0,True,False,False
52568,companions51,Bond of the Owl,2776.83,7019.78,1026,0,0,True,False,False
53560,shock1,Lightning Skill Chain Chance,2785.02,-8428.64,1027,0,0,False,False,False
34984,mastery_energy_shield_6495,Energy Shield Mastery,2787.39,-5900.44,1028,0,0,False,False,False
12661,stun_threshold_from_energy_shield10,Asceticism,2570.89,-5775.44,1028,7,16,True,False,False
44917,stun_threshold_from_energy_shield11,Self Mortification,2787.39,-6150.44,1028,7,0,True,False,False
18895,stun_threshold_from_energy_shield3,Stun Threshold from Energy Shield,2787.39,-5818.44,1028,1,6,False,False,False
703,stun_threshold_from_energy_shield4,Stun Threshold from Energy Shield,2858.41,-5941.44,1028,1,2,False,False,False
10552,stun_threshold_from_energy_shield5,Stun Threshold from Energy Shield,3003.9,-5775.44,1028,7,8,False,False,False
12465,armour_break17,Armour Break,2670.71,10656.9,1029,7,14,False,False,False
30040,armour_break18,Armour Break,2754.71,10511.4,1029,1,7,False,False,False
56016,armour_break19,Passthrough Rounds,2877.71,10298.3,1029,2,2,True,False,False
65149,armour_break20,Armour Break Effect,2653.69,10358.4,1029,2,20,False,False,False
35594,armour_break21_,Armour Break Effect,2937.74,10522.4,1029,2,8,False,False,False
26830,armour_break22,Armour Break Effect,2467.21,11009.3,1029,5,42,False,False,False
13576,lightning9,Lightning Skill Speed,2802.27,-8676.29,1030,0,0,False,False,False
64352,lightning11,Lightning Damage,2806.74,4311.96,1031,0,0,False,False,False
37372,lightning10,Lightning Skill Speed,2810.3,-9096.02,1032,0,0,False,False,False
12337,lightning35,Flash Storm,2880.86,9533.6,1033,0,0,True,False,False
25281,mastery_life140,Life Mastery,2815.43,-3471.12,1034,1,10,False,False,False
10677,stun_threshold_if_no_recent_stun3,Stun Threshold if not Stunned recently,2744.42,-3512.12,1034,2,20,False,False,False
56638,stun_threshold_if_no_recent_stun4,Stun Threshold if not Stunned recently,2968.44,-3572.15,1034,2,2,False,False,False
53935,stun_threshold_if_no_recent_stun9,Briny Carapace,2804.44,-3288.1,1034,2,14,True,False,False
7405,lightning28,Shock Effect and Mana Regeneration,2886.7,-4100.44,1035,0,0,False,False,False
48585,evasion9,Evasion and Reduced Movement Penalty,2890.88,2251.96,1036,0,0,False,False,False
31517,spells27,Seal Generation Frequency,3040.19,-5571.12,1037,2,4,False,False,False
11722,spells28,Seal Generation Frequency,2756.14,-5407.12,1037,2,16,False,False,False
62431,spells29_,Anticipation,2898.16,-5489.12,1037,0,0,True,False,False
13341,frenzy_charges10,Frenzy Charge Duration,3041.57,2768.56,1038,2,4,False,False,False
56841,frenzy_charges11,Frenzy Charge Duration,2757.52,2768.56,1038,2,20,False,False,False
18451,frenzy_charges5,Frenzy Charge Duration,2899.54,3014.56,1038,2,12,False,False,False
63255,frenzy_charges8,Savagery,2899.54,2850.56,1038,0,0,True,False,False
62779,mastery_companion296,Companion Mastery,2918.45,7099.38,1039,0,0,False,False,False
62230,energy_shield33_,Patient Barrier,2922.78,-10953.2,1040,6,0,True,False,False
19355,energy_shield44,Energy Shield,3209.74,-10902.6,1040,6,4,False,False,False
37974,energy_shield46_,Energy Shield,2635.83,-10902.6,1040,6,68,False,False,False
39567,intelligence101_,Ingenuity,2922.78,-10630.7,1041,5,0,True,False,False
50816,intelligence102,Intelligence,2645.12,-10569.2,1041,5,67,False,False,False
50755,intelligence103,Intelligence,3200.45,-10569.2,1041,5,5,False,False,False
10159,mana29,Mana Regeneration,2678.78,-9551.12,1041,4,42,False,False,False
4828,mana30,Mana Regeneration,2922.78,-9809.75,1041,2,12,False,False,False
25026,mana31,Mana Regeneration,2633.53,-10140.7,1041,3,20,False,False,False
36379,mana32,Mana Regeneration,2464.21,-10140.7,1041,4,58,False,False,False
31977,mana34,Mana Regeneration,2922.78,-9316.75,1041,5,36,False,False,False
19044,mana37,Arcane Intensity,2922.78,-10055.7,1041,1,0,True,False,False
3567,mana38,Raw Mana,2633.53,-9806.75,1041,3,16,True,False,False
33345,mana_regeneration32,Mana Regeneration,3381.35,-10140.7,1041,4,14,False,False,False
10314,mana_regeneration33__,Mana Regeneration,3166.78,-9551.12,1041,4,30,False,False,False
61923,mana_regeneration34,Mana Regeneration,3212.04,-10140.7,1041,3,4,False,False,False
16256,mana_regeneration40,Ether Flow,3212.04,-9806.75,1041,3,8,True,False,False
53188,mastery_mana158,Mana Mastery,2922.78,-9973.75,1041,0,0,False,False,False
21336,evasion_and_energy_shield26,Evasion and Energy Shield,2777.15,-1737.29,1042,2,19,False,False,False
15975,evasion_and_energy_shield27,Evasion and Energy Shield,2893.12,-1536.43,1042,2,13,False,False,False
62984,evasion_and_energy_shield35_,Mindful Awareness,3077.59,-1776.84,1042,2,4,True,False,False
58182,life_on_kill1,Life on Kill,2768.56,-1984.1,1042,3,22,False,False,False
7344,life_on_kill14,Life from Death,3224.82,-1861.84,1042,3,4,True,False,False
26931,life_on_kill2,Life on Kill,3102.56,-1405.59,1042,3,10,False,False,False
8975,intelligence9,Attribute,2939.76,-2768.08,1043,0,0,False,False,False
44487,fire64_,Ignite Magnitude,3188.01,4904.86,1044,7,5,False,False,False
45137,fire65,Ignite Magnitude,3163.03,5094.56,1044,7,8,False,False,False
39884,fire66,Searing Heat,3011.23,4728.08,1044,7,1,True,False,False
40271,mastery_fire121,Fire Mastery,3071.52,4753.06,1044,7,2,False,False,False
44345,lightning12,Lightning Damage,2947.79,4537.32,1045,0,0,False,False,False
20504,block10,Block,2995.2,8568.45,1046,0,0,False,False,False
52836,block11,Block,2751.21,8145.82,1046,4,66,False,False,False
56806,block16,Swift Blocking,2870.2,8351.94,1046,7,22,True,False,False
11980,block6,Block,2952.67,8082.3,1046,4,71,False,False,False
62341,block9,Block,2595.46,8288.54,1046,4,61,False,False,False
46157,shock2,Lightning Skill Chain Chance,3017.04,-8315.27,1047,0,0,False,False,False
3665,companions64,Attack Damage and Companion Damage as Cold,3028.9,6994.96,1048,0,0,False,False,False
50516,area_attacks60,Attack Area and Flammability Magnitude,3163.31,10868,1049,7,2,False,False,False
41447,area_attacks61,Attack Area and Flammability Magnitude,3327.57,11251.5,1049,3,8,False,False,False
31626,area_attacks62,Attack Area and Flammability Magnitude,2973.61,10843.1,1049,7,23,False,False,False
59661,fire59,Faster Ignites and Flammability Magnitude,2796.83,11149.2,1049,7,17,False,False,False
13610,fire60_,Faster Ignites and Flammability Magnitude,3124.76,11407.2,1049,3,11,False,False,False
2814,fire61,Engineered Blaze,3360.93,10998.1,1049,3,5,True,False,False
26952,fire62,Flammability Magnitude,2821.81,10959.5,1049,7,20,False,False,False
12245,fire63_,Arsonist,2871.31,11373.8,1049,3,14,True,False,False
19749,mastery_fire120,Fire Mastery,3038.31,11166.5,1049,1,6,False,False,False
38614,projectile_spells10,Psychic Fragmentation,2760.07,-6585.35,1050,3,20,True,False,False
25827,projectile_spells4,Additional Spell Projectiles,3338.58,-6251.35,1050,3,8,False,False,False
55241,projectile_spells5,Additional Spell Projectiles,3120.34,-6377.35,1050,1,4,False,False,False
44201,projectile_spells6,Additional Spell Projectiles,3131.32,-6560.38,1050,2,2,False,False,False
27662,projectile_spells7,Additional Spell Projectiles,2967.32,-6276.33,1050,2,14,False,False,False
37806,shock5,Branching Bolts,3052.85,-8723.72,1051,0,0,True,False,False
42250,dexterity65_,Attribute,3086.31,5345.94,1052,0,0,False,False,False
40630,flasks23,Flask Charges Gained,3105.36,2128.06,1053,0,0,False,False,False
6772,dexterity18,Attribute,3353.38,914.335,1054,4,6,False,False,False
30695,exploiting_elemental_ailments10,Vile Wounds,3027.38,1478.98,1054,2,14,True,False,False
13783,exploiting_elemental_ailments8,Ailment Chance,2867.89,1272.25,1054,7,19,False,False,False
56472,mastery_projectile_6652,Projectile Mastery,3109.38,1336.95,1054,0,0,False,False,False
22795,projectiles16,Projectile Damage,2932.6,1160.18,1054,7,21,False,False,False
42781,projectiles23,Clean Shot,3191.38,1194.93,1054,2,2,True,False,False
17118,attributes47,Attribute,3112.88,7440.94,1055,0,0,False,False,False
20049,charms16,Charm Charges,3112.88,7607,1056,7,0,False,False,False
30252,charms18,Charm Effect,2862.88,7857,1056,7,18,False,False,False
32818,charms19,Charm Charges,3362.88,7857,1056,7,6,False,False,False
48135,charms21,Charm Charges,3112.88,8107,1056,7,12,False,False,False
12750,charms4,Vale Shelter,3112.88,7857,1056,0,0,True,False,False
50192,AscendancyWitch2Small8,Life,3113.62,-17480.4,1057,0,0,False,False,False
32185,companions65,Attack Damage and Companion Damage as Cold,3113.83,7213.29,1058,0,0,False,False,False
63064,energy_shield_recovery12,Mystic Stance,3198.47,-1247.22,1059,2,10,True,False,False
65437,energy_shield_recovery4,Energy Shield Delay,3034.47,-1247.22,1059,2,14,False,False,False
30634,energy_shield_recovery5,Energy Shield Delay,3280.47,-1389.24,1059,2,6,False,False,False
54413,mastery_evasion114,Spell Suppression Mastery,3283.47,-1099.99,1059,3,10,False,False,False
26214,DeliriumAnoint_Dominion,Dominion,3129.06,-6970.48,1060,0,0,True,False,False
30047,dexterity67_,Attribute,3144.14,3080.1,1061,0,0,False,False,False
40068,cold28,Freeze Buildup,3060.82,-850.529,1062,4,38,False,False,False
53149,cold29,Freeze Buildup,3604.14,-1164.21,1062,4,22,False,False,False
32683,cold39__,Essence of the Mountain,3389.56,-908.495,1062,4,30,True,False,False
56325,evasion23_,Evasion and Reduced Movement Penalty,3195.27,2366.42,1063,0,0,False,False,False
3165,AscendancyWitch2Small7,Life,3201.16,-18566.4,1064,0,0,False,False,False
53965,lightning27,Lightning Penetration,3203.89,9325.66,1065,0,0,False,False,False
24825,dexterity14,Attribute,3370.92,289.678,1066,3,10,False,False,False
34136,dexterity8,Attribute,3290.37,-322.194,1066,3,1,False,False,False
29479,dexterity87,Attribute,3860.92,0.425029,1066,5,18,False,False,False
48833,lightning13,Lightning Damage,3228.15,4292.78,1067,0,0,False,False,False
57517,bleed37,Bleeding Damage,3247.77,3615.89,1068,0,0,False,False,False
4,lightning14,Shock Chance,3249.41,4552.82,1069,0,0,False,False,False
46034,attributes69,Attribute,3255.08,-5628.71,1070,0,0,False,False,False
55668,intelligence63__,Attribute,3266.72,-8000,1071,0,0,False,False,False
55420,curses22,Curse Effect,3269.96,-7728.13,1072,2,0,False,False,False
30061,curses23,Curse Effect,3411.99,-7646.13,1072,2,4,False,False,False
31908,curses24,Curse Effect,3411.99,-7482.13,1072,2,8,False,False,False
5594,curses25,Decrepifying Curse,3269.96,-7400.13,1072,2,12,True,False,False
50107,curses26,Curse Effect on Self,3127.94,-7482.13,1072,2,16,False,False,False
50881,curses27,Curse Effect on Self,3127.94,-7646.13,1072,2,20,False,False,False
8785,mastery_curse_6434,Curse Mastery,3272.71,-7565.73,1073,0,0,False,False,False
29240,attributes61,Attribute,3284.63,-9003.35,1074,0,0,False,False,False
25170,attack10,Attack Damage and Skill Duration,3230.53,3861.77,1075,2,22,False,False,False
19442,attack11,Prolonged Assault,3454.56,4085.79,1075,2,8,True,False,False
30820,attack7,Attack Damage and Skill Duration,3096.03,4128.79,1075,7,16,False,False,False
8606,mastery_attack_6296,Attack Mastery,3312.53,4003.79,1075,0,0,False,False,False
13411,dexterity3,Attribute,3040.51,-609.166,1076,5,42,False,False,False
33946,criticals75_,Attack Critical Chance,3562.95,10089.5,1077,7,9,False,False,False
34074,criticals76,Attack Critical Chance,3343.73,10071.1,1077,2,13,False,False,False
57227,criticals77,Attack Critical Chance,3544.59,9870.26,1077,2,5,False,False,False
23259,criticals78,Attack Critical Chance,3270.21,9796.74,1077,2,21,False,False,False
22864,criticals79,Tainted Strike,3150,9676.53,1077,3,21,True,False,False
57966,mastery_critical_6416,Critical Mastery,3386.17,9912.71,1077,0,0,False,False,False
16484,strength87,Attribute,3395.61,5879.67,1078,2,0,False,False,False
32943,companions19_,Damage and Companion Damage,3189.38,6420.76,1079,4,67,False,False,False
22368,companions20,Defences and Companion Life,3601.85,6420.76,1079,4,5,False,False,False
47088,companions21,Sic 'Em,3395.61,6375.03,1079,4,0,True,False,False
8789,duelist_minions3_,Companion Damage and Companion Life,3395.61,7027.03,1079,2,12,False,False,False
16938,duelist_minions4,Damage and Companion Damage,3145.61,6863.03,1079,7,18,False,False,False
29930,duelist_minions5_,Companion Damage and Companion Life,3395.61,6699.03,1079,2,0,False,False,False
63182,duelist_minions7,Defences and Companion Life,3645.61,6863.03,1079,7,6,False,False,False
37266,duelist_minions9,Nourishing Ally,3395.61,6863.03,1079,0,0,True,False,False
55429,projectiles17,Projectile Damage,3398.9,1369.34,1080,0,0,False,False,False
36630,bleed30,Incision,3556.83,3447.44,1081,2,4,True,False,False
60829,bleed35,Incision Chance,3332.8,3387.42,1081,2,22,False,False,False
29941,bleed36,Incision Chance,3092.19,3615.89,1081,3,17,False,False,False
28268,bleed38,Bleeding Damage,3414.8,3611.44,1081,1,6,False,False,False
19808,exploiting_elemental_ailments9_,Ailment Chance,3433.98,1627.23,1082,0,0,False,False,False
57513,passive_keystone_eldritch_battery__,Eldritch Battery,3444.63,-9280.49,1083,0,0,False,True,False
25557,intelligence62,Attribute,4273.15,-7412.04,1084,6,16,False,False,False
21280,dexterity21,Attribute,3498.09,2467.05,1085,0,0,False,False,False
41770,deflect17,Parry Area and Debuff Magnitude,3465.46,5618.99,1086,2,13,False,False,False
9441,deflect18,Parry Area,3649.93,5542.57,1086,2,8,False,False,False
5077,deflect19,Parry Area,3649.93,5378.57,1086,2,4,False,False,False
33080,deflect20,Parry Debuff Magnitude,3343.9,5460.57,1086,2,18,False,False,False
43254,deflect21,Parry Debuff Magnitude,3425.9,5318.55,1086,2,22,False,False,False
33400,deflect22,Reverberating Parry,3507.9,5460.57,1086,0,0,True,False,False
11578,lightning37,Spreading Shocks,3512.67,4752.05,1087,0,0,True,False,False
20837,bleed46,Knockback,3537.82,3734.46,1088,0,0,False,False,False
41029,attributes68,Attribute,3541.56,-6134.17,1089,0,0,False,False,False
28050,dexterity20,Attribute,4278.18,2469.91,1090,6,24,False,False,False
31928,physical44,Physical Life Recoup,3553.55,-5290.76,1091,2,12,False,False,False
50574,physical45,Physical Damage and Life Recoup,3411.53,-5536.76,1091,2,20,False,False,False
19426,physical48,Physical Damage,3695.58,-5536.76,1091,2,4,False,False,False
15443,physical50,Endured Suffering,3553.55,-5454.76,1091,0,0,True,False,False
5564,lightning15,Electrocute Buildup,3555.53,4441.55,1092,0,0,False,False,False
21080,chill_and_freeze1,Freeze Buildup,3318.64,-4263.29,1093,7,19,False,False,False
1869,chill_and_freeze2,Freeze Buildup,3602.57,-4357,1093,2,1,False,False,False
27095,chill_and_freeze3,Freeze Buildup,3801.61,-4133.88,1093,7,7,False,False,False
48658,chill_and_freeze8,Shattering,3560.12,-4198.58,1093,0,0,True,False,False
14890,chill_and_freeze9_,Chill Magnitude and Duration,3517.68,-4040.17,1093,2,13,False,False,False
24812,power_charges1,Power Charge Duration,3606.17,-3575.34,1094,2,11,False,False,False
56360,power_charges2,Power Charge Duration,3405.31,-3776.2,1094,2,19,False,False,False
64643,power_charges3,Power Charge Duration,3679.69,-3849.72,1094,2,3,False,False,False
27176,power_charges9,The Power Within,3563.72,-3733.75,1094,0,0,True,False,False
36997,deflect14,Stun Threshold during Parry,3599.3,2962.09,1095,0,0,False,False,False
53539,ranged17,Projectile Damage if Melee Hit,3941.08,2672.84,1096,3,6,False,False,False
46705,ranged18,Projectile Damage if Melee Hit,3771.08,2672.84,1096,2,6,False,False,False
45650,ranged19_,Melee Damage if Projectile Hit,3440.08,2962.1,1096,3,14,False,False,False
9572,ranged20,Melee Damage if Projectile Hit,3525.08,2814.87,1096,2,14,False,False,False
12822,ranged21,Adaptable Assault,3607.08,2672.84,1096,0,0,True,False,False
17548,criticals38_,Moment of Truth,3757.11,-3197.79,1097,7,2,True,False,False
14958,criticals41,Critical Chance,3561.1,-3022.28,1097,1,10,False,False,False
630,criticals42,Critical Damage,3703.13,-2940.28,1097,1,4,False,False,False
13419,criticals43_,Critical Damage,3507.11,-2764.78,1097,7,14,False,False,False
31039,mastery_criticals65,Critical Mastery,3632.11,-2981.28,1097,0,0,False,False,False
10671,glory17_,Attack Damage,3679.11,10629,1098,2,1,False,False,False
23419,glory18,Glory Generation,3494.64,10705.4,1098,2,20,False,False,False
55930,glory19,Glory Generation,3494.64,10869.4,1098,2,16,False,False,False
5740,glory20,Presence Area,3800.66,10787.4,1098,2,6,False,False,False
40687,glory21,Lead by Example,3636.66,10951.4,1098,2,12,True,False,False
22049,ranged6,Projectile Damage,3638.69,1581.38,1099,0,0,False,False,False
24239,life_on_kill10,Life on Kill,3559.03,-482.855,1100,1,9,False,False,False
55846,life_on_kill11,Life on Kill,3682.03,-411.841,1100,1,5,False,False,False
40213,life_on_kill15,Taste for Blood,3682.03,-553.869,1100,1,1,True,False,False
24481,mastery_dagger80,Recovery Mastery,3641.03,-482.855,1100,0,0,False,False,False
62510,elemental_attacks1,Elemental Attack Damage,3524.27,8035.54,1101,4,69,False,False,False
3985,elemental_attacks10,Forces of Nature,3534.61,8622.88,1101,2,15,True,False,False
43423,elemental_attacks11,Emboldened Avatar,3608.13,8348.5,1101,2,23,True,False,False
8697,elemental_attacks2,Elemental Attack Damage,3817.57,8217.66,1101,3,2,False,False,False
30905,elemental_attacks3,Elemental Attack Damage,4121.95,8633.22,1101,4,21,False,False,False
64140,elemental_attacks4,Elemental Attack Damage,3817.57,8796.17,1101,3,10,False,False,False
51336,elemental_attacks5,Elemental Attack Damage,3305.51,8851.98,1101,4,45,False,False,False
56818,elemental_attacks7,Elemental Attack Damage,3316.57,8506.92,1101,3,18,False,False,False
38895,elemental_attacks9,Crystal Elixir,3808.99,8549.36,1101,2,7,True,False,False
48660,mastery_elemental96,Elemental Mastery,3650.57,8506.92,1101,0,0,False,False,False
49473,bleed42,Incision Chance,3660.16,3626.42,1102,0,0,False,False,False
47754,cold_penetration11,Cold Damage,3451.59,-8091.37,1103,7,16,False,False,False
23455,cold_penetration13,Cold Damage,3668.09,-8216.37,1103,0,0,False,False,False
49740,cold_penetration14,Shattered Crystal,3668.09,-8466.37,1103,7,0,True,False,False
55847,cold_penetration15,Ice Walls,3884.6,-8091.37,1103,7,8,True,False,False
27274,mastery_cold_6395,Cold Mastery,3739.11,-8257.37,1103,1,2,False,False,False
63861,mastery_criticals62,Critical Mastery,3647.01,-9798.88,1104,2,13,False,False,False
55947,spell_criticals12_,Spell Critical Chance,3731.9,-10115.7,1104,2,1,False,False,False
13823,spell_criticals15,Controlling Magic,3603.01,-9634.68,1104,3,13,True,False,False
46088,spell_criticals16,Spell Critical Chance,3925.63,-9721.12,1104,3,9,False,False,False
62153,spell_criticals17_,Spell Critical Damage,3366.84,-9870.85,1104,3,17,False,False,False
32054,spell_criticals18,Spell Critical Damage,3453.28,-9721.12,1104,3,15,False,False,False
25100,passive_keystone_oasis,Oasis,3733.3,5789.19,1105,0,0,False,True,False
25620,corpses10,Meat Recycling,3646.31,-6878.38,1106,7,14,True,False,False
26804,corpses5,Corpses,3896.31,-7311.39,1106,7,2,False,False,False
55405,corpses6,Corpses,3700.3,-7135.88,1106,1,10,False,False,False
59909,corpses7,Corpses,3646.31,-7311.39,1106,7,22,False,False,False
30539,corpses8,Corpses,3521.31,-7094.88,1106,7,18,False,False,False
9083,mastery_minionoffence190,Minion Defence Mastery,3771.31,-7094.88,1106,0,0,False,False,False
10131,intelligence60,Attribute,3772.62,-10338.8,1107,0,0,False,False,False
51048,dexterity76,Attribute,3772.84,10291.5,1108,0,0,False,False,False
27761,deflect12,Counterstancing,3776.11,2965.62,1109,0,0,True,False,False
5826,mastery_projectile204,Projectile Mastery,3694.11,2823.6,1109,2,22,False,False,False
61104,bleed34,Staggering Wounds,3779.38,3832.89,1110,0,0,True,False,False
39280,duration10,Increased Duration,3869.03,-11167.9,1111,3,1,False,False,False
55568,duration11,Forthcoming,3666.62,-10961.2,1111,2,21,True,False,False
44669,duration12,Increased Duration,4018.76,-10609.1,1111,3,9,False,False,False
32951,duration6,Preservation,3459.97,-10758.8,1111,3,17,True,False,False
14127,duration7,Reduced Duration,3740.14,-10686.8,1111,2,13,False,False,False
44690,duration9_,Reduced Duration,3941,-10887.7,1111,2,5,False,False,False
41522,mastery_duration92,Duration Mastery,3782.58,-10845.2,1111,0,0,False,False,False
11838,focus10,Dreamcatcher,4082.63,-9003.35,1112,7,6,True,False,False
10881,focus6,Focus Energy Shield,3832.63,-9003.35,1112,0,0,False,False,False
33112,focus7,Focus Energy Shield,3832.63,-8669.35,1112,3,12,False,False,False
36450,focus8,Spell Damage on full Energy Shield,3832.63,-9337.35,1112,3,0,False,False,False
5257,cold37,Echoing Frost,3625.63,-5035.29,1113,7,20,True,False,False
55507,elemental22,Elemental Damage,3552.88,-4743.29,1113,3,16,False,False,False
22359,elemental41_,Elemental Damage,3842.13,-4422.29,1113,4,36,False,False,False
9141,elemental42,Elemental Damage,4264.76,-5154.29,1113,4,12,False,False,False
13748,elemental43,Elemental Damage,3842.13,-5244.29,1113,3,0,False,False,False
38338,elemental44,Elemental Damage,3419.51,-5154.29,1113,4,60,False,False,False
35760,elemental45,Elemental Damage,4131.39,-4743.29,1113,3,8,False,False,False
16367,elemental46,Elemental Damage,3842.13,-4910.29,1113,0,0,False,False,False
60692,fire34,Echoing Flames,3842.13,-4660.29,1113,7,12,True,False,False
5703,lightning40,Echoing Thunder,4058.64,-5035.29,1113,7,4,True,False,False
5702,dexterity4_,Attribute,3849.74,-1186.7,1114,0,0,False,False,False
38676,attack41__,Attack Damage,3855.19,-2428.92,1115,1,6,False,False,False
27910,attack42,Attack Damage,3855.19,-2592.92,1115,1,0,False,False,False
53938,attack43,Attack Damage,3691.19,-2510.92,1115,2,18,False,False,False
64056,attack44,Daze Chance,4019.19,-2510.92,1115,2,6,False,False,False
36931,attack45,Concussive Attack,3855.19,-2760.92,1115,7,0,True,False,False
56045,dexterity6,Attribute,3856.59,-2226.59,1116,0,0,False,False,False
44563,slowed_enemies13,Slow Effect and Hinder Duration,3857.5,-5882.32,1117,0,0,False,False,False
59053,slowed_enemies14_,Slow Effect and Hinder Duration,4146.76,-5715.32,1117,3,8,False,False,False
54805,slowed_enemies15,Hindered Capabilities,4322.07,-5417.76,1117,5,27,True,False,False
13379,deflect15,Stun Threshold during Parry,3866.11,2806.15,1118,0,0,False,False,False
60505,dexterity19,Attribute,3888.73,1790.7,1119,0,0,False,False,False
63585,lightning36,Thunderstruck,3915.95,4292.71,1120,0,0,True,False,False
44612,mastery_spell_suppression_6714,Spell Suppression Mastery,3917.46,3195.79,1121,0,0,False,False,False
9112,spell_suppression29,Ailment Threshold,3876.46,3124.78,1121,1,11,False,False,False
41538,spell_suppression30,Ailment Threshold,3583.46,3195.79,1121,3,18,False,False,False
55598,spell_suppression31,Ailment Threshold,4084.46,2906.54,1121,3,2,False,False,False
15644,spell_suppression32,Shedding Skin,4084.46,3485.05,1121,3,10,True,False,False
31855,life_flasks1,Life Flasks,4159.64,514.13,1122,7,7,False,False,False
37408,life_flasks12_,Staunching,3875.71,607.837,1122,2,13,True,False,False
60738,life_flasks29,Life Flasks,3759.74,406.979,1122,2,19,False,False,False
46761,mastery_flask126,Flask Mastery,3918.15,449.425,1122,0,0,False,False,False
23961,companions33,Ailment Threshold and Companion Resistance,4143.33,9591.85,1123,7,4,False,False,False
10041,companions34,Ailment Threshold and Companion Resistance,3801.82,9500.35,1123,7,22,False,False,False
32799,companions4,Captivating Companionship,4013.27,9394.24,1123,3,1,True,False,False
30910,duelist_minions1,Damage and Companion Damage,3884.38,9875.27,1123,2,13,False,False,False
17600,duelist_minions10,Thirsting Ally,3604.21,9630.41,1123,3,19,True,False,False
8791,duelist_minions11,Sturdy Ally,4249.44,9803.3,1123,3,7,True,False,False
18519,duelist_minions2,Life Leech and Companion Damage,3710.32,9841.85,1123,7,16,False,False,False
59647,duelist_minions8,Defences and Companion Life,4051.82,9933.36,1123,7,10,False,False,False
32096,mastery_companion290,Companion Mastery,3926.82,9716.85,1123,0,0,False,False,False
38459,blind10,Disorientation,3784.82,1041.23,1124,2,16,True,False,False
61373,blind5,Damage vs Blinded,4216.1,792.235,1124,3,4,False,False,False
63610,blind6_,Blind Effect,3926.84,795.235,1124,2,0,False,False,False
5988,blind7,Damage vs Blinded,4068.87,1041.23,1124,2,8,False,False,False
38568,mastery_evasion110,Blind Mastery,3997.86,918.235,1124,1,2,False,False,False
33751,cooldowns14,Cooldown Recovery Rate,3691.17,7406.81,1125,7,18,False,False,False
8810,cooldowns15,Multitasking,4012.19,7447.81,1125,1,4,True,False,False
12451,cooldowns16,Cooldown Recovery Rate,3941.17,7740.81,1125,3,12,False,False,False
14343,ailments17,Deterioration,3946.1,8993.8,1126,0,0,True,False,False
18923,dexterity64,Attribute,3992.99,6925.8,1127,6,36,False,False,False
46146,mana_leech10,Mana Leech,4210.51,-610.915,1128,7,4,False,False,False
15829,mana_leech18,Siphon,3994,-485.915,1128,0,0,True,False,False
55227,mana_leech7,Mana Leech,3929.3,-244.434,1128,7,13,False,False,False
32509,mastery_staff220,Caster Mastery,4031.85,-6354.58,1129,0,0,False,False,False
47614,triggers10,Triggered Spell Damage,3949.85,-6496.61,1129,2,22,False,False,False
3688,triggers18,Dynamism,4248.36,-6479.58,1129,7,4,True,False,False
22219,triggers6,Triggered Spell Damage,3815.35,-6229.58,1129,7,16,False,False,False
52351,triggers7,Energy,4031.85,-6190.58,1129,2,12,False,False,False
52260,triggers8_,Energy,4173.88,-6272.58,1129,2,8,False,False,False
13030,ailments22,Faster Ailments,4037.79,5340.36,1130,0,0,False,False,False
43691,dexterity10,Attribute,4459.47,-726.17,1131,6,6,False,False,False
21746,dexterity11,Attribute,4766.57,-419.075,1131,6,12,False,False,False
65009,dexterity36,Attribute,4459.48,727.02,1131,6,30,False,False,False
29517,dexterity38,Attribute,4766.57,419.925,1131,6,24,False,False,False
32701,dexterity39,Attribute,4878.97,0.425037,1131,6,18,False,False,False
24647,dexterity5,Attribute,3718.37,-1679.42,1132,6,42,False,False,False
61196,intelligence10,Attribute,3298.88,-2406.01,1132,6,54,False,False,False
37220,evasion10,Evasion,4298.53,6334.27,1133,2,9,False,False,False
50342,evasion15,Evasion,4024.15,6260.75,1133,2,17,False,False,False
5227,evasion6,Escape Strategy,3893.31,6051.3,1133,3,20,True,False,False
17955,evasion7_,Careful Consideration,4516.56,6218.3,1133,3,6,True,False,False
46402,evasion8,Evasion,4117.86,6459.79,1133,7,13,False,False,False
51708,mastery_evasion_6509,Evasion Mastery,4182.56,6218.3,1133,0,0,False,False,False
36623,energy_shield_recovery22,Convalescence,4067.74,-9977.13,1134,2,21,True,False,False
3628,energy_shield_recovery26,Energy Shield Delay,4342.12,-9903.61,1134,2,5,False,False,False
64474,energy_shield_recovery27,Energy Shield Delay,4299.67,-9745.2,1134,2,9,False,False,False
31630,energy_shield_recovery28,Energy Shield Delay,4025.29,-9818.72,1134,2,17,False,False,False
10729,mastery_staff223,Energy Shield Mastery,4183.71,-9861.17,1134,0,0,False,False,False
59651,corpses18,Offering Duration,4231.22,-7650.75,1135,2,11,False,False,False
47821,corpses19,Offering Effect,4030.36,-7766.72,1135,2,17,False,False,False
41654,corpses20___,Offering Life,4347.19,-7851.61,1135,2,5,False,False,False
41033,corpses21,Utmost Offering,4146.33,-7967.58,1135,2,23,True,False,False
55872,corpses22,Offering Effect,4102.33,-8131.78,1135,3,23,False,False,False
54746,ailments16,Ailment Chance and Effect,4195.04,9238,1136,0,0,False,False,False
41062,mastery_projectile_6649,Projectile Mastery,3793.66,4937.55,1137,4,48,False,False,False
47677,ranged11,Projectile Speed,3974.8,4758.26,1137,7,17,False,False,False
14045,ranged12,Projectile Damage,3647.31,5022.05,1137,5,48,False,False,False
33848,ranged13,Projectile Speed,3744.91,4819.86,1137,4,51,False,False,False
31991,ranged14,Attack Area,4039.51,4870.33,1137,7,15,False,False,False
65176,ranged15,Projectile Damage,3489.69,5113.05,1137,6,48,False,False,False
36070,ranged16,Attack Area,3871.22,5038.62,1137,4,45,False,False,False
9472,ranged36,Catapult,4216.28,4693.55,1137,0,0,True,False,False
55,ailments38,Fast Acting Toxins,4219.73,5087.65,1138,0,0,True,False,False
38703,accuracy32,Accuracy and Attack Critical Chance,4153.42,10781.1,1139,7,14,False,False,False
63525,accuracy33,Accuracy and Attack Critical Chance,4403.42,10348,1139,7,2,False,False,False
8249,accuracy34,Accuracy and Attack Critical Chance,4494.93,10689.5,1139,7,8,False,False,False
16816,accuracy35,Pinpoint Shot,4278.42,10564.5,1139,0,0,True,False,False
53094,accuracy36,Accuracy,4061.92,10439.5,1139,7,20,False,False,False
8510,ailments25,Faster Ailments,4283.46,5565.69,1140,0,0,False,False,False
44239,pin1,Pin Buildup,4115.96,-146.815,1141,7,16,False,False,False
60083,pin10,Pin and Run,4332.46,-271.815,1141,0,0,True,False,False
55270,pin2,Pin Buildup,4397.17,-513.296,1141,7,1,False,False,False
9085,passive_keystone_crimson_dance_,Crimson Assault,4347,6925.8,1142,0,0,False,True,False
51463,slow_mitigation10_,Attack Damage while Moving,4225.71,8143,1143,7,14,False,False,False
4364,slow_mitigation11,Reduced Movement Penalty and Attack Damage while Moving,4106.71,8349.12,1143,4,42,False,False,False
36114,slow_mitigation12,Attack Damage while Moving,4475.71,8143,1143,7,10,False,False,False
23360,slow_mitigation13,Reduced Movement Penalty and Attack Damage while Moving,4477.02,8397.87,1143,4,33,False,False,False
23736,slow_mitigation15,Spray and Pray,4265.97,8407.08,1143,4,38,True,False,False
53566,slow_mitigation16,Run and Gun,4630.62,8326.24,1143,4,29,True,False,False
17077,slow_mitigation9,Attack Damage while Moving,4350.71,7926.5,1143,0,0,False,False,False
50469,attributes66,Attribute,4375.94,0.425,1144,0,0,False,False,False
49110,ailments14,Ailment Chance and Effect,4385.38,9460.25,1145,0,0,False,False,False
64851,deflect10,Flashy Parrying,4563.02,2137.46,1146,7,9,True,False,False
15030,deflect11,Consistent Intake,4627.73,1895.98,1146,7,5,True,False,False
49545,deflect13,Parry Damage,4321.54,2202.17,1146,7,13,False,False,False
45693,deflect1_,Shield Defences,4386.25,1960.69,1146,0,0,False,False,False
39658,deflect6,Block,4450.95,1719.2,1146,7,1,False,False,False
18831,deflect7,Block,4227.83,1918.24,1146,2,19,False,False,False
21324,mastery_block87,Buckler Mastery,4544.66,2003.13,1146,2,7,False,False,False
55938,archon10,Archon Effect,4641.6,-9138.18,1147,3,9,False,False,False
41394,archon11,Invigorating Archon,4340.72,-9132.87,1147,7,13,True,False,False
56844,archon12,Archon Duration,4405.42,-9624.35,1147,7,0,False,False,False
40929,archon13,Archon Duration,4169.25,-9610.53,1147,3,21,False,False,False
43633,archon14,Energising Archon,4163.94,-9309.65,1147,7,17,True,False,False
40313,archon8,Archon Effect and Duration,4405.42,-9374.35,1147,0,0,False,False,False
58363,archon9,Archon Effect,4655.42,-9374.35,1147,7,6,False,False,False
10841,mastery_caster_6357,Caster Mastery,4228.65,-9197.58,1147,7,15,False,False,False
60974,remnant12_,Additional Remnant Chance,4496.61,-8429.63,1148,2,2,False,False,False
1506,remnant14,Remnant Attraction,4272.59,-8369.6,1148,2,20,True,False,False
60324,remnant16_,Remnant Pickup Range,4332.61,-8145.58,1148,2,14,False,False,False
42339,remnant17,Additional Remnant Chance,4578.61,-8287.6,1148,2,6,False,False,False
18744,remnant18,Remnant Pickup Range,4496.61,-8145.58,1148,2,10,False,False,False
12761,evasion_and_energy_shield10,Evasion and Energy Shield,4577.4,-1974.44,1149,2,4,False,False,False
19156,evasion_and_energy_shield14,Immaterial,4435.38,-1728.44,1149,2,12,True,False,False
53941,evasion_and_energy_shield15,Shimmering,4435.38,-1558.44,1149,3,12,True,False,False
17367,evasion_and_energy_shield16,Evasion and Energy Shield,4724.63,-2059.44,1149,3,4,False,False,False
62841,evasion_and_energy_shield17,Evasion and Energy Shield,4146.12,-2059.44,1149,3,20,False,False,False
12249,evasion_and_energy_shield9_,Evasion and Energy Shield,4293.35,-1974.44,1149,2,20,False,False,False
17283,mastery_evasion_and_energy_shield_6496,Evasion and Energy Shield Mastery,4435.38,-1892.44,1149,0,0,False,False,False
45481,mana_regeneration10,Mana Regeneration,4295.99,-3018.56,1150,2,16,False,False,False
29408,mana_regeneration11,Mana Cost Efficiency,4580.04,-3018.56,1150,2,8,False,False,False
52765,mana_regeneration12,Mana Regeneration,4438.01,-2936.56,1150,2,12,False,False,False
34300,mana_regeneration17,Conservative Casting,4356.01,-3242.59,1150,2,22,True,False,False
31888,mana_regeneration8,Mana Cost Efficiency,4580.04,-3182.56,1150,2,4,False,False,False
13862,mastery_mana162,Mana Mastery,4438.01,-3100.56,1150,0,0,False,False,False
24922,attributes19,Attribute,4451.73,7751.52,1151,0,0,False,False,False
40918,ailments35,Ailment Effect and Duration,4468.06,5319.67,1152,0,0,False,False,False
26068,attack35,Attack Damage,4769.91,2982.72,1153,3,4,False,False,False
37389,attack36,Attack Damage,4622.68,3067.72,1153,2,4,False,False,False
28061,elemental54,Elemental Attack Damage,4697.16,3274.72,1153,7,8,False,False,False
35878,elemental55,Elemental Attack Damage,4545.36,3391.21,1153,7,11,False,False,False
50884,elemental56,Primal Sundering,4355.65,3366.23,1153,7,14,True,False,False
53696,mastery_attack10_,Attack Mastery,4480.65,3149.72,1153,0,0,False,False,False
37644,physical27_,Physical Attack Damage,4480.65,2899.72,1153,7,0,False,False,False
46874,physical38,Physical Attack Damage,4303.88,2972.95,1153,7,21,False,False,False
7449,physical39,Splinters,4230.65,3149.72,1153,7,18,True,False,False
1773,ailments36,Ailment Effect and Duration,4488.81,5009.54,1154,0,0,False,False,False
30562,evasion_and_energy_shield12_,Inner Faith,4356.4,-6892.55,1155,2,18,True,False,False
13711,evasion_and_energy_shield18,Evasion and Energy Shield,4395.4,-7109.06,1155,7,22,False,False,False
3203,evasion_and_energy_shield19,Deflection and Energy Shield Delay,4395.4,-6676.05,1155,7,14,False,False,False
8908,evasion_and_energy_shield20,Evasion and Energy Shield,4770.4,-6892.55,1155,7,6,False,False,False
11032,mastery_energyshield101,Evasion and Energy Shield Mastery,4520.4,-6892.55,1155,0,0,False,False,False
36298,ailments23,Ailment Effect,4526.88,5794.6,1156,0,0,False,False,False
33823,mastery_criticals63,Critical Mastery,4536.81,-4967.55,1157,0,0,False,False,False
4519,criticals18,Damage on Critical,4542.03,-5257.07,1158,0,0,False,False,False
20236,criticals19,Attack and Cast Speed on Critical,4542.03,-4689.38,1159,0,0,False,False,False
58932,AscendancyWitch3Notable8,Eldritch Empowerment,4542.44,-18072.1,1160,0,0,True,False,False
27262,ailments15,Ailment Chance and Effect,4562.63,9687.25,1161,0,0,False,False,False
51213,ailments39_,Wasting,4563.3,4714.06,1162,0,0,True,False,False
50912,attack46,Imbibed Power,4380.72,197.945,1163,7,20,True,False,False
49461,attack48,Attack Speed,4554.78,164.533,1163,2,23,False,False,False
21314,attack50,Attack Damage,4438.81,365.391,1163,2,17,False,False,False
18818,attack51,Attack Damage and Speed,4597.23,322.945,1163,0,0,False,False,False
28464,evasion_and_energy_shield38_,Deflection and Energy Shield Delay,4599.58,-6751.84,1164,0,0,False,False,False
45193,poison13,Poison Damage,4446.89,1317.68,1165,2,17,False,False,False
4083,poison14,Poison Damage,4647.75,1433.65,1165,2,11,False,False,False
33815,poison15,Poison Duration,4763.72,1232.79,1165,2,5,False,False,False
35644,poison17,Poison Damage,4518.86,952.616,1165,3,23,False,False,False
43677,poison18,Crippling Toxins,4605.3,1275.23,1165,0,0,True,False,False
33979,passive_keystone_conduit,Conduit,4648.31,-8702.96,1166,0,0,False,True,False
11604,attributes28,Attribute,4671.12,-2696.8,1167,0,0,False,False,False
49661,bleed12,Perfectly Placed Knife,4758.1,7289.29,1168,1,2,True,False,False
49394,bleed2,Critical Bleeding Effect,4445.6,7265.59,1168,7,19,False,False,False
23786,bleed3,Critical Bleeding Effect,4803.05,7446.26,1168,2,9,False,False,False
33391,bleed7,Critical Bleeding Effect,5009.7,7243.85,1168,3,5,False,False,False
56330,bleed8_,Bleeding Chance on Critical,4562.08,7113.79,1168,7,22,False,False,False
39570,bleed9,Bleeding Chance on Critical,4244.81,7124.06,1168,4,59,False,False,False
3251,attributes1,Attribute,4693.79,-9892.16,1169,0,0,False,False,False
4059,attributes23,Attribute,4703.02,-8121.08,1170,0,0,False,False,False
4346,criticals13,Critical Chance,4705.26,-4974.35,1171,0,0,False,False,False
7782,physical_witch10,Rupturing Pins,4748.75,-11059.2,1172,3,0,True,False,False
48805,physical_witch11,Spell Critical Chance,4965.25,-10850.2,1172,7,4,False,False,False
26563,physical_witch12,Bone Chains,5171.37,-10969.2,1172,4,12,True,False,False
4810,physical_witch13,Sanguine Tolerance,4748.75,-10643.2,1172,1,6,True,False,False
61905,physical_witch5_,Bleed Chance,4748.75,-10391.2,1172,3,12,False,False,False
8938,physical_witch6,Bleed Chance,4459.49,-10558.2,1172,3,16,False,False,False
12778,physical_witch7,Spell Critical Chance,5038,-10558.2,1172,3,8,False,False,False
33229,physical_witch8,Haemorrhaging Cuts,4326.12,-10969.2,1172,4,60,True,False,False
64996,physical_witch9,Bleed Chance,4532.24,-10850.2,1172,7,20,False,False,False
6161,mastery_bleeding_6328_,Bleeding Mastery,4750.42,-10827.1,1173,0,0,False,False,False
42460,ailments41_,Ailment Chance,4942.78,3718.88,1174,7,3,False,False,False
11882,ailments42,Ailment Chance,4892.31,3424.28,1174,4,3,False,False,False
46182,ailments43,Intense Dose,4766,3895.65,1174,0,0,True,False,False
33838,ailments44,Ailment Chance and Duration,4589.23,4072.43,1174,7,15,False,False,False
64747,ailments45,Ailment Chance and Duration,4639.7,4367.03,1174,4,39,False,False,False
6912,mastery_twohand243,Two Hand Mastery,4782.59,9204.08,1175,0,0,False,False,False
33292,lightning67_,Lightning Damage,4784.23,-9692.38,1176,0,0,False,False,False
20467,slaying1,Culling Strike Threshold,4786.73,9464.06,1177,3,12,False,False,False
23244,slaying11,Bounty Hunter,4963.5,8953.29,1177,7,3,True,False,False
29899,slaying12_,Finish Them,4609.95,8953.29,1177,7,21,True,False,False
58312,slaying2_,Culling Strike Threshold,4911.73,9346.57,1177,7,10,False,False,False
49497,slaying3,Culling Strike Threshold,5036.73,9130.06,1177,7,6,False,False,False
21792,slaying4,Life and Mana on Kill,4786.73,9048.06,1177,1,0,False,False,False
16786,slaying6,Immobilisation Buildup,4661.73,9346.57,1177,7,14,False,False,False
19001,slaying7,Immobilisation Buildup,4536.73,9130.06,1177,7,18,False,False,False
17702,dexterity75,Attribute,4788.07,9831.08,1178,0,0,False,False,False
64650,stun_threshold16_,Wary Dodging,4789.34,7039.05,1179,2,12,True,False,False
35058,stun_threshold17,Stun Threshold if no recent Stun,4625.34,6875.05,1179,2,18,False,False,False
30210,stun_threshold18,Evasion Rating,4953.34,6875.05,1179,2,6,False,False,False
38966,stun_threshold29,Stun Threshold and Evasion Rating,4789.34,6711.05,1179,2,0,False,False,False
1995,quivers1_,Projectile Ailment Chance,4791.75,2293.82,1180,0,0,False,False,False
61976,attributes43,Attribute,4795.75,6464.55,1181,0,0,False,False,False
62797,AscendancyWitch3Small2,Curse Area,4806.54,-18720.7,1182,0,0,False,False,False
9510,energy_shield_recovery37,Energy Shield Recoup,4821.1,-7916.56,1183,2,0,False,False,False
16695,energy_shield_recovery38,Energy Shield Recoup,4985.1,-7752.56,1183,2,6,False,False,False
61926,energy_shield_recovery39,Energy Shield Recoup,4821.1,-7588.56,1183,2,12,False,False,False
1603,energy_shield_recovery40,Storm Driven,4657.1,-7752.56,1183,2,18,True,False,False
32040,mastery_energy_shield_6484,Energy Shield Mastery,4825,-7747.13,1184,0,0,False,False,False
7054,area_attacks44,Attack Area Damage and Area,5065.82,-3363.45,1185,7,8,False,False,False
47009,area_attacks47,Attack Area Damage,4914.02,-3246.97,1185,7,11,False,False,False
37250,area_attacks48,Attack Area Damage,4707.29,-3406.45,1185,2,16,False,False,False
21142,area_attacks51,Attack Area,5090.8,-3553.16,1185,7,5,False,False,False
55829,area_attacks52,Attack Area,4849.31,-3652.45,1185,2,0,False,False,False
1420,area_attacks58,Dizzying Sweep,4632.81,-3613.45,1185,7,20,True,False,False
34201,attributes20-,Attribute,4859.19,8419.96,1186,0,0,False,False,False
38668,unarmed10,Evasion,5106.5,-6307.4,1187,7,7,False,False,False
32664,unarmed12,Chakra of Breathing,4865.01,-6372.1,1187,0,0,True,False,False
27671,unarmed7,Energy Shield Delay,4800.31,-6613.59,1187,7,23,False,False,False
32681,unarmed8,Evasion and Energy Shield Delay,4688.24,-6195.33,1187,7,15,False,False,False
5188,unarmed9,Evasion and Energy Shield Delay,5041.79,-6548.88,1187,7,3,False,False,False
13724,criticals50,Deadly Force,4384.03,-4974.35,1188,4,54,True,False,False
23343,life_flasks24,Life Flasks,4758.56,10339.5,1189,2,21,False,False,False
30392,life_flasks25_,Succour,4990.49,10339.5,1189,2,3,True,False,False
13157,life_flasks26,Life Flasks,4960.97,10132.8,1189,3,1,False,False,False
3775,life_flasks27_,Life Flask Charges,4874.52,10619.4,1189,2,12,False,False,False
28106,life_flasks28,Life Flask Charges,5016.55,10537.4,1189,2,8,False,False,False
45244,life_flasks3,Refills,4732.5,10537.4,1189,2,16,True,False,False
58388,life_flasks4,Life Flasks,4788.08,10132.8,1189,3,23,False,False,False
41016,mastery_attack18,Flask Mastery,4874.52,10455.4,1189,0,0,False,False,False
29763,lightning_penetration1,Lightning Penetration,4889.32,-7413.25,1190,0,0,False,False,False
39241,AscendancyWitch3Small7,Energy Shield,4890.63,-18537.4,1191,0,0,False,False,False
22152,cast_speed13,Cast Speed,5000.5,-8894.18,1192,2,10,False,False,False
15304,cast_speed18,Cast Speed,4836.5,-8894.18,1192,2,14,False,False,False
16466,cast_speed38,Mental Alacrity,4918.5,-9200.21,1192,2,0,True,False,False
40196,mastery_caster44,Caster Mastery,4918.5,-9036.21,1192,0,0,False,False,False
9586,mastery_criticals68,Critical Mastery,5305.14,-4964.33,1193,4,10,False,False,False
13367,accuracy1,Accuracy,4862.98,-2244.44,1194,2,14,False,False,False
21713,accuracy12,Accuracy,4802.96,-2468.46,1194,2,20,False,False,False
50588,accuracy13,Accuracy,5026.98,-2528.49,1194,2,2,False,False,False
38969,accuracy16,Finesse,4944.98,-2386.46,1194,0,0,True,False,False
6010,accuracy4,Accuracy,5087.01,-2304.46,1194,2,8,False,False,False
61356,quivers2,Quiver Effect,4953.65,2637.3,1195,7,12,False,False,False
12498,quivers3,Quiver Effect,4953.65,2387.3,1195,0,0,False,False,False
30341,quivers4,Master Fletching,4953.65,2137.3,1195,7,0,True,False,False
63888,attributes29,Attribute,4955.38,2861.7,1196,0,0,False,False,False
37695,evasion1,Evasion,4989.84,542.395,1197,0,0,False,False,False
50879,hazards13,Hazard Damage,5206.64,5663.96,1198,7,4,False,False,False
14211,hazards2,Shredding Contraptions,4919.12,5747.96,1198,1,10,True,False,False
43238,hazards5,Hazard Rearm Chance,4990.13,6038.96,1198,7,12,False,False,False
22972,hazards6,Hazard Damage,5206.64,5913.96,1198,7,8,False,False,False
44540,mastery_trap239,Trap Mastery,5061.15,5829.96,1198,1,4,False,False,False
43303,lightning65__,Lightning Damage,4997.21,-9613.09,1199,0,0,False,False,False
56729,azmerianimals19,Evasion while Moving,4859.19,8071.42,1200,2,16,False,False,False
26308,azmerianimals22,Evasion while Moving,5083.21,8131.45,1200,2,10,False,False,False
27017,azmerianimals23,Evasion while Moving,4919.21,7847.4,1200,2,22,False,False,False
21349,azmerianimals24_,The Quick Fox,5143.24,7907.42,1200,2,4,True,False,False
57928,lightning66,Lightning Damage,5022.51,-9397.47,1201,0,0,False,False,False
10382,attributes24,Attribute,5026.31,-8702.96,1202,0,0,False,False,False
20677,criticals29,For the Jugular,5061.13,-4971.48,1203,0,0,True,False,False
43877,attack_speed57,Attack Speed,5033.31,-137.961,1204,1,7,False,False,False
51522,attack_speed58,Attack Speed,4992.31,-351.003,1204,2,22,False,False,False
47895,attack_speed59,Evasion Rating on Hit Recently,5238.31,-208.975,1204,2,6,False,False,False
56493,attack_speed60_,Agile Succession,5310.49,-445.149,1204,3,3,True,False,False
38044,evasion2,Evasion,5291.11,460.085,1205,7,4,False,False,False
11813,evasion3,Evasion,5074.6,835.085,1205,7,12,False,False,False
64345,ranged22,Attack Damage,4943.84,7568.56,1206,2,16,False,False,False
49968,ranged23,Melee Stun Buildup,5126.86,7557.58,1206,1,5,False,False,False
63679,ranged24,Projectile Stun Buildup,5044.86,7415.55,1206,1,11,False,False,False
20008,ranged25,Unleash Fire,5302.37,7361.56,1206,7,4,True,False,False
28142,companions58,Attack Speed and Companion Attack Speed,5094.15,9900.68,1207,0,0,False,False,False
61263,azmerianimals62,Poison Duration on You,5137.46,332.837,1208,2,11,False,False,False
59446,azmerianimals63,Life Flask Charges,5253.43,131.979,1208,2,5,False,False,False
22115,azmerianimals65,Intelligence,5024,133.425,1208,1,10,False,False,False
4544,azmerianimals66,The Ancient Serpent,5311.52,299.425,1208,7,8,True,False,False
37946,quivers5,Projectile Stun Buildup,5112.65,2295.51,1209,0,0,False,False,False
46782,attack13_,Attack Damage,4971.97,-626.595,1210,7,16,False,False,False
53698,attack14,Attack Damage,5063.48,-968.101,1210,7,22,False,False,False
20916,attack16,Blinding Strike,5404.98,-626.595,1210,7,8,True,False,False
59355,mastery_attack_6298,Attack Mastery,5188.48,-751.595,1210,0,0,False,False,False
9782,criticals44,Critical Damage,5193.02,-5200.3,1211,0,0,False,False,False
535,criticals45,Critical Damage,5193.02,-4742.69,1212,0,0,False,False,False
2446,monkchakra19,Elemental Damage,4880.31,-8121.08,1213,3,18,False,False,False
50268,monkchakra20_,Cold and Lightning Damage,5072.29,-8203.08,1213,2,20,False,False,False
22851,monkchakra21,Cold and Lightning Damage,5214.31,-8285.08,1213,2,0,False,False,False
37164,monkchakra22,Non-Damaging Ailment Magnitude,5072.29,-8039.08,1213,2,16,False,False,False
419,monkchakra23,Non-Damaging Ailment Magnitude,5214.31,-7957.08,1213,2,12,False,False,False
63400,monkchakra24,Chakra of Elements,5378.31,-8121.08,1213,2,6,True,False,False
63668,triggers24_,Triggered Spell Damage,5539.71,-6166.69,1214,3,4,False,False,False
9069,triggers25_,Triggered Spell Damage,5392.48,-6081.69,1214,2,4,False,False,False
42245,triggers26,Efficient Inscriptions,5179.44,-5958.69,1214,1,8,True,False,False
16024,triggers27,Invocation Critical Damage,5168.46,-6141.72,1214,2,22,False,False,False
49150,triggers28,Precise Invocations,5573.07,-5913.25,1214,3,7,True,False,False
18167,triggers29,Invocation Critical Hits,5332.46,-5857.67,1214,2,10,False,False,False
29288,triggers30,Deadly Invocations,5336.9,-6322.31,1214,3,1,True,False,False
17788,AscendancyWitch3Notable1,Crystalline Phylactery,5253.69,-18532.2,1215,6,0,True,False,True
23352,AscendancyWitch3Notable2,Rupture the Soul,4429.43,-18384.9,1215,8,62,True,False,False
26085,AscendancyWitch3Notable3,Necromantic Conduit,4242.52,-18541.7,1215,9,124,True,False,False
2877,AscendancyWitch3Notable4,Blackened Heart,3953.75,-17464,1215,9,104,True,False,False
33570,AscendancyWitch3Notable5,Soulless Form,6264.87,-18541.7,1215,9,20,True,False,False
28431,AscendancyWitch3Notable6,Eternal Life,6553.64,-17464,1215,9,40,True,False,False
59,AscendancyWitch3Notable9,Incessant Cacophony,4242.59,-17325.2,1215,8,50,True,False,False
8611,AscendancyWitch3Small1,Curse Area,4194.04,-17880.1,1215,8,56,False,False,False
20772,AscendancyWitch3Small3,Mana,3978.67,-18034.9,1215,9,114,False,False,False
51142,AscendancyWitch3Small4,Mana,4748.55,-18912.7,1215,9,135,False,False,False
36696,AscendancyWitch3Small5,Life,6528.72,-18034.9,1215,9,30,False,False,False
33141,AscendancyWitch3Small6_,Life,5758.84,-18912.7,1215,9,9,False,False,False
58751,AscendancyWitch3Small9,Energy Shield,5253.69,-18769.2,1215,8,0,False,False,False
23710,AscendancyWitch3Start_,Necromancer,5253.69,-19013.2,1215,9,0,False,False,False
49993,deflect23,Deflection,5482.17,5316.09,1216,7,8,False,False,False
40632,deflect24,Deflection,5265.67,5355.09,1216,2,12,False,False,False
48889,deflect25,Deflection,5049.16,5316.09,1216,7,16,False,False,False
28038,deflect26,Evasion,5049.16,5066.09,1216,7,20,False,False,False
3893,deflect27,Evasion,5265.67,5027.09,1216,2,0,False,False,False
64434,deflect28,Evasion,5482.17,5066.09,1216,7,4,False,False,False
56488,deflect29,Glancing Deflection,5265.67,5191.09,1216,0,0,True,False,False
50498,lightning70,Brain Storm,5279.03,-9458.27,1217,0,0,True,False,False
24210,azmerianimals26,Frenzy Charge Duration,5279.5,6427.73,1218,7,0,False,False,False
26932,azmerianimals27,Frenzy Charge Duration,5443.5,6677.73,1218,2,6,False,False,False
2200,azmerianimals28,Damage,5063,6552.73,1218,7,20,False,False,False
35689,azmerianimals29,Damage,5197.5,6819.76,1218,2,14,False,False,False
34543,azmerianimals30,The Frenzied Bear,5279.5,6677.73,1218,0,0,True,False,False
240,mastery_lightning150,Lightning Mastery,5280.67,-9450.66,1219,0,0,False,False,False
30456,evasion5,High Alert,5286.04,719.085,1220,0,0,True,False,False
39423,lightning_penetration2,Lightning Penetration,5146.95,-7492.44,1221,2,20,False,False,False
47635,lightning_penetration22_,Overload,5578.23,-7243.44,1221,3,8,True,False,False
53207,lightning_penetration3,Lightning Penetration,5359.99,-7369.44,1221,1,4,False,False,False
56914,lightning_penetration4,Lightning Penetration,5530.46,-7475.15,1221,7,5,False,False,False
17254,cast_speed35,Spell Haste,5300.06,-3797.31,1222,0,0,True,False,False
26596,cast_speed8,Cast Speed,4977.45,-3883.76,1222,3,19,False,False,False
14272,mastery_spell_suppression_6709,Spell Suppression Mastery,5458.48,-3754.87,1222,2,7,False,False,False
1953,shock19,Shock Effect,5316.81,-1530.6,1223,0,0,False,False,False
9275,accuracy37,Accuracy and Attack Speed,5178.32,2732.99,1224,2,16,False,False,False
5704,accuracy38,Accuracy and Attack Speed,5462.37,2732.99,1224,2,8,False,False,False
62166,accuracy39,Accuracy and Attack Speed,5320.34,2486.99,1224,2,0,False,False,False
19337,accuracy40,Precision Salvo,5320.34,2650.99,1224,0,0,True,False,False
28021,criticals9,Critical Damage,5324.92,-5429.12,1225,0,0,False,False,False
34621,criticals10,Critical Damage,5324.92,-4513.88,1226,0,0,False,False,False
44684,companions69,Companion Attack Speed,5328.27,10118.5,1227,0,0,False,False,False
36759,mastery_caster_6359,Caster Mastery,5333.76,-6040.15,1228,0,0,False,False,False
54198,mastery_companion294,Companion Mastery,5357.15,9935.04,1229,0,0,False,False,False
40480,shock21,Harmonic Generator,5368.5,-1842.95,1230,0,0,True,False,False
46961,companions59,Attack Speed,5371.78,9762.63,1231,0,0,False,False,False
39569,criticals46,Critical Damage,5524.15,3506.51,1232,7,2,False,False,False
9046,criticals47,Critical Chance,5688.41,3890.01,1232,3,8,False,False,False
45609,criticals48,Critical Damage,5109.9,3556.01,1232,3,20,False,False,False
56776,criticals49,Cooked,5358.15,3794.03,1232,1,7,True,False,False
3458,criticals91,Critical Damage,5356.71,3564.6,1232,2,23,False,False,False
7353,criticals92,Critical Chance,5557.57,3680.57,1232,2,5,False,False,False
24129,mastery_critical_268,Critical Mastery,5399.15,3723.01,1232,0,0,False,False,False
24165,attributes56,Attribute,5409.48,-6761.17,1233,0,0,False,False,False
21984,jewel_slot1979,[Jewel] Socket,5516.3,-9521.99,1234,1,4,False,False,True
18121,mastery_caster_6354__,Caster Mastery,5452.61,-10248.4,1235,0,0,False,False,False
45319,projectile_spells1,Spell Damage,5163.36,-10081.4,1235,3,16,False,False,False
55041,projectile_spells2,Spell Damage and Projectile Speed,5216.44,-10484.6,1235,3,21,False,False,False
26135,projectile_spells3,Spell Damage and Projectile Speed,5539.06,-9925.79,1235,3,11,False,False,False
35564,projectile_spells8,Turn the Clock Back,5452.61,-10582.4,1235,3,0,True,False,False
2335,projectile_spells9,Turn the Clock Forward,5741.87,-10081.4,1235,3,8,True,False,False
65310,spells13_,Additional Spell Projectiles,5619.61,-10537.7,1235,3,2,False,False,False
51565,spells14,Additional Spell Projectiles,5786.61,-10248.4,1235,3,6,False,False,False
22682,spells21_,Additional Spell Projectiles,5741.87,-10415.4,1235,3,4,False,False,False
44420,criticals16,Critical Chance,5457.07,-5200.42,1236,0,0,False,False,False
38541,criticals17,Critical Chance,5457.07,-4742.78,1237,0,0,False,False,False
41645,physical22,Physical Damage,5182.89,-8612.56,1238,3,20,False,False,False
6490,physical23_,Physical Damage,5472.15,-8281.56,1238,2,12,False,False,False
43964,physical24,Armour Break Effect,5614.17,-8527.56,1238,2,4,False,False,False
14082,physical25,Physical Damage,5688.65,-8320.56,1238,7,8,False,False,False
8831,physical36,Tempered Mind,5472.15,-8445.56,1238,0,0,True,False,False
54176,shock8,Shock Chance,5478.57,-1107.81,1239,0,0,False,False,False
7526,dexterity63,Attribute,5482.17,6073.03,1240,0,0,False,False,False
24721,cold69_,Brain Freeze,5541.32,-9278.17,1241,0,0,True,False,False
36808,block17,Spiked Shield,5402.89,9003.21,1242,2,16,True,False,False
37244,block18,Shield Expertise,5686.94,9003.21,1242,2,8,True,False,False
34076,block19,Block Recovery,5544.92,9171.21,1242,7,12,False,False,False
22057,block20,Shield Defences,5368.14,8744.43,1242,7,21,False,False,False
33445,block21,Block,5721.69,8744.43,1242,7,3,False,False,False
30143,block22,Block,5544.92,8671.21,1242,7,0,False,False,False
37795,mastery_shield211,Shield Mastery,5544.92,8921.21,1242,0,0,False,False,False
30663,mastery_cold_6392,Cold Mastery,5545.19,-9271,1243,0,0,False,False,False
14310,cold63,Cold Damage,5569.62,-8962.42,1244,0,0,False,False,False
46882,jewel_slot1970,[Jewel] Socket,5500.68,9527.45,1245,1,8,False,False,True
61601,criticals28,True Strike,5579.63,-4981.71,1246,0,0,True,False,False
64213,elemental16,Elemental Damage and Freeze Buildup,5798.23,1472.41,1247,7,8,False,False,False
32155,elemental18,Elemental Damage and Shock Chance,5365.22,1472.41,1247,7,16,False,False,False
44204,elemental23,Elemental Damage and Flammability Magnitude,5581.73,1097.41,1247,7,0,False,False,False
33729,elemental24,Elemental Damage and Flammability Magnitude,5337.73,924.785,1247,4,66,False,False,False
25700,elemental25,Elemental Damage and Shock Chance,5337.73,1770.03,1247,4,42,False,False,False
61246,elemental26,Elemental Damage and Freeze Buildup,6069.73,1347.41,1247,4,18,False,False,False
144,elemental27,Elemental Damage and Freeze Buildup,6150.7,1018.91,1247,5,12,False,False,False
41096,elemental28,Elemental Damage and Shock Chance,5581.73,2004.41,1247,5,36,False,False,False
45712,elemental29,Elemental Damage and Flammability Magnitude,5012.75,1018.91,1247,5,60,False,False,False
12611,elemental32,Harness the Elements,5581.73,1347.41,1247,0,0,True,False,False
4238,one_handed10,Versatile Arms,5585.65,8198.85,1248,0,0,True,False,False
60173,one_handed11,One Handed Accuracy,5408.88,8022.08,1248,7,21,False,False,False
62986,one_handed13,One Handed Accuracy,5335.65,8198.85,1248,7,18,False,False,False
17316,one_handed3,One Handed Damage,5114.28,8325.16,1248,4,51,False,False,False
43263,one_handed6,One Handed Attack Speed,5520.95,8440.34,1248,7,13,False,False,False
46688,one_handed7,One Handed Attack Speed,5650.36,7957.37,1248,7,1,False,False,False
40244,one_handed8,One Handed Attack Speed,5369.15,8323.85,1248,7,16,False,False,False
64492,one_handed9,One Handed Attack Speed,5762.43,8375.63,1248,7,9,False,False,False
5191,companions54,Bond of the Wolf,5620.6,9982.22,1249,0,0,True,False,False
11472,frenzy_charges1,Evasion if Consumed Frenzy Charge,5788.27,717.095,1250,2,8,False,False,False
19880,frenzy_charges2,Evasion if Consumed Frenzy Charge,5646.25,471.095,1250,2,0,False,False,False
59390,frenzy_charges3,Evasion if Consumed Frenzy Charge,5504.22,717.095,1250,2,16,False,False,False
40270,frenzy_charges7_,Frenetic,5646.25,635.095,1250,0,0,True,False,False
26598,dexterity40,Attribute,5646.98,0.515,1251,0,0,False,False,False
32813,life_flasks16,Life Flasks,5658.94,4168.29,1252,2,12,False,False,False
59600,life_flasks17,Life Flasks,5482.17,4112.97,1253,7,21,False,False,False
12208,life_flasks18_,Life Flasks,5835.72,4112.97,1253,7,3,False,False,False
13619,life_flasks19,Life Flask Charges,5658.94,4039.75,1253,7,0,False,False,False
35809,life_flasks6,Reinvigoration,5658.94,4371.75,1253,1,6,True,False,False
49466,life_flasks13,Life Flasks,5658.96,4587.05,1254,7,12,False,False,False
9411,life_flasks14,Life Flasks,5482.18,4513.83,1254,7,15,False,False,False
30871,life_flasks15,Life Flasks,5835.73,4513.83,1254,7,9,False,False,False
23905,shock20,Shock Effect,5664.01,-1616.29,1255,0,0,False,False,False
2995,AscendancyWitch3Small8,Energy Shield if Consumed Power Charge,5699.65,-18720.7,1256,0,0,False,False,False
4328,intelligence64,Attribute,5749.4,-6287.76,1257,0,0,False,False,False
3463,attributes76,Attribute,5749.4,-5672.71,1258,0,0,False,False,False
42379,attributes25,Attribute,5749.4,-4981.71,1259,0,0,False,False,False
32340,cold64__,Cold Damage,5818.69,-9005.17,1260,0,0,False,False,False
56860,buckler15,Resolute Reprisal,5833.86,5463.88,1261,0,0,True,False,False
29320,buckler17,Stun Threshold during Parry,6050.37,5588.88,1261,7,8,False,False,False
1680,buckler18,Projectile Parry Range,5915.86,5321.85,1261,2,2,False,False,False
17447,buckler19,Stun Threshold during Parry,5751.86,5605.9,1261,2,14,False,False,False
24843,buckler20,Evasion during Parry,5617.36,5338.88,1261,7,20,False,False,False
38111,life_recoup17,Pliable Flesh,5891.44,-7002.35,1262,2,0,True,False,False
10242,life_recoup20,Life Recoup,6033.46,-6756.35,1262,2,8,False,False,False
6079,life_recoup23,Life Recoup,5749.41,-6756.35,1262,2,16,False,False,False
32241,mastery_life131,Life Mastery,5891.44,-6838.35,1262,0,0,False,False,False
45377,cold65,Cold Damage,5901,-8772.67,1263,0,0,False,False,False
10944,evasion_and_energy_shield23,Evasion and Energy Shield,5924.32,-789.865,1264,2,0,False,False,False
33366,evasion_and_energy_shield24,Evasion and Energy Shield,5799.32,-409.359,1264,7,14,False,False,False
55193,evasion_and_energy_shield25,Subterfuge Mask,5995.34,-584.865,1264,1,4,True,False,False
25971,attack_speed30,Tenfold Attacks,5933.04,-2670.25,1265,0,0,True,False,False
50635,attack_speed5,Attack Speed,5846.6,-2347.64,1265,3,13,False,False,False
44423,mastery_attack276_,Attack Mastery,5975.49,-2828.67,1265,2,1,False,False,False
11764,slowed_enemies1,Debuff Expiry,6008.68,7466.52,1266,7,11,False,False,False
38878,slowed_enemies2,Debuff Expiry,5986.51,7711.18,1266,4,35,False,False,False
54975,slowed_enemies3_,Slow Effect,5615.48,6656.06,1266,5,66,False,False,False
26772,slowed_enemies4,Slow Effect,5818.98,7008.53,1266,7,22,False,False,False
45774,slowed_enemies5,Slow Effect,5901.44,6738.89,1266,4,71,False,False,False
34898,slowed_enemies7,Debuff Expiry,6221.64,7820.48,1266,5,31,False,False,False
24240,slowed_enemies9,Time Manipulation,5943.98,7225.03,1266,0,0,True,False,False
23915,criticals23,Critical Damage,5948.12,186.785,1267,0,0,False,False,False
41529,criticals37,Critical Damage,6106.54,144.339,1267,2,5,False,False,False
21380,criticals39,Preemptive Strike,6124.9,363.562,1267,7,9,True,False,False
31284,mastery_critical_267,Critical Mastery,6030.12,186.785,1267,1,3,False,False,False
60700,cold49,Empowered Attack Freeze Buildup,6141.96,-416.582,1268,7,3,False,False,False
52501,cold50,Empowered Attack Freeze Buildup,6181.69,-114.805,1268,7,8,False,False,False
44974,cold51,Hail,5965.19,-239.805,1268,0,0,True,False,False
25520,passive_keystone_resonance,Resonance,5975.67,-4755.44,1269,0,0,False,True,False
27875,shock12,General Electric,5979.38,-1521.97,1270,0,0,True,False,False
55463,shock7,Shock Chance,5812.38,-1232.72,1270,3,14,False,False,False
32123,shock9,Shock Chance,6268.63,-1688.97,1270,3,4,False,False,False
50121,cold11,Cold Damage,5988.31,-7475.15,1271,0,0,False,False,False
21572,exploiting_elemental_ailments1,Damage against Ailments,5873.12,6361.42,1272,2,20,False,False,False
39050,exploiting_elemental_ailments15,Exploit,6157.17,6361.42,1272,2,4,True,False,False
6660,exploiting_elemental_ailments2,Damage against Ailments,6015.15,6607.42,1272,2,12,False,False,False
21801,mastery_chaos47,Chaos Mastery,5961.37,-8350.51,1273,1,10,False,False,False
30748,volatility2,Controlled Chaos,6032.38,-8559.51,1273,7,0,True,False,False
44369,volatility4,Volatility on Kill,5815.88,-8184.51,1273,7,16,False,False,False
24150,volatility5,Volatility on Kill,6148.35,-8425.48,1273,2,3,False,False,False
31345,lightning_penetration11,Lightning Penetration,6079.18,1921.76,1274,2,11,False,False,False
30372,lightning_penetration13,Lightning Penetration,5994.29,1604.93,1274,2,23,False,False,False
42065,lightning_penetration26__,Surging Currents,5878.32,1805.79,1274,2,17,True,False,False
55400,lightning_penetration9,Lightning Penetration,6195.15,1720.9,1274,2,5,False,False,False
37532,mastery_elemental97,Lightning Mastery,6036.73,1763.34,1274,0,0,False,False,False
2516,AscendancyWitch3Notable7,Price of Power,6071.33,-18384.9,1275,0,0,True,False,False
43720,mana_leech1,Mana Leech and Cold Resistance,6147.01,8561.77,1276,2,11,False,False,False
14383,mana_leech17,Suffusion,6104.56,8403.35,1276,0,0,True,False,False
18568,mana_leech3,Mana Leech and Cold Resistance,6147.01,8244.94,1276,2,1,False,False,False
46601,mana_leech4,Mana Leech,5940.56,8403.35,1276,2,18,False,False,False
46887,mana_leech5,Mana Leech,6438.56,8403.35,1276,3,6,False,False,False
45329,hazards16,Delayed Danger,6129.78,9643.2,1277,0,0,True,False,False
4552,monkchakra1,Mana Regeneration,6023.22,-5234.44,1278,2,15,False,False,False
17215,monkchakra2_,Mana Regeneration and Attack Speed,5897.7,-5415.11,1278,7,19,False,False,False
17668,monkchakra3,Mana Regeneration and Attack Speed,6057.19,-5492.43,1278,2,22,False,False,False
50817,monkchakra4,Damage from Mana,6203.89,-5108.92,1278,7,11,False,False,False
61355,monkchakra5,Damage from Mana,6281.21,-5268.4,1278,2,8,False,False,False
29306,monkchakra6,Chakra of Thought,6180.19,-5421.42,1278,1,1,True,False,False
20820,attack_speed10,Attack Speed,6170.77,-5970.8,1279,2,12,False,False,False
44628,attack_speed26,Attack Speed,6028.75,-6216.8,1279,2,20,False,False,False
40166,attack_speed36,Deep Trance,6312.8,-6216.8,1279,2,4,True,False,False
48544,mastery_attack278,Attack Mastery,6170.77,-6134.8,1279,0,0,False,False,False
42750,attack22,Attack Damage,5752.9,-2836.98,1280,6,42,False,False,False
37691,attack24,Attack Damage,6107.7,-3322.09,1280,7,13,False,False,False
9050,attack25,Attack Speed,6172.4,-2724.57,1280,6,36,False,False,False
56453,attack27,Killer Instinct,6002.36,-2928.96,1280,5,39,True,False,False
60138,chaos35,Stylebender,6342.45,-4198.19,1280,5,3,True,False,False
25851,chaos4,Daze on Hit,6172.4,-4402.58,1280,6,0,False,False,False
52695,chaos6,Physical Damage,6237.11,-3805.06,1280,7,1,False,False,False
57230,chaos8,Physical Damage,6591.9,-4290.17,1280,6,6,False,False,False
24958,dexterity44,Attribute,6591.9,-2836.98,1280,6,30,False,False,False
51741,intelligence25,Attribute,6899,-3983.07,1280,6,12,False,False,False
16705,intelligence66,Attribute,5752.9,-4290.17,1280,6,66,False,False,False
17088,intelligence7,Attribute,5445.81,-3144.07,1280,6,48,False,False,False
61834,jewel_slot1961,[Jewel] Socket,6172.4,-3563.57,1280,0,0,False,False,True
24062,life_on_kill13,Immortal Infamy,6807.02,-3393.53,1280,5,21,True,False,False
54351,life_on_kill3,Life on Kill,6413.89,-3498.87,1280,7,7,False,False,False
64927,life_on_kill4,Mana Leech,7011.4,-3563.57,1280,6,18,False,False,False
52464,life_on_kill5,Life on Kill,6899,-3144.07,1280,6,24,False,False,False
5766,spells16,Spell Damage,5445.81,-3983.07,1280,6,60,False,False,False
51416,spells17,Cast Speed,5333.4,-3563.57,1280,6,54,False,False,False
32016,spells19,Spell Damage,5930.92,-3628.28,1280,7,19,False,False,False
49984,spells34,Spellblade,5537.79,-3733.62,1280,5,57,True,False,False
45100,attack_speed15,Attack Speed and Flask Duration,6177.69,5088.04,1281,4,37,False,False,False
56928,attack_speed16,Attack Speed and Flask Duration,5984.05,4838.07,1281,3,15,False,False,False
62350,attack_speed17,Attack Speed and Flask Duration,6220.23,4765.9,1281,2,12,False,False,False
7163,attack_speed31,Stimulants,5755.66,5066.46,1281,5,45,True,False,False
23013,mastery_attack280,Attack Mastery,5976.23,5024.52,1281,4,42,False,False,False
20641,mastery_caster_6353,Caster Mastery,6365.58,-9452.56,1282,1,1,False,False,False
14231,triggers1,Triggered Spell Damage,6259.88,-9140.06,1282,7,13,False,False,False
40399,triggers16,Energise,6653.08,-9950.52,1282,5,6,True,False,False
51934,triggers17,Invocated Efficiency,6324.58,-9381.54,1282,0,0,True,False,False
43281,triggers2,Triggered Spell Damage,6147.81,-9558.32,1282,7,21,False,False,False
25304,triggers3,Energy,6566.07,-9446.25,1282,7,5,False,False,False
47359,triggers4,Triggered Spell Damage,6083.1,-9316.84,1282,7,17,False,False,False
40453,triggers5,Energy,6501.36,-9204.77,1282,7,9,False,False,False
61056,triggers9,Energy,6389.29,-9623.03,1282,7,1,False,False,False
23608,poison19,Poison Damage,6142.68,2701.09,1283,7,20,False,False,False
40024,poison20,Poison Chance,6575.69,2701.09,1283,7,4,False,False,False
2091,poison21,Poison Chance,6847.19,2826.09,1283,4,18,False,False,False
61741,poison28,Lasting Toxins,6359.19,2826.09,1283,0,0,True,False,False
6951,poison3,Poison Damage,5871.19,2826.09,1283,4,54,False,False,False
63759,poison30,Stacking Toxins,6359.19,2492.09,1283,3,0,True,False,False
26565,poison36,Poison Duration,6526.19,2536.84,1283,3,2,False,False,False
24401,poison37,Poison Duration,6192.19,2536.84,1283,3,22,False,False,False
39568,DeliriumAnoint_MagnumOpus,Magnum Opus,6359.63,6827.05,1284,0,0,True,False,False
35901,dexterity34,Attribute,5639.16,3255.33,1285,6,60,False,False,False
12890,dexterity57,Attribute,7092.35,3255.33,1285,6,12,False,False,False
63566,dexterity61,Attribute,6365.75,4513.83,1285,6,36,False,False,False
62464,evasion17_,Evasion,6198.75,3385.58,1285,3,22,False,False,False
55275,evasion18,Evasion,6532.75,3385.58,1285,3,2,False,False,False
12120,evasion19,Slow Effect on You,6031.75,3674.83,1285,3,18,False,False,False
65207,evasion20,Slow Effect on You,6198.75,3964.09,1285,3,14,False,False,False
51606,evasion30,Freedom of Movement,5943.13,3918.83,1285,4,48,True,False,False
17854,evasion31,Escape Velocity,6365.75,3186.83,1285,4,0,True,False,False
43044,attributes73,Attribute,6365.75,5562.23,1286,0,0,False,False,False
34853,azmerianimals31,Strength and Critical Damage Bonus on You,6365.75,5825.65,1287,2,0,False,False,False
25458,azmerianimals34,Strength and Critical Damage Bonus on You,6149.25,5864.65,1287,7,20,False,False,False
37568,azmerianimals35,Strength and Critical Damage Bonus on You,6529.75,5989.65,1287,2,6,False,False,False
45370,azmerianimals36,The Raging Ox,6223.73,6071.65,1287,2,16,True,False,False
61403,intelligence69,Attribute,6372.73,-8685.67,1288,0,0,False,False,False
56349,passive_keystone_chaos_inoculation,Chaos Inoculation,6372.73,-8307.67,1289,0,0,False,True,False
2128,hazards17,Hazard Area,6402.75,9679.75,1290,0,0,False,False,False
5009,daze_1,Seeing Stars,6411.76,-4456.86,1291,0,0,True,False,False
36270,daze_6,Daze on Hit,6498.21,-4779.48,1291,3,1,False,False,False
12169,mastery_mine172,Physical Mastery,6369.32,-4298.45,1291,2,13,False,False,False
28441,blind11,Frantic Swings,6254.37,-2079.42,1292,7,15,True,False,False
32721,blind12,Distracted Target,6495.85,-2014.71,1292,7,11,True,False,False
24570,blind13,Blinded Enemies Critical,6272.73,-2298.64,1292,2,19,False,False,False
11836,blind14,Critical vs Blinded,6589.56,-2213.75,1292,2,7,False,False,False
47235,blind15_,Blinded Enemies Critical,6306.15,-2472.7,1292,7,22,False,False,False
53471,blind16,Critical vs Blinded,6647.65,-2381.19,1292,7,4,False,False,False
10011,blind17,Damage vs Blinded,6344.7,-1933.58,1292,3,13,False,False,False
11871,blind18,Blind Chance,6517.59,-2578.81,1292,3,1,False,False,False
11015,hazards15,Hazard Damage,6470.71,9436.59,1293,0,0,False,False,False
54725,curses1,Curse Activation Speed and Effect,6488.25,-7237.61,1294,7,0,False,False,False
56336,curses2,Curse Activation Speed and Effect,6271.75,-7112.61,1294,7,20,False,False,False
21208,curses4,Curse Activation Speed and Effect,6363.25,-6771.11,1294,7,14,False,False,False
21748,curses5,Impending Doom,6738.25,-6987.61,1294,7,6,True,False,False
32399,attack_speed11,Attack Speed,6506.75,-6478.52,1295,0,0,False,False,False
52191,chaos33_,Event Horizon,6536.96,-5291.42,1296,0,0,True,False,False
57088,cold_penetration1,Cold Penetration,6409.49,794.875,1297,2,20,False,False,False
9421,cold_penetration24,Snowpiercer,6693.54,958.875,1297,2,8,True,False,False
28086,cold_penetration6,Cold Penetration,6469.51,1018.9,1297,2,14,False,False,False
54557,cold_penetration7,Cold Penetration,6633.51,734.847,1297,2,2,False,False,False
60170,mastery_cold59,Cold Mastery,6551.51,876.875,1297,0,0,False,False,False
45709,life_flasks10,Life Flask Charges,6378.78,-819.642,1298,7,21,False,False,False
26363,life_flasks11,Life Flask Charge Generation,6732.33,-819.642,1298,7,3,False,False,False
52803,life_flasks5_,Hale Traveller,6555.55,-892.865,1298,7,0,True,False,False
7412,life_flasks7,Life Flask Charges,6378.78,-450.288,1299,7,15,False,False,False
49291,life_flasks8,Life Flask Charge Generation,6732.33,-450.288,1299,7,9,False,False,False
57945,life_flasks9,Life Flask Charge Generation,6555.55,-377.065,1299,7,12,False,False,False
59356,mastery_flask6173_,Flask Mastery,6555.55,-627.065,1299,0,0,False,False,False
3128,cold1,Cast Speed with Cold Skills,6439.29,-7475.15,1300,7,14,False,False,False
22713,cold3,Cold Damage,6814.29,-7691.65,1300,7,6,False,False,False
12166,cold6,Cast Speed with Cold Skills,6439.29,-7908.16,1300,7,22,False,False,False
33221,mastery_cold_6390,Cold Mastery,6564.44,-7691.65,1301,0,0,False,False,False
19722,cold32,Thin Ice,6689.44,-7475.15,1302,7,10,True,False,False
4959,cold33,Heavy Frost,6689.44,-7908.16,1302,7,2,True,False,False
26331,cold35,Harsh Winter,6314.44,-7691.65,1302,7,18,True,False,False
19003,cold4_,Cold Damage,6564.44,-7691.65,1302,0,0,False,False,False
42658,dexterity86,Attribute,6564.69,4176.51,1303,0,0,False,False,False
46431,hazards14,Hazard Damage,6576.88,8924.35,1304,0,0,False,False,False
6570,mastery_curse70,Curse Mastery,6612.09,-6987.61,1305,0,0,False,False,False
65256,hazards18,Widespread Coverage,6617.23,9944.27,1306,0,0,True,False,False
40626,mastery_trap_6764,Trap Mastery,6619.11,9595.71,1307,0,0,False,False,False
34845,hazards19,Hazard Area,6636.34,9687.17,1308,0,0,False,False,False
38463,dexterity80,Attribute,6649.25,8378.88,1309,0,0,False,False,False
22329,deflect36,Deflection,6719.35,7863.32,1310,7,11,False,False,False
58526,deflect37,Deflection,6538.68,7737.8,1310,2,15,False,False,False
331,deflect38,Deflection and Evasion,6770.61,7505.87,1310,2,3,False,False,False
32891,deflect39,Deflection and Evasion,6896.13,7686.54,1310,7,7,False,False,False
62427,deflect40,Deflection Rating,6538.68,7505.87,1310,2,21,False,False,False
42103,deflect41,Enduring Deflection,6654.65,7287.83,1310,3,0,True,False,False
50673,deflect42,Avoiding Deflection,6320.65,7621.83,1310,3,18,True,False,False
1631,charms10,Charm Duration,6803.79,164.465,1311,2,4,False,False,False
14001,charms11,Charm Charges Used,6579.76,104.437,1311,2,22,False,False,False
56893,charms5,Thicket Warding,6445.26,371.465,1311,7,16,True,False,False
29049,charms9,Charm Duration,6743.76,388.493,1311,2,10,False,False,False
28199,hazards21,Hazard Immobilisation Buildup,6670.73,9432.42,1312,0,0,False,False,False
54678,shock10,Shock Chance,6720.04,-1779.61,1313,0,0,False,False,False
60735,jewel_slot1960,[Jewel] Socket,6729.48,3890.84,1314,0,0,False,False,True
57724,chaos20_,Chaos Damage,6518.13,-5617.35,1315,7,20,False,False,False
26885,chaos24,Chaos Damage,6312.01,-5736.35,1315,4,60,False,False,False
34473,chaos32,Spaghettification,6876.66,-5410.35,1315,2,8,True,False,False
20782,chaos5,Chaos Damage,7023.89,-5325.35,1315,3,8,False,False,False
42361,mastery_chaos49,Chaos Mastery,6734.63,-5492.35,1315,0,0,False,False,False
26268,curses11,Curse Duration,6735.94,-6737.61,1316,7,12,False,False,False
22710,curses12,Curse Duration,6952.45,-6862.61,1316,7,8,False,False,False
45111,curses13,Curse Duration,6860.94,-7204.12,1316,7,2,False,False,False
59214,curses14,Fated End,6485.94,-6987.61,1316,7,18,True,False,False
21111,charms15,Charm Activation Chance,6836.09,8742.5,1317,7,11,False,False,False
43522,charms20,Charm Charges Used,7012.87,8565.72,1317,7,7,False,False,False
33099,charms8,Hunter's Talisman,7116.45,8846.08,1317,4,27,True,False,False
46857,energy_shield_recovery1,Energy Shield Delay,6790.3,-6502.08,1318,0,0,False,False,False
52060,mastery_energy_shield_6493,Energy Shield Mastery,6844.88,-9157.81,1319,0,0,False,False,False
17602,stun_threshold_from_energy_shield13,Stun and Ailment Threshold from Energy Shield,6668.1,-8981.04,1319,7,15,False,False,False
59799,stun_threshold_from_energy_shield18,Stun Threshold from Energy Shield,6773.86,-9198.81,1319,1,10,False,False,False
7338,stun_threshold_from_energy_shield19_,Abasement,6780.17,-9399.3,1319,7,23,True,False,False
59798,stun_threshold_from_energy_shield20,Ailment Threshold from Energy Shield,6885.88,-9086.8,1319,1,5,False,False,False
5335,stun_threshold_from_energy_shield21,Shimmering Mirage,7086.36,-9093.11,1319,7,7,True,False,False
21495,elemental_attacks12,Elemental Attack Damage,6679.27,5090.26,1320,3,14,False,False,False
42794,elemental_attacks6,Elemental Attack Damage,7013.27,4511.75,1320,3,2,False,False,False
31433,elemental_attacks8,Catalysis,6988.3,4883,1320,2,8,True,False,False
5348,mastery_elemental98,Elemental Mastery,6846.27,4801,1320,0,0,False,False,False
54883,chaos21,Chaos Damage,6883.65,-5638.13,1321,0,0,False,False,False
26432,dexterity85_,Attribute,6900.54,3596.76,1322,0,0,False,False,False
60273,hazards20,Hindering Obstacles,7001.73,9638.79,1323,0,0,True,False,False
59775,chaos23,Chaos Damage,7020.48,-5774.94,1324,0,0,False,False,False
6842,poise3,Stun and Freeze Buildup,7267.71,7433.94,1325,3,9,False,False,False
28329,poise39,Pressure Points,6795.36,6961.59,1325,3,21,True,False,False
18472,poise4,Stun and Freeze Buildup,7031.53,7361.76,1325,2,12,False,False,False
46533,poise5,Stun and Freeze Buildup,6867.53,7197.76,1325,2,18,False,False,False
3700,poise6,Stun and Freeze Buildup,7195.53,7197.76,1325,2,6,False,False,False
36723,poise7,Stun and Freeze Buildup,7031.53,7033.76,1325,2,0,False,False,False
32438,chaos27,Chaos Damage,7037.31,-8704.88,1326,0,0,False,False,False
28623,mastery_spell_suppression_6710_,Spell Suppression Mastery,7059,5648.15,1327,0,0,False,False,False
60464,spell_suppression23,Fan the Flames,6713.93,5993.21,1327,4,45,True,False,False
12998,spell_suppression24,Warm the Heart,7530.37,5774.45,1327,4,21,True,False,False
9968,spell_suppression25_,Feel the Earth,6932.69,5176.77,1327,4,69,True,False,False
30463,spell_suppression26_,Ailment Threshold,7174.96,5532.18,1327,2,3,False,False,False
58971,spell_suppression27,Ailment Threshold,7101.44,5806.56,1327,2,11,False,False,False
38678,spell_suppression28_,Ailment Threshold,6900.58,5605.7,1327,2,19,False,False,False
51871,mana_leech20,Immortal Thirst,7065.9,-3324.15,1328,0,0,True,False,False
8045,mana_leech8,Mana Leech,7388.51,-3237.71,1328,3,7,False,False,False
3042,mastery_life133,Life Mastery,6907.48,-3366.6,1328,2,19,False,False,False
28823,charms13,Charm Activation Chance,7009.37,9389.19,1329,7,23,False,False,False
11094,charms17_,Charm Effect,7250.85,9453.9,1329,7,3,False,False,False
59303,charms6,Lucky Rabbit Foot,7200.38,9159.3,1329,4,3,True,False,False
23547,mastery_chaos48,Chaos Mastery,7077.07,-4647.67,1330,0,0,False,False,False
45798,volatility10,Volatility on Kill,6990.63,-4325.05,1330,3,13,False,False,False
43944,volatility3,Instability,7034.63,-4489.25,1330,2,13,True,False,False
30102,volatility6,Volatility on Kill,7034.63,-4806.08,1330,2,23,False,False,False
62578,volatility7,Volatility on Kill,6860.57,-4522.67,1330,7,16,False,False,False
46615,volatility8,Volatility when Stunned,7202.07,-4431.16,1330,7,10,False,False,False
53177,volatility9,Volatility when Stunned,7193.04,-4763.63,1330,2,3,False,False,False
14658,dexterity42,Attribute,7088.65,0.005,1331,0,0,False,False,False
28903,mastery_poison199,Poison Mastery,7088.65,513.165,1332,0,0,False,False,False
42959,poison29,Low Tolerance,7088.65,763.165,1332,7,12,True,False,False
59644,poison31,Poison Damage,6911.88,689.942,1332,7,15,False,False,False
32896,poison32,Poison Chance,7265.43,689.942,1332,7,9,False,False,False
22517,poison33,Poison Chance,7088.65,263.165,1332,7,0,False,False,False
55149,chaos30,Pure Chaos,7119.01,-8248.39,1333,0,0,True,False,False
14446,intelligence68,Attribute,7123.27,-7914.57,1334,0,0,False,False,False
11825,dexterity12_,Attribute,7191.57,4152.81,1335,0,0,False,False,False
62185,shock18,Rattled,7236.46,5087.69,1336,0,0,True,False,False
48974,mana_flasks10,Altered Brain Chemistry,7155.22,-1540.02,1337,2,15,True,False,False
47418,mana_flasks13,Warding Potions,7387.15,-1540.02,1337,2,9,True,False,False
63517,mana_flasks4_,Mana Flask Recovery,7189.19,-1798.01,1337,2,22,False,False,False
23839,mana_flasks7,Mana Flask Charges Used,7353.19,-1798.01,1337,2,2,False,False,False
53958,mana_flasks8,Mana Flask Recovery,7184.74,-1978.6,1337,3,23,False,False,False
51006,mana_flasks9,Mana Flask Charges Used,7357.63,-1978.6,1337,3,1,False,False,False
10738,mastery_mana6177,Mana Mastery,7271.19,-1655.98,1337,0,0,False,False,False
64601,passive_keystone_hollow_palm_technique,Hollow Palm Technique,7273.71,-2633.18,1338,0,0,False,True,False
41877,dexterity43,Attribute,7273.71,-2313.18,1339,0,0,False,False,False
40333,companions29,Damage with Companion in Presence,7300.34,2961.86,1340,7,12,False,False,False
43102,companions30,Damage with Companion in Presence,7550.34,2711.86,1340,7,6,False,False,False
30197,companions31_,Attack Speed with Companion in Presence,7382.34,2569.84,1340,2,2,False,False,False
52415,companions32,Attack Speed with Companion in Presence,7218.34,2569.84,1340,2,22,False,False,False
24178,companions36,Damage with Companion in Presence,7184.38,2827.83,1340,2,15,False,False,False
42998,companions37,Damage with Companion in Presence,7416.31,2827.83,1340,2,9,False,False,False
32655,companions8,Hunting Companion,7050.34,2711.86,1340,7,18,True,False,False
33514,mastery_companion292,Companion Mastery,7300.34,2711.86,1340,0,0,False,False,False
29285,azmerianimals10,Movement Speed,7093.09,8212.83,1341,7,19,False,False,False
9745,azmerianimals11,Movement Speed,7334.57,8527.54,1341,7,12,False,False,False
11774,azmerianimals12,The Spring Hare,7334.57,8277.54,1341,0,0,True,False,False
58513,azmerianimals7,Evasion and Movement Speed,7570.75,8513.71,1341,3,9,False,False,False
16602,azmerianimals8,Evasion,7269.87,8036.05,1341,7,23,False,False,False
14418,azmerianimals9,Evasion,7584.57,8277.54,1341,7,6,False,False,False
9199,projectiles42,Surpassing Projectile Chance,6688.82,2075.69,1342,5,54,False,False,False
60323,projectiles43,Surpassing Projectile Chance,6506.82,2075.69,1342,6,54,False,False,False
47560,projectiles44,Multi Shot,6269.82,2075.69,1342,8,54,True,False,False
6792,ranged10,Projectile Damage,7595.82,2075.69,1342,7,6,False,False,False
23221,ranged33,Trick Shot,7259.38,1753.08,1342,3,23,True,False,False
4534,ranged34_,Piercing Shot,7259.38,2398.31,1342,3,13,True,False,False
42302,ranged35,Split Shot,6857.82,2075.69,1342,4,54,True,False,False
33245,ranged5,Projectile Damage,7427.82,2075.69,1342,1,3,False,False,False
9151,ranged7,Forking Projectiles,7181.82,2075.69,1342,2,18,False,False,False
45331,ranged8,Chaining Projectiles,7169.05,1898.92,1342,7,21,False,False,False
31918,ranged9,Pierce Chance,7169.05,2252.47,1342,7,15,False,False,False
52971,energy_shield_recovery13,The Soul Meridian,7020.64,-6363.28,1343,4,45,True,False,False
21227,energy_shield_recovery6,Deflection and Energy Shield Delay,7239.4,-6236.97,1343,4,39,False,False,False
36290,energy_shield_recovery7,Deflection and Energy Shield Delay,7492.01,-6236.97,1343,4,33,False,False,False
23046,energy_shield_recovery8,Deflection and Energy Shield Delay,7710.77,-6363.28,1343,4,27,False,False,False
62936,mana14,Damage from Mana,7408.15,-6549.93,1343,2,11,False,False,False
51891,mana19,Lucidity,7124.22,-6643.64,1343,7,17,True,False,False
49976,mana23,Damage from Mana,7607.19,-6773.05,1343,7,5,False,False,False
25528,mastery_mana_6597,Mana Mastery,7129.53,-6472.17,1343,3,15,False,False,False
51040,deflect60,Deflection and Energy Shield Delay,7374.83,-7151.38,1344,0,0,False,False,False
23822,deflect61,Life Recoup,7374.83,-7315.38,1344,2,0,False,False,False
327,deflect63,Evasion and Energy Shield,7374.83,-6987.38,1344,2,12,False,False,False
58779,deflect65,Deflection and Energy Shield Delay,7538.83,-7151.38,1344,2,6,False,False,False
9652,deflect66,Mending Deflection,7210.83,-7151.38,1344,2,18,True,False,False
15424,monkchakra25,Stun Threshold,7242.76,-3857.88,1345,2,20,False,False,False
35151,monkchakra26,Stun Threshold,7320.08,-4017.36,1345,7,23,False,False,False
44453,monkchakra27,Stun Threshold,7500.75,-3891.84,1345,2,3,False,False,False
58157,monkchakra28,Stun Recovery,7143.3,-3711.17,1345,7,17,False,False,False
61149,monkchakra29,Stun Recovery,7342.34,-3617.46,1345,2,13,False,False,False
42760,monkchakra30,Chakra of Stability,7455.8,-3734.88,1345,1,4,True,False,False
24120,mana20,Mental Toughness,7386.63,-380.495,1346,0,0,True,False,False
52053,mana33,Mana Regeneration,7097.38,-213.495,1346,3,16,False,False,False
14048,mana35,Mana Regeneration while not on Low Mana,6898.63,-380.495,1346,4,54,False,False,False
34717,mana36,Mana Regeneration while not on Low Mana,7097.38,-547.495,1346,3,20,False,False,False
10495,mastery_mana164,Mana Mastery,7136.63,-380.495,1346,7,18,False,False,False
26762,chaos29,Withered Effect,7420.17,-8305.21,1347,0,0,False,False,False
30657,attributes9,Attribute,7430.94,7597.17,1348,0,0,False,False,False
22817,bleed31,Inevitable Rupture,7125.44,6789.98,1349,3,18,True,False,False
42714,bleed33,Thousand Cuts,6890.46,6461.48,1349,5,60,True,False,False
22962,bleed39,Incision Chance,7334.44,7006.48,1349,7,14,False,False,False
58848,bleed40,Incision Chance,7584.44,7006.48,1349,7,10,False,False,False
55724,bleed43,Incision Chance,7000.87,6623.07,1349,4,58,False,False,False
58644,bleed44,Bleeding Damage,7282.66,6613.2,1349,7,21,False,False,False
10576,bleed45,Bleeding Damage,7459.44,6789.98,1349,0,0,False,False,False
29065,mastery_bleeding_6327,Bleeding Mastery,7418.44,6860.99,1349,1,7,False,False,False
35380,chaos22,Withered Effect,7324.01,-8522.88,1350,2,20,False,False,False
10058,mastery_chaos_6363,Chaos Mastery,7466.03,-8440.88,1350,0,0,False,False,False
14724,shock17,Shock Duration,7487.17,5195.85,1351,0,0,False,False,False
35671,attack_speed18,Attack Speed and Dexterity,7023.84,1069.81,1352,4,57,False,False,False
11504,attack_speed19,Attack Speed and Dexterity,7336.8,1153.67,1352,2,19,False,False,False
30839,attack_speed21_,Attack Speed and Dexterity,7172.6,1282.56,1352,3,17,False,False,False
31172,attack_speed34,Falcon Technique,6860.6,1366.16,1352,5,51,True,False,False
44373,chaos38,Wither Away,7501.94,-8629.84,1353,0,0,True,False,False
336,cold_penetration22,Storm Swell,7284.41,-670.631,1354,3,15,True,False,False
4806,cold_penetration8,Cold Penetration,7602.58,-764.777,1354,2,10,False,False,False
49388,elemental17,Elemental,7362.17,-949.251,1354,2,19,False,False,False
37304,elemental20,Elemental,7049.21,-1033.11,1354,4,57,False,False,False
64543,elemental30,Unbound Forces,6885.97,-1076.85,1354,5,57,True,False,False
61921,lightning_penetration24,Storm Surge,7434.14,-1229.42,1354,3,23,True,False,False
38215,lightning_penetration7,Lightning Penetration,7662.61,-988.805,1354,2,4,False,False,False
6800,chaos26,Chaos Damage,7559.71,-8913.34,1355,0,0,False,False,False
47374,projectiles26,Projectile Damage,7315.9,4368.14,1356,4,66,False,False,False
18049,projectiles27,Projectile Damage,7434.9,4574.26,1356,7,22,False,False,False
5802,projectiles29,Stand and Deliver,7559.9,4790.76,1356,0,0,True,False,False
1448,companions55,Bond of the Cat,7712.58,3564.17,1357,2,8,True,False,False
6530,companions56,Evasion and Companion Movement Speed,7403.55,3771.43,1357,3,14,False,False,False
24269,companions57__,Evasion and Companion Movement Speed,7737.55,3192.92,1357,3,2,False,False,False
19542,mastery_companion293,Companion Mastery,7570.55,3482.17,1357,0,0,False,False,False
32301,shock6,Frazzled,7573.53,5472.94,1358,0,0,True,False,False
15301,accuracy23,Accuracy,7590.11,855.297,1359,2,13,False,False,False
10277,accuracy25,Accuracy,7790.97,739.331,1359,2,7,False,False,False
64064,accuracy26,Accuracy,7632.55,696.885,1359,0,0,False,False,False
4709,accuracy28,Near Sighted,7474.14,654.439,1359,2,19,True,False,False
35477,accuracy29,Far Sighted,7675,538.473,1359,2,1,True,False,False
31692,criticals83,Critical Chance,7761.63,-7890.57,1360,2,3,False,False,False
46197,criticals84,Careful Assassin,7804.08,-7732.16,1360,2,7,True,False,False
61333,criticals85,Critical Chance,7688.11,-7616.19,1360,2,11,False,False,False
45702,criticals86,Critical Chance,7487.25,-7817.05,1360,2,19,False,False,False
39237,mastery_critical_6409,Critical Mastery,7645.67,-7774.6,1360,0,0,False,False,False
49130,quivers10,Reduced Projectile Speed,7505.97,1440.64,1361,2,19,False,False,False
58416,quivers6,Projectile Speed,7706.83,1641.5,1361,2,11,False,False,False
1020,quivers7,Quiver Effect,7841.16,1306.31,1361,7,3,False,False,False
54631,quivers8,Quiver Effect,7664.38,1483.08,1361,0,0,False,False,False
30132,quivers9,Wrapped Quiver,7487.61,1659.86,1361,7,15,True,False,False
37813,shock16,Shock Duration,7678.02,5026.98,1362,0,0,False,False,False
58022,chaos19,Chaos Damage,7691.01,-8333.04,1363,0,0,False,False,False
52445,mastery_evasion_and_energy_shield_6498,Evasion and Energy Shield Mastery,7747,-5468.73,1364,0,0,False,False,False
34324,evasion_and_energy_shield11,Spectral Ward,7749.73,-5950.17,1365,4,0,True,False,False
13457,evasion_and_energy_shield13,Shadow Dancing,7327.1,-5706.17,1365,4,60,True,False,False
3630,evasion_and_energy_shield21_,Evasion and Energy Shield Delay,7415.73,-5462.17,1365,3,18,False,False,False
56838,evasion_and_energy_shield22,Evasion and Energy Shield,7916.73,-5751.42,1365,3,2,False,False,False
26034,evasion_and_energy_shield5,Evasion and Energy Shield,7916.73,-5172.91,1365,3,10,False,False,False
45631,evasion_and_energy_shield6_,Evasion and Energy Shield Delay,7624.73,-5245.66,1365,7,14,False,False,False
62624,evasion_and_energy_shield7,Evasion and Energy Shield,7624.73,-5678.67,1365,7,22,False,False,False
42805,evasion_and_energy_shield8,Evasion and Energy Shield,7999.73,-5462.17,1365,7,6,False,False,False
57821,dexterity9,Attribute,8175.23,-4725.19,1366,4,12,False,False,False
55377,area_attacks45__,Attack Area and Combo,7755.88,-1809.82,1367,2,0,False,False,False
26211,area_attacks46,Attack Area and Combo,7591.88,-1645.82,1367,2,18,False,False,False
24883,area_attacks49,Attack Area and Combo,7837.88,-1503.79,1367,2,10,False,False,False
44573,area_attacks59,Disciplined Training,7755.88,-1645.82,1367,0,0,True,False,False
59503,accuracy10,Accuracy and Critical Chance,7697.67,6676.15,1368,7,13,False,False,False
22208,accuracy11,Accuracy and Critical Chance,7512.38,6434.67,1368,7,18,False,False,False
60034,accuracy20,Falcon Dive,7762.38,6434.67,1368,0,0,True,False,False
6330,accuracy21,Accuracy and Attack Damage,8003.86,6369.96,1368,7,5,False,False,False
15207,accuracy22,Accuracy and Attack Damage,7762.38,6184.67,1368,7,0,False,False,False
4378,accuracy31,Accuracy,7939.15,6611.44,1368,7,9,False,False,False
5186,chaos25,Chaos Damage,7764.53,-8668.33,1369,0,0,False,False,False
34497,passive_keystone_heartstopper,Heartstopper,7768.26,228.335,1370,0,0,False,True,False
56023,mastery_projectile202,Projectile Mastery,7806.6,-2934.34,1371,0,0,False,False,False
33404,passive_keystone_eternal_youth,Eternal Youth,7810.1,-4823.01,1372,0,0,False,True,False
50277,shock15,Shock Effect,7815.76,5381.08,1373,0,0,False,False,False
44932,shock3,Shock Effect,8107.74,5039.42,1374,3,4,False,False,False
52361,projectiles10,Projectile Damage,7984.38,-3061.96,1375,2,9,False,False,False
57462,projectiles11,Projectile Speed,7545.8,-3091.48,1375,3,17,False,False,False
53771,projectiles12,Projectile Damage,8104.59,-2941.75,1375,3,9,False,False,False
12078,projectiles13,Projectile Damage,7698.37,-2543.31,1375,5,39,False,False,False
33713,projectiles9_,Projectile Speed,7710,-3135.48,1375,2,17,False,False,False
26107,ranged30_,Kite Runner,7868.42,-3177.92,1375,0,0,True,False,False
50701,shock4,Shock Effect,7874.86,5154.88,1376,0,0,False,False,False
47976,attributes12,Attribute,7886.46,-7151.38,1377,0,0,False,False,False
48462,charms12,Charm Effect,7724.58,8980.57,1378,7,15,False,False,False
38497,charms14,Charm Charges Used,7659.87,8739.09,1378,7,19,False,False,False
62803,charms7,Woodland Aspect,7429.98,8930.1,1378,4,51,True,False,False
25029,mastery_charms_1,Charms Mastery,7266.74,8973.84,1378,5,51,False,False,False
33463,attributes75,Attribute,7994.25,-1873.69,1379,0,0,False,False,False
49996,attributes35,Attribute,7994.25,-996.845,1380,0,0,False,False,False
32183,attributes22_,Attribute,7994.25,-571.975,1381,0,0,False,False,False
12253,dexterity41,Attribute,7994.25,0.005,1382,0,0,False,False,False
35696,dexterity59,Attribute,7994.25,1153.21,1383,0,0,False,False,False
2408,dexterity58,Attribute,7994.25,2075.69,1384,0,0,False,False,False
42118,attributes74,Attribute,7994.25,2711.86,1385,0,0,False,False,False
10648,projectiles24,Projectile Damage,7512.05,4152.81,1386,4,54,False,False,False
26400,projectiles25,Projectile Damage,7750.05,4152.81,1386,7,18,False,False,False
8904,projectiles30,Death from Afar,8000.05,4152.81,1386,0,0,True,False,False
63830,marks12,Marked for Sickness,8250.5,7944.38,1387,3,3,True,False,False
44841,marks13,Mark Duration,7855.91,8138.11,1387,2,19,False,False,False
45390,marks14,Mark Use Speed,8172.74,8223,1387,2,7,False,False,False
13624,marks15,Mark Duration,7971.88,8022.14,1387,2,23,False,False,False
59064,marks16,Mark Effect,7778.15,7944.38,1387,3,21,False,False,False
44756,marks17,Marked Agility,7778.15,8416.73,1387,3,15,True,False,False
28258,marks5_,Mark Effect,8014.32,8180.55,1387,0,0,False,False,False
36927,marks8,Mark Use Speed,8056.77,8338.97,1387,2,11,False,False,False
36976,marks9,Marked for Death,8250.5,8416.73,1387,3,9,True,False,False
55235,mastery_mark_6606,Mark Mastery,8085.34,8221.55,1387,1,4,False,False,False
55664,companions12,Presence Area and Companion Area,8073.32,5329.48,1388,4,0,False,False,False
16568,companions24,Defenses and Companion Life,8240.32,5528.22,1388,3,2,False,False,False
63246,companions25,Ailment Threshold and Companion Resistance,8495.95,5573.48,1388,4,12,False,False,False
34702,companions27,Damage and Companion Damage,8401.82,5248.5,1388,5,6,False,False,False
60992,companions3,Nurturing Guardian,8114.32,5746.46,1388,1,1,True,False,False
31826,companions5,Long Distance Relationship,7837.15,5581.3,1388,3,21,True,False,False
33585,companions6,Unspoken Bond,8395.94,5903.92,1388,3,7,True,False,False
24889,mastery_companion291,Companion Mastery,8198.32,5600.97,1388,7,2,False,False,False
17146,deflect2_,Parry Damage,7963.91,3127.84,1389,2,17,False,False,False
57518,deflect3,Parry Damage,8079.88,2926.98,1389,2,23,False,False,False
31366,deflect4,Parry Stun Buildup,8280.74,3042.95,1389,2,5,False,False,False
3843,deflect5,Parry Stun Buildup,8164.77,3243.81,1389,2,11,False,False,False
65265,deflect9,Swift Interruption,8122.32,3085.39,1389,0,0,True,False,False
43453,Sprint4,Sprint Movement Speed,8124.67,632.405,1390,0,0,False,False,False
62542,flasks1,Flask Charges Gained,8175.23,-4431.21,1391,3,0,False,False,False
45713,flasks18,Savouring,8175.23,-4097.21,1391,0,0,True,False,False
39607,flasks2,Flask Charges Gained,8175.23,-3933.21,1391,2,12,False,False,False
2559,flasks3,Flask Charges Gained,8093.23,-4239.24,1391,2,22,False,False,False
16329,flasks5,Flask Charges Used,8257.22,-4239.24,1391,2,2,False,False,False
24786,dexterity81,Attribute,8177.92,6850.21,1392,0,0,False,False,False
44490,lightning49,Lightning Damage and Electrocute Buildup,8203.42,-391.255,1393,0,0,False,False,False
12239,mastery_physical193_,Physical Mastery,8254.56,-2462.39,1394,0,0,False,False,False
64050,Sprint9_,Marathon Runner,8280.06,715.955,1395,0,0,True,False,False
54152,Sprint3,Sprint Movement Speed,8280.54,369.295,1396,0,0,False,False,False
1599,physical1,Physical Damage and Critical Chance,8117.88,-2509.71,1397,2,18,False,False,False
35173,physical2,Physical Damage and Critical Chance,8156.88,-2726.22,1397,7,22,False,False,False
16013,physical3,Daze on Hit,8531.88,-2509.71,1397,7,6,False,False,False
41811,physical30,Shatter Palm,8448.88,-2798.97,1397,3,2,True,False,False
16140,physical4,Daze on Hit,8363.88,-2367.69,1397,2,10,False,False,False
31286,physical5,Physical,8114.88,-2220.46,1397,3,14,False,False,False
1416,mastery_attack_6294,Attack Mastery,8284.38,-6118.71,1398,0,0,False,False,False
8456,cold41,Attack Cold Damage and Freeze Buildup,8504.02,1364.62,1399,7,4,False,False,False
10267,cold42_,Attack Cold Damage and Freeze Buildup,8162.51,1273.12,1399,7,22,False,False,False
38329,cold43,Biting Frost,8287.51,1489.62,1399,0,0,True,False,False
5163,knockback1,Knockback and Stun Buildup,8178.65,-1333.63,1400,2,15,False,False,False
48103,knockback18,Forcewave,8436.64,-1367.59,1400,2,8,True,False,False
26726,knockback3,Knockback and Stun Buildup,8294.62,-1613.59,1400,2,0,False,False,False
52875,mastery_attack21,Attack Mastery,8294.62,-1449.59,1400,0,0,False,False,False
16401,lightning47,Lightning Damage and Electrocute Buildup,8325.04,-131.005,1401,0,0,False,False,False
39881,physical32__,Staggering Palm,8344.62,-2618.36,1402,0,0,True,False,False
24070,dexterity106,Dexterity,8357.14,1153.21,1403,0,0,False,False,False
19461,daze_12,Lightning and Cold Damage,8068.25,-5993.65,1404,3,16,False,False,False
38944,daze_13,Shock Chance and Lightning Damage,8521.5,-6160.65,1404,2,6,False,False,False
43338,daze_14,Shock Chance and Lightning Damage,8439.5,-6018.62,1404,2,10,False,False,False
5797,daze_15,Freeze Buildup and Cold Damage,8439.5,-6302.67,1404,2,2,False,False,False
22063,daze_16,Freeze Buildup and Cold Damage,8275.5,-6302.67,1404,2,22,False,False,False
64415,daze_17,Shattering Daze,8116.02,-6225.35,1404,7,19,True,False,False
56767,daze_18,Electrifying Daze,8292.8,-5919.16,1404,7,13,True,False,False
33348,criticals100_,Presence Area,8521.83,2389.03,1405,2,7,False,False,False
11509,criticals96,Critical Chance,8127.24,2582.76,1405,3,15,False,False,False
17664,criticals97,Decisive Retreat,8363.42,2346.58,1405,0,0,True,False,False
7465,criticals98,Critical Chance,8247.45,2462.55,1405,2,15,False,False,False
11463,criticals99,Presence Area,8320.97,2188.17,1405,2,23,False,False,False
51602,marks27,Unsight,8365.09,1769.99,1406,0,0,True,False,False
23305,marks28,Mark Use Speed,8481.06,1654.03,1406,2,3,False,False,False
21279,marks29,Mark Effect and Blind Effect,8249.13,1654.03,1406,2,21,False,False,False
44280,marks30,Mark Effect and Blind Chance,8481.06,1885.96,1406,2,9,False,False,False
35534,marks32,Mark Use Speed,8249.13,1885.96,1406,2,15,False,False,False
3994,deflect49,Deflection,8326.57,4365.3,1407,2,23,False,False,False
9089,deflect50_,Evasion Rating,8451.01,4523.71,1407,1,3,False,False,False
37951,deflect51,Deflection,8411.46,4682.13,1407,2,11,False,False,False
41020,deflect52_,Deflection,8298,4564.71,1407,1,8,False,False,False
34908,deflect53,Staunch Deflection,8282.57,4201.1,1407,3,23,True,False,False
3431,movement_speed4,Skill Speed,8388.6,6317.46,1408,1,6,False,False,False
5305,movement_speed5,Skill Speed,8459.62,6194.46,1408,1,2,False,False,False
43082,movement_speed9,Acceleration,8246.58,6153.46,1408,2,20,True,False,False
30077,mastery_caster_6356,Caster Mastery,8390.12,-7635.29,1409,0,0,False,False,False
24656,Sprint7,Evasion and Movement Speed while Sprinting,8400.25,166.185,1410,0,0,False,False,False
7302,area_spells26,Echoing Pulse,8409.99,-7924.9,1411,7,0,True,False,False
52615,area_spells6,Spell Area of Effect,8159.99,-7674.9,1411,7,18,False,False,False
33093,cast_speed32,Effervescent,8659.99,-7674.9,1411,7,6,True,False,False
25729,cast_speed4,Cast Speed,8409.99,-7424.9,1411,7,12,False,False,False
37876,spells10,Spell Damage,8064.92,-7329.84,1411,4,45,False,False,False
12800,Sprint6,Evasion while Sprinting,8433.06,504.455,1412,0,0,False,False,False
61800,enemies_on_full_life1,Critical Damage vs Full Life,8508.37,-477.954,1413,7,11,False,False,False
52630,enemies_on_full_life2,Critical Damage vs Full Life,8378.96,-477.954,1413,7,13,False,False,False
28371,enemies_on_full_life4,Damage vs Full Life,8227.16,-594.435,1413,7,16,False,False,False
60560,enemies_on_full_life7,Damage vs Full Life,8443.67,-719.435,1413,0,0,False,False,False
29527,enemies_on_full_life9,First Approach,8660.17,-594.435,1413,7,8,True,False,False
1514,mastery_attack_6303,Attack Mastery,8444.56,-598.285,1414,0,0,False,False,False
12893,companions60,Area Damage and Companion Area of Effect,8446.46,6869.13,1415,0,0,False,False,False
7809,lightning33,Wild Storm,8464.96,-3633.16,1416,0,0,True,False,False
54984,dexterity54,Attribute,8470.97,4890.73,1417,0,0,False,False,False
56988,lightning59,Electric Blood,8506.18,-3240.16,1418,0,0,True,False,False
47831,deflect43,Deflection and Energy Shield Delay,8348.95,-1003.98,1419,2,18,False,False,False
44522,deflect44,Deflection,8430.95,-1146.01,1419,2,22,False,False,False
63762,deflect45,Deflection,8594.95,-1146.01,1419,2,2,False,False,False
34541,deflect46,Energising Deflection,8594.95,-1003.98,1419,1,3,True,False,False
52743,deflect47,Energy Shield Delay,8594.95,-861.957,1419,2,10,False,False,False
8734,deflect48,Energy Shield Delay,8430.95,-861.957,1419,2,14,False,False,False
12174,azmerianimals43,Ailment Magnitude,8471.74,2570.8,1420,2,22,False,False,False
18864,azmerianimals44,Ailment Magnitude,8635.74,2570.8,1420,2,2,False,False,False
49107,azmerianimals45,Critical Chance,8471.74,2854.85,1420,2,14,False,False,False
54562,azmerianimals46,Critical Chance,8635.74,2854.85,1420,2,10,False,False,False
49485,azmerianimals47,Dexterity,8389.74,2712.82,1420,2,18,False,False,False
2745,azmerianimals48,The Noble Wolf,8635.74,2712.82,1420,1,3,True,False,False
43090,lightning_penetration29,Electrotherapy,8601.56,-234.445,1421,0,0,True,False,False
32672,freeze_and_chill_mitigation1,Freeze and Chill Resistance,8602.39,-5448.69,1422,3,12,False,False,False
23362,freeze_and_chill_mitigation10,Slippery Ice,8838.57,-5546.51,1422,3,9,True,False,False
4031,freeze_and_chill_mitigation12,Icebreaker,8366.22,-5546.51,1422,3,15,True,False,False
17871,freeze_and_chill_mitigation2,Freeze and Chill Resistance,8602.39,-5618.69,1422,2,12,False,False,False
13701,freeze_and_chill_mitigation4,Freeze and Chill Resistance,8684.39,-5924.71,1422,2,2,False,False,False
9928,freeze_and_chill_mitigation7,Embracing Frost,8602.39,-5294.69,1422,4,36,True,False,False
50403,mastery_cold6170_,Cold Mastery,8602.39,-5782.69,1422,0,0,False,False,False
8896,Sprint10,Agile Sprinter,8629.29,605.385,1423,0,0,True,False,False
15814,Sprint5,Evasion while Sprinting,8660.79,276.645,1424,0,0,False,False,False
59538,intelligence67,Attribute,8684.39,-6347.76,1425,0,0,False,False,False
58397,dexterity102,Proficiency,8692.14,1153.21,1426,0,0,True,False,False
19338,dexterity104_,Dexterity,8692.14,819.215,1426,3,0,False,False,False
31647,dexterity108,Dexterity,8692.14,1487.21,1426,3,12,False,False,False
65167,companions61,Area Damage and Companion Area of Effect,8704.67,6828.76,1427,0,0,False,False,False
25055,attack2,Attack Damage and Movement Speed,8874.19,4520.38,1428,2,8,False,False,False
13799,attack3,Attack Damage and Slow Effect,8590.14,4356.38,1428,2,20,False,False,False
41580,attack5,Maiming Strike,8857.17,4221.87,1428,7,2,True,False,False
36576,attack6,Attack Damage,8607.17,4654.88,1428,7,14,False,False,False
41298,mastery_attack_6299,Attack Mastery,8732.17,4438.38,1428,0,0,False,False,False
60483,lightning5,Lightning Damage,8733.08,-3633.16,1429,0,0,False,False,False
36540,lightning58,Lightning Resistance,8733.08,-3371.16,1430,0,0,False,False,False
25070,area_attacks53,Attack Area,8586.19,-4615.07,1431,2,19,False,False,False
11252,area_attacks54,Attack Area,8702.16,-4731.04,1431,2,23,False,False,False
32903,area_attacks55,Attack Area,8628.64,-4456.66,1431,2,15,False,False,False
39911,area_attacks56,Frantic Reach,8886.63,-4654.62,1431,2,4,True,False,False
25361,area_attacks57_,Resolute Reach,8826.6,-4430.6,1431,2,10,True,False,False
19074,mastery_attack_6301,Attack Mastery,9051.96,2075.59,1432,7,6,False,False,False
8560,melee13,Melee Damage,8760.96,2004.58,1432,1,11,False,False,False
31273,melee14_,Melee Damage,8943.99,1993.59,1432,2,4,False,False,False
35985,melee15,Melee Damage,9458.96,2075.59,1432,5,18,False,False,False
13987,melee16,Melee Attack Speed,8943.99,2157.59,1432,2,8,False,False,False
48531,melee26,Melee Attack Speed,8760.96,2146.61,1432,1,7,False,False,False
56761,melee27,Melee Damage,8467.96,2075.59,1432,3,18,False,False,False
7604,melee30_,Rapid Strike,9091.22,2242.59,1432,3,8,True,False,False
17372,melee38,Reaching Strike,9091.22,1908.59,1432,3,4,True,False,False
712,companions66,Bond of the Ape,8833.93,6608.57,1433,0,0,True,False,False
24948,mastery_companion297,Companion Mastery,8835.76,6604.98,1434,0,0,False,False,False
36071,mastery_spear_6704,Spear Mastery,9416.12,6743.65,1435,5,12,False,False,False
38369,spear1,Spear Critical Chance,8424.52,7316.15,1435,4,48,False,False,False
35223,spear11,Spear Attack Speed,9136.4,6905.15,1435,3,4,False,False,False
36677,spear12,Spear Damage,8847.14,7072.15,1435,0,0,False,False,False
13895,spear13,Precise Point,9350.44,6649.83,1435,5,10,True,False,False
61112,spear18,Roll and Strike,9464.52,6847.44,1435,5,14,True,False,False
18910,spear2,Spear Critical Chance,8278.17,7400.65,1435,5,48,False,False,False
21225,spear3,Spear Damage,8557.89,7239.15,1435,3,16,False,False,False
10265,spear4,Javelin,8120.55,7491.65,1435,6,48,True,False,False
9240,spear5,Spear Damage,8705.12,7154.15,1435,2,16,False,False,False
19767,spear6,Spear Attack Speed,9220.97,6758.46,1435,4,10,False,False,False
55680,spear7,Spear Attack Speed,9305.71,6905.24,1435,4,14,False,False,False
9227,spear9,Focused Thrust,8989.17,6990.15,1435,2,4,True,False,False
15625,azmerianimals38,Evasion,8862.17,5955.31,1436,2,12,False,False,False
23253,azmerianimals39,Evasion,9026.17,5791.31,1436,2,6,False,False,False
65161,azmerianimals40,Deflection,8720.15,5873.31,1436,2,16,False,False,False
3170,azmerianimals41,Deflection,8720.15,5709.31,1436,2,20,False,False,False
22811,azmerianimals42,The Wild Cat,8862.17,5627.31,1436,2,0,True,False,False
18717,lightning8,Lightning Damage,8862.26,-3861.86,1437,0,0,False,False,False
24287,dexterity82_,Attribute,8886.25,6141.88,1438,0,0,False,False,False
8273,lightning38__,Endless Circuit,8922.01,-4178.25,1439,0,0,True,False,False
51241,charms22,Charm Charges,9009.04,5003.38,1440,2,10,False,False,False
50420,charms23,Charm Charges,9009.04,4719.33,1440,2,2,False,False,False
55118,charms24,Charm Charges,8763.04,4861.35,1440,2,18,False,False,False
31364,charms3,Primal Protection,8927.04,4861.35,1440,0,0,True,False,False
60210,mastery_poison200,Poison Mastery,8858.31,-1873.69,1441,1,9,False,False,False
6078,poison22,Poison Chance,9026.76,-2196.3,1441,3,1,False,False,False
64325,poison23,Poison Damage,9026.76,-1551.07,1441,3,11,False,False,False
45304,poison24_,Poison Duration,8606.31,-1873.69,1441,3,18,False,False,False
61119,poison25,Poison Duration,8776.31,-1873.69,1441,2,18,False,False,False
63431,poison27,Leeching Toxins,9022.31,-1873.69,1441,1,3,True,False,False
1801,blind1,Blind Chance,9212.93,409.52,1442,7,5,False,False,False
60,blind2,Blind Chance,8929,632.637,1442,2,13,False,False,False
58426,blind9,Pocket Sand,8855.48,358.259,1442,2,21,True,False,False
34401,mastery_blind_6334,Blind Mastery,8971.45,474.225,1442,0,0,False,False,False
15356,lightning_penetration5,Lightning Penetration,8992.39,-3633.64,1443,0,0,False,False,False
40990,lightning_penetration23,Exposed to the Storm,8993.62,-3178.16,1444,0,0,True,False,False
2334,dexterity110,Dexterity,9027.14,1153.21,1445,0,0,False,False,False
27704,DeliriumAnoint_GraceOfTheAncestors,Grace of the Ancestors,9053.85,1471.47,1446,0,0,True,False,False
14226,passive_keystone_dance_with_death,Dance with Death,9119.2,6374.82,1447,0,0,False,True,False
17420,lightning4,Lightning Damage,9124.17,-3861.86,1448,0,0,False,False,False
18815,lightning_penetration6,Lightning Penetration,9125.5,-3407.73,1449,0,0,False,False,False
25565,lightning2,Lightning Damage,9234.09,-4261.87,1450,2,2,False,False,False
34478,companions53,Bond of the Viper,9189.45,3777.45,1451,0,0,True,False,False
53150,accuracy30,Sharp Sight,8873.96,-758.575,1452,3,18,True,False,False
17589,attack17,Attack Damage,9165.52,-916.987,1452,2,23,False,False,False
45012,attack18,Attack Damage,9207.96,-424.575,1452,3,12,False,False,False
8246,attack8,Attack Damage,9250.41,-600.163,1452,2,11,False,False,False
37742,mana_leech19,Manifold Method,9541.96,-758.575,1452,3,6,True,False,False
64462,mana_leech2,Mana Leech,9049.55,-716.129,1452,2,17,False,False,False
37548,mana_leech6,Mana Leech,9366.38,-801.021,1452,2,5,False,False,False
15270,mastery_attack279,Attack Mastery,9207.96,-758.575,1452,0,0,False,False,False
36085,melee31,Serrated Edges,9207.96,-1092.57,1452,3,0,True,False,False
41017,attributes26,Attribute,9212.92,-2.425,1453,0,0,False,False,False
59657,evasion_and_energy_shield28,First Teachings of the Keeper,8968.35,-2535.28,1454,3,16,True,False,False
58692,evasion_and_energy_shield29_,Deflection and Energy Shield Delay,9344.05,-3024.9,1454,3,1,False,False,False
58593,evasion_and_energy_shield30,Evasion and Energy Shield,8688.63,-2373.78,1454,5,48,False,False,False
49356,evasion_and_energy_shield31,First Principle of the Hollow,9546.86,-2869.28,1454,3,4,True,False,False
60239,evasion_and_energy_shield32,Evasion and Energy Shield,9580.22,-2615.84,1454,3,7,False,False,False
15343,evasion_and_energy_shield33,Deflection and Energy Shield Delay,9826.58,-3030.78,1454,5,12,False,False,False
26556,evasion_and_energy_shield34,Deflection and Energy Shield Delay,8934.99,-2788.73,1454,3,19,False,False,False
18314,evasion_and_energy_shield36,Evasion and Energy Shield,9171.16,-2379.67,1454,3,13,False,False,False
42078,evasion_and_energy_shield37,The Hollowkeeper,9257.6,-2702.28,1454,0,0,True,False,False
36364,shock_mitigation4_,Electrocution,9287.06,3103.82,1455,0,0,True,False,False
43064,companions68,Attack Damage and Companion Damage as Chaos,9288.71,3526.05,1456,0,0,False,False,False
10162,mastery_power_charge_6641,Power Charge Mastery,9329.96,-5015.5,1457,0,0,False,False,False
3336,power_charges4,Critical Damage when consuming a Power Charge,9171.54,-5057.94,1457,2,19,False,False,False
36231,power_charges5,Critical Damage when consuming a Power Charge,9372.4,-5173.91,1457,2,1,False,False,False
30615,power_charges6_,Critical Damage when consuming a Power Charge,9287.51,-4857.08,1457,2,13,False,False,False
65204,power_charges8,Overflowing Power,9488.37,-4973.05,1457,2,7,True,False,False
37242,azmerianimals1,Stun Threshold,9275,4666.3,1458,7,14,False,False,False
59368,azmerianimals2,Stun Threshold,9525,4233.29,1458,7,2,False,False,False
61215,azmerianimals3,Stun Threshold,9616.51,4574.79,1458,7,8,False,False,False
9532,azmerianimals4,Strength and Dexterity,9275,4233.29,1458,7,22,False,False,False
16871,azmerianimals5,Strength and Dexterity,9150,4449.79,1458,7,18,False,False,False
54031,azmerianimals6_,The Great Boar,9400,4449.79,1458,0,0,True,False,False
22927,buckler11,Parried Debuff Magnitude and Duration,10127.1,5443.33,1459,6,24,False,False,False
20582,buckler3,Parried Duration,10210.9,5240.98,1459,6,21,False,False,False
29246,buckler9,Parried Debuff Magnitude,9993.74,5617.1,1459,6,27,False,False,False
56701,mastery_companion295,Companion Mastery,9437.62,3691.67,1460,0,0,False,False,False
52257,shock36,Conductive Embrace,9455.83,2570.72,1461,0,0,True,False,False
22726,DeliriumAnoint_StormsRebuke_,Storm's Rebuke,9458.47,-3946,1462,0,0,True,False,False
27422,mana_flasks1,Mana Flask Recovery,9288.91,5177.29,1463,7,21,False,False,False
2021,mana_flasks11,Wellspring,9298.78,4895.5,1463,4,68,True,False,False
17687,mana_flasks2,Mana Flask Charges,9465.68,5104.06,1463,7,0,False,False,False
10472,mana_flasks6,Mana Flask Recovery,9465.68,5354.06,1463,0,0,False,False,False
25857,mastery_flask_6540,Flask Mastery,9298.78,4895.5,1463,4,68,False,False,False
62096,companions63,Attack Damage and Companion Damage as Chaos,9477.71,3854.15,1464,0,0,False,False,False
63600,shock_mitigation3,Electrocute Buildup,9507.95,2888.65,1465,0,0,False,False,False
31765,dexterity7,Attribute,9512.58,-5497.3,1466,0,0,False,False,False
37616,mastery_trap238_,Trap Mastery,9052.35,-6715.72,1467,5,45,False,False,False
8644,trap1,Trap Damage,8706.5,-6963.14,1467,6,51,False,False,False
33964,trap10,Trap Critical Chance,9074.64,-6974.05,1467,4,49,False,False,False
64295,trap11,Trap Critical Chance,9028.92,-7180.28,1467,4,54,False,False,False
27834,trap12,Trap Critical Chance,9310.68,-6738.01,1467,4,41,False,False,False
63659,trap13,Clever Construction,9171.85,-6835.22,1467,4,45,True,False,False
37688,trap17,Devestating Devices,9516.92,-6341.28,1467,6,36,True,False,False
27417,trap18,Destructive Apparatus,8677.92,-7180.28,1467,6,54,True,False,False
62496,trap2,Trap Damage,8790.32,-6760.78,1467,6,48,False,False,False
34912,trap3_,Trap Damage,8923.65,-6587.02,1467,6,45,False,False,False
4664,trap5,Trap Throw Speed,9097.42,-6453.69,1467,6,42,False,False,False
43938,trap6,Trap Throw Speed,9299.77,-6369.87,1467,6,39,False,False,False
34449,trap9,Trap Critical Chance,9516.92,-6692.28,1467,4,36,False,False,False
34015,dexterity55,Attribute,9527.62,5500.5,1468,0,0,False,False,False
47853,companions52,Bond of the Mamba,9566.38,3484.69,1469,0,0,True,False,False
27513,physical40,Material Solidification,9804.9,-340.505,1470,7,4,True,False,False
65498,physical43,Armour Break,9517.38,-256.505,1470,1,10,False,False,False
39307,physical46,Physical Damage,9588.39,-133.505,1470,1,6,False,False,False
7294,physical47,Armour Break and Physical Damage,9446.37,-133.505,1470,2,16,False,False,False
37026,physical49,Armour Break and Physical Damage,9659.41,-256.505,1470,1,2,False,False,False
44891,cold_penetration2,Cold Penetration,9748.74,-3436.23,1471,2,7,False,False,False
55835,cold_penetration23,Exposed to the Cosmos,9431.91,-3521.12,1471,2,19,True,False,False
20909,cold_penetration3,Cold Penetration,9632.77,-3637.09,1471,2,1,False,False,False
52537,cold_penetration4,Cold Penetration,9547.88,-3320.26,1471,2,13,False,False,False
7023,mastery_cold61,Cold Mastery,9590.33,-3478.67,1471,0,0,False,False,False
59083,fire51_,Ignite Magnitude,9865.95,5734.96,1472,7,4,False,False,False
32364,fire52,Ignite Magnitude,9807.86,5902.41,1472,2,7,False,False,False
1073,fire53_,Ignite Magnitude and Poison Magnitude,9691.89,6018.38,1472,2,11,False,False,False
32858,fire54,Dread Engineer's Concoction,9885.62,6096.14,1472,3,9,True,False,False
1205,mastery_poison198,Poison Mastery,9649.45,5859.96,1472,0,0,False,False,False
14882,poison39_,Poison Damage,9399.45,5859.96,1472,7,18,False,False,False
5048,poison40,Poison Damage,9533.48,5975.93,1472,2,15,False,False,False
261,poison41,Toxic Sludge,9563,6182.58,1472,3,13,True,False,False
57069,shock23,Lightning Damage and Resistance,9696.74,2772.94,1473,0,0,False,False,False
63192,companions67,Attack Damage and Companion Damage as Chaos,9712.8,4026.57,1474,0,0,False,False,False
65091,evasion16,Evasion,9504.16,1028.21,1475,7,20,False,False,False
1841,evasion21,Evasion,9937.17,1278.21,1475,7,8,False,False,False
38728,evasion22,Deflection and Evasion,9720.67,903.215,1475,7,0,False,False,False
44776,evasion24_,Evasion,10377.7,1153.21,1475,5,18,False,False,False
3209,evasion26,Evasion,9504.16,1278.21,1475,7,16,False,False,False
14539,evasion27,Deflection and Evasion,9937.17,1028.21,1475,7,4,False,False,False
9405,evasion28,Evasion,9720.67,1403.21,1475,7,12,False,False,False
51707,evasion32,Enhanced Reflexes,9392.17,584.236,1475,5,66,True,False,False
59720,evasion33,Beastial Skin,9392.17,1722.19,1475,5,42,True,False,False
41163,mastery_evasion111,Evasion Mastery,9720.67,1153.21,1475,0,0,False,False,False
62998,shock_mitigation2,Electrocute Buildup,9731.16,3030.3,1476,0,0,False,False,False
28414,companions62__,Attack Damage and Companion Damage as Chaos,9738.29,3696.59,1477,0,0,False,False,False
45382,ailments46,Ailment Chance and Elemental Damage,9990.87,-2123.32,1478,3,3,False,False,False
28859,ailments47,Ailment Chance and Elemental Damage,10226.1,-2013.45,1478,4,15,False,False,False
53265,ailments48,Nature's Bite,9754.7,-1887.15,1478,0,0,True,False,False
722,dexterity46,Attribute,9755.52,-4566.29,1479,0,0,False,False,False
35095,monkchaos2,Chaos Damage,9617.68,-6052.48,1480,2,20,False,False,False
19359,monkchaos3,Chaos Damage and Resistance,9926.71,-6259.73,1480,3,2,False,False,False
41886,monkchaos4,Chaos Damage and Resistance,9677.71,-5828.45,1480,2,14,False,False,False
9663,monkchaos5,Chaos Resistance,9901.73,-5888.48,1480,2,8,False,False,False
52245,monkchaos6,Distant Dreamer,9759.71,-5970.48,1480,0,0,True,False,False
20105,spear8,Spear Accuracy,9764.39,6540.17,1481,0,0,False,False,False
65212,spell_suppression11+,Slow Effect on You,10055.2,2135.11,1482,7,6,False,False,False
32543,spell_suppression12,Unhindered,9805.18,2135.11,1482,0,0,True,False,False
34968,spell_suppression35,Slow Effect on You,9930.18,2351.62,1482,7,10,False,False,False
58539,spell_suppression36,Reduced Movement Penalty,9930.18,1918.61,1482,7,2,False,False,False
60899,spell_suppression6,Reduced Movement Penalty,9680.18,1918.61,1482,7,22,False,False,False
64637,spell_suppression7,Slow Effect on You,9680.18,2351.62,1482,7,14,False,False,False
48116,dexterity52,Attribute,9826.06,4319.11,1483,0,0,False,False,False
41861,passive_keystone_two_companions,Trusted Kinship,9855.92,3274.55,1484,0,0,False,True,False
21156,azmerianimals13,Charge Duration,10077.1,478.555,1485,7,8,False,False,False
19027,azmerianimals14,Charge Duration,9860.54,603.555,1485,7,12,False,False,False
34623,azmerianimals15,Charge Duration and Dexterity,9942.54,211.527,1485,2,2,False,False,False
40471,azmerianimals16,Dexterity,9644.04,478.555,1485,7,16,False,False,False
14769,azmerianimals17,Dexterity,9644.04,228.555,1485,7,20,False,False,False
7847,azmerianimals18,The Fabled Stag,9860.54,353.555,1485,0,0,True,False,False
20649,shock_mitigation1__,Lightning Damage,9947.79,2860.79,1486,0,0,False,False,False
29990,volatility13,Volatility on Kill,10175.8,-2332.79,1487,7,8,False,False,False
47477,volatility14,Volatility Detonation Time,9959.33,-2375.79,1487,1,6,False,False,False
51774,volatility15,Volatility Detonation Time,9817.3,-2375.79,1487,2,16,False,False,False
36217,volatility16,Volatility Detonation Time,10030.3,-2498.79,1487,1,2,False,False,False
47021,volatility17,Volatility Detonation Time,9959.33,-2621.79,1487,2,0,False,False,False
34425,volatility18,Precise Volatility,9817.3,-2539.79,1487,2,20,True,False,False
65290,shock22_,Lightning Damage and Resistance,10006.4,2637.88,1488,0,0,False,False,False
16121,monkelemental1,Energy,10104,-5597.67,1489,7,1,False,False,False
61421,monkelemental2,Energy and Critical Chance,9797.78,-5420.89,1489,7,19,False,False,False
56334,monkelemental3,Energy and Critical Chance,10280.7,-5291.48,1489,7,7,False,False,False
46171,monkelemental4,Critical Chance,9974.56,-5114.7,1489,7,13,False,False,False
41753,monkelemental6,Evocational Practitioner,10039.3,-5356.19,1489,0,0,True,False,False
14262,attributes27,Attribute,10048.6,0.005,1490,0,0,False,False,False
12116,buckler1,Parry Area,10539.1,5583.35,1491,4,22,False,False,False
52410,buckler10,Stun Threshold during Parry,10454.3,5730.12,1491,4,26,False,False,False
20414,buckler12,Reprisal,10286.7,5858.72,1491,4,31,True,False,False
55329,buckler5,Parried Duration,10503.1,5172.44,1491,4,12,False,False,False
42036,buckler6,Off-Balancing Retort,10566.6,5373.91,1491,4,17,True,False,False
35043,buckler7,Parried Debuff Magnitude,10080.5,5904.44,1491,4,36,False,False,False
50146,mastery_buckler281,Buckler Mastery,10369.7,5583.44,1491,3,8,False,False,False
18624,hazards10,Hazard Damage,9915.79,4576.65,1492,3,22,False,False,False
17523,hazards12,Hazard Damage,10299.3,4990.9,1492,7,8,False,False,False
42032,hazards3,Escalating Mayhem,10299.3,4740.9,1492,7,4,True,False,False
30408,hazards4,Efficient Contraptions,9866.28,4990.9,1492,7,16,True,False,False
39608,hazards7,Hazard Duration,9866.28,4740.9,1492,7,20,False,False,False
12329,hazards8,Hazard Damage,10082.8,4615.9,1492,7,0,False,False,False
1778,hazards9,Hazard Duration,10082.8,5115.9,1492,7,12,False,False,False
17906,mastery_trap237,Trap Mastery,10082.8,4865.9,1492,0,0,False,False,False
49320,dagger10_,Dagger Critical Chance,10446.2,-4843.3,1493,6,31,False,False,False
30973,dagger11,Dagger Critical Chance,10237.3,-4777.44,1493,6,34,False,False,False
15775,dexterity47,Attribute,10091.7,-3334.83,1494,0,0,False,False,False
3640,unarmed1,Attack Damage and Combo,10423,-1141.16,1495,3,7,False,False,False
28963,unarmed11,Chakra of Rhythm,10142.8,-1386.02,1495,2,1,True,False,False
7888,unarmed2,Combo Gain,9864.22,-1463.78,1495,3,21,False,False,False
17724,unarmed3,Attack Damage,10013.9,-904.986,1495,3,13,False,False,False
17101,unarmed4_,Attack Damage,9777.78,-1141.16,1495,3,17,False,False,False
25362,unarmed5,Chakra of Impact,10057.9,-1069.19,1495,2,13,True,False,False
37780,unarmed6,Combo Gain,10186.8,-1550.22,1495,3,1,False,False,False
23105,mastery_attack6,Attack Mastery,10112.6,-1237.84,1496,0,0,False,False,False
2582,dexterity51,Attribute,10184.1,3019.63,1497,0,0,False,False,False
60891,azmerianimals50,Accuracy Rating,10121.1,1730.1,1498,1,9,False,False,False
18897,azmerianimals51,Evasion Rating,10345.1,1648.1,1498,2,4,False,False,False
64990,azmerianimals53_,Intelligence,10285.1,1872.13,1498,2,10,False,False,False
53185,azmerianimals54,The Winter Owl,9880.47,1643.66,1498,3,19,True,False,False
47514,daze_19,Dizzying Hits,10507.4,-356.595,1499,7,8,True,False,False
38342,daze_2,Stupefy,10074.4,-606.595,1499,7,20,True,False,False
21945,daze_3,Damage and Criticals vs Dazed Enemies,10290.9,-481.595,1499,0,0,False,False,False
61718,daze_4,Damage vs Dazed Enemies,10148.9,-399.595,1499,2,16,False,False,False
26572,daze_7,Criticals vs Dazed Enemies,10290.9,-317.595,1499,2,12,False,False,False
54545,daze_8,Daze Magnitude,10290.9,-645.595,1499,2,0,False,False,False
39128,daze_9,Daze Magnitude,10432.9,-563.595,1499,2,4,False,False,False
29959,criticals87,Critical Damage,10217.9,-3575.23,1500,2,14,False,False,False
60362,criticals88_,Critical Damage,10463.9,-3717.25,1500,2,6,False,False,False
6891,criticals89,Critical Damage,10217.9,-3859.28,1500,2,22,False,False,False
56265,criticals90,Throatseeker,10381.9,-3859.28,1500,2,2,True,False,False
42802,mastery_critical_6408,Critical Mastery,10299.9,-3717.25,1500,0,0,False,False,False
17792,azmerianimals56,Presence Area,10486.8,649.94,1501,2,9,False,False,False
34892,azmerianimals57,Aura Magnitude,10457.3,856.594,1501,3,11,False,False,False
12066,azmerianimals58,Aura Magnitude,10660.1,700.975,1501,3,8,False,False,False
42226,azmerianimals59,Intelligence,10203.9,823.227,1501,3,14,False,False,False
48734,azmerianimals60_,The Howling Primate,10660.1,366.975,1501,3,4,True,False,False
30808,attributes11,Attribute,10379,-2278.35,1502,0,0,False,False,False
27705,attributes10,Attribute,10420.8,2130.08,1503,0,0,False,False,False
28835,heralds10,Herald Damage,10451.5,3456.48,1504,0,0,False,False,False
60480,heralds11,Herald Reservation,10593.5,3374.48,1504,2,4,False,False,False
56847,heralds12_,Herald Damage,10326.5,3239.98,1504,7,22,False,False,False
8157,heralds13,Herald Reservation,10309.5,3538.48,1504,2,16,False,False,False
178,heralds14,Herald Reservation,10780,4025.46,1504,5,30,False,False,False
28044,heralds16_,Coming Calamity,10451.5,3790.48,1504,3,12,True,False,False
43088,heralds20,Agonising Calamity,10740.7,3623.48,1504,3,8,True,False,False
6988,mastery_herald_6560,Herald Mastery,10533.5,3598.51,1504,2,10,False,False,False
326,quarterstaff12,Quarterstaff Critical Chance,10504,-3050.26,1505,0,0,False,False,False
59694,quarterstaff17,Quarterstaff Critical Damage,10614.8,-3021.26,1506,0,0,False,False,False
3543,cold44,Attack Cold Damage,10585.4,2262.84,1507,7,23,False,False,False
31825,cold45,Attack Cold Damage,10900.1,2504.32,1507,7,6,False,False,False
20787,cold46,Freeze Buildup,10473.3,2327.55,1507,7,21,False,False,False
5390,cold47,Freeze Buildup,10525.1,2720.83,1507,7,14,False,False,False
16142,cold48,Deep Freeze,10817.1,2793.58,1507,3,10,True,False,False
632,dagger5,Dagger Speed,10657.3,-5268.96,1508,0,0,False,False,False
48773,dexterity50,Attribute,10682,1152.07,1509,0,0,False,False,False
34612,bow11,Bow Damage,11329.3,4434.44,1510,5,16,False,False,False
25992,bow12,Bow Accuracy Rating,11163.5,3861.26,1510,6,7,False,False,False
60764,bow13,Feathered Fletching,11251.2,4220.02,1510,5,12,True,False,False
11526,bow14,Sniper,11010.8,5117.5,1510,5,30,True,False,False
31055,bow15,Bow Speed,10523.8,4506.08,1510,2,19,False,False,False
44141,bow17,Bow Speed,11004.9,4634.97,1510,3,7,False,False,False
7651,bow18,Pierce the Heart,11492.7,4765.67,1510,6,21,True,False,False
21788,bow4,Bow Damage,11316.9,4718.57,1510,5,21,False,False,False
21112,bow5,Bow Damage,10210.9,4422.22,1510,4,57,False,False,False
8573,bow6,Bow Damage,11185.5,4970.84,1510,5,26,False,False,False
25586,bow7,Bow Critical Damage,10755.4,5384.33,1510,6,35,False,False,False
2361,quarterstaff1,Quarterstaff Stun and Knockback,10912.7,-4133.03,1511,5,4,False,False,False
37514,quarterstaff10,Whirling Assault,10774.4,-3838.27,1511,3,1,True,False,False
31449,quarterstaff13,Quarterstaff Critical Chance,10463.3,-2898.28,1511,5,40,False,False,False
9444,quarterstaff14,One with the Storm,10470.8,-2705.24,1511,6,39,True,False,False
52399,quarterstaff16_,Quarterstaff Critical Damage,10573.9,-2868.64,1511,5,38,False,False,False
2113,quarterstaff18,Martial Artistry,10601.5,-3193.04,1511,3,13,True,False,False
34316,quarterstaff4,One with the River,10905.1,-4326.07,1511,6,3,True,False,False
61632,quarterstaff6,Quarterstaff Freeze and Daze Buildup,10802.1,-4162.67,1511,5,2,False,False,False
4536,quarterstaff7,Quarterstaff Speed,10730.4,-3674.07,1511,2,1,False,False,False
11598,quarterstaff8,Quarterstaff Speed,10688,-3515.65,1511,0,0,False,False,False
44516,quarterstaff9_,Quarterstaff Speed,10645.5,-3357.24,1511,2,13,False,False,False
14267,dexterity48,Attribute,10699,-1058.34,1512,0,0,False,False,False
28638,mastery_quarterstaff_6654_,Quarterstaff Mastery,10704,-3595.77,1513,0,0,False,False,False
64700,quarterstaff15,Quarterstaff Freeze and Daze Buildup,10769.3,-4040.33,1514,0,0,False,False,False
18969,bow16,Bow Speed,10793.4,4578.32,1515,0,0,False,False,False
52215,dagger9,Dagger Critical Chance,10794.6,-5031.25,1516,0,0,False,False,False
3419,dagger4,Dagger Damage,10041.5,-4728.01,1517,6,59,False,False,False
28797,dagger6,Dagger Speed,10320.6,-5060.7,1517,6,65,False,False,False
20429,dagger7,Dagger Speed,10159.2,-4912.73,1517,6,62,False,False,False
46152,monkchakra10,Blind Effect,10802.3,-2046.64,1518,1,6,False,False,False
40110,monkchakra11,Blind Effect,11018.8,-2003.64,1518,7,8,False,False,False
42347,monkchakra12,Chakra of Sight,11136.3,-2128.64,1518,3,6,True,False,False
8302,monkchakra7,Damage vs Blinded,10802.3,-2292.64,1518,2,0,False,False,False
4467,monkchakra8,Damage vs Blinded,11018.8,-2253.64,1518,7,4,False,False,False
42974,monkchakra9,Blind Chance,10638.3,-2128.64,1518,2,18,False,False,False
38993,bow9,Bow Critical Damage,10852.7,5275.51,1519,0,0,False,False,False
32442,quarterstaff3,Quarterstaff Stun and Knockback,10878.5,-4005.64,1520,0,0,False,False,False
53272,deflect54,Deflection,10659.9,3019.63,1521,3,20,False,False,False
2560,deflect55,Deflection,10991.6,3028.22,1521,2,1,False,False,False
20044,deflect56,Deflection,11107.5,3229.08,1521,2,7,False,False,False
30736,deflect57_,Deflection,10906.7,3345.05,1521,2,13,False,False,False
52180,deflect58,Trained Deflection,10867.1,3186.63,1521,1,9,True,False,False
32763,jewel_slot1976,[Jewel] Socket,10978.5,-0.244995,1522,1,6,False,False,True
41873,frenzy_charges12,Frenzy Charge Duration,10923.8,1282.08,1523,2,22,False,False,False
55995,frenzy_charges4,Frenzy Charge Duration,11147.8,1342.1,1523,2,4,False,False,False
57970,frenzy_charges6,Frenzy Charge Duration,11087.8,1566.13,1523,2,10,False,False,False
21537,frenzy_charges9,Fervour,10863.8,1506.1,1523,2,16,True,False,False
27048,companions14,Defences and Companion Life,11024,2449.53,1524,0,0,False,False,False
43867,fire_penetration2,Fire Penetration,10960.7,-2857.05,1525,7,23,False,False,False
10423,fire_penetration22,Exposed to the Inferno,11025.4,-2697.56,1525,1,0,True,False,False
37905,fire_penetration3_,Flammability Magnitude,11192.4,-2904.82,1525,3,2,False,False,False
57571,fire_penetration4,Flammability Magnitude,11189.4,-2615.56,1525,2,6,False,False,False
28101,fire_penetration5,Fire Penetration,11025.4,-2451.56,1525,2,12,False,False,False
56366,dagger13,Silent Shiv,10758.7,-5168.92,1526,3,16,True,False,False
54058,dagger14,Dagger Critical Damage,11048,-5335.92,1526,0,0,False,False,False
35755,dagger15,Dagger Critical Damage,10905.9,-5253.92,1526,2,16,False,False,False
4423,dagger17,Coated Knife,11206.4,-5293.47,1526,2,7,True,False,False
62001,dagger18,Backstabbing,11090.4,-5494.33,1526,2,1,True,False,False
39495,companions10,Companion Damage,11053.8,2092.2,1527,0,0,False,False,False
38212,monkchakra13,Life Recoup,10953.7,-715.845,1528,2,16,False,False,False
57683,monkchakra14,Life Recoup,11138.2,-639.433,1528,2,11,False,False,False
1499,monkchakra16,Life Regeneration,11095.7,-961.845,1528,2,0,False,False,False
33830,monkchakra17_,Life Regeneration,11254.1,-840.291,1528,2,5,False,False,False
35031,monkchakra18,Chakra of Life,11095.7,-797.845,1528,0,0,True,False,False
328,bow8,Bow Accuracy Rating,11202.4,4037.83,1529,0,0,False,False,False
28976,poison7,Poison Duration,11230.9,-1058.34,1530,0,0,False,False,False
47375,companions16,Defences and Companion Life,11305.3,2677.45,1531,0,0,False,False,False
39986,companions9,Companion Damage,11330.5,1564.9,1532,0,0,False,False,False
6030,poison11,Poison Chance,11678,-1601.81,1533,3,5,False,False,False
2500,poison12,Poison Chance,11480.4,-1298.86,1533,7,10,False,False,False
15986,poison16,Building Toxins,11513.8,-1557.81,1533,2,5,True,False,False
29458,poison2,Poison Damage,11230.4,-1298.86,1533,7,14,False,False,False
2134,poison38,Toxic Tolerance,11355.4,-1849.36,1533,3,0,True,False,False
53595,poison4,Poison Damage,11032.8,-1601.81,1533,3,19,False,False,False
9703,poison6,Poison Duration,11522.4,-1804.62,1533,3,2,False,False,False
1723,poison8,Poison Duration,11188.4,-1804.62,1533,3,22,False,False,False
38628,poison9,Escalating Toxins,11197,-1557.81,1533,2,19,True,False,False
38493,criticals52,Critical Damage,11010.9,962.193,1534,4,45,False,False,False
38537,criticals53,Heartstopping,11240,501.159,1534,2,21,True,False,False
13407,criticals54_,Heartbreaking,11471.9,733.091,1534,2,9,True,False,False
39369,criticals55_,Struck Through,11701,272.057,1534,4,9,True,False,False
55621,criticals56,Critical Chance,11139.5,742.125,1534,7,16,False,False,False
2936,criticals57_,Attack Critical Damage,11572.5,492.125,1534,7,4,False,False,False
23040,criticals58,Critical Damage,11231,833.631,1534,7,14,False,False,False
54983,criticals59,Attack Critical Chance,11481,400.619,1534,7,2,False,False,False
51583,mastery_criticals64,Critical Mastery,11356,617.125,1534,0,0,False,False,False
46386,companions11,Companion Damage,11403.3,1937.84,1535,0,0,False,False,False
23374,poison10,Poison Chance,11480.8,-1058.34,1536,0,0,False,False,False
63618,companions17,Defences and Companion Life,11588.9,2604.19,1537,0,0,False,False,False
37971,mastery_companion289,Companion Mastery,11726.6,2342.66,1538,0,0,False,False,False
57933,companions18,Companion Damage,11768.8,1960.45,1539,0,0,False,False,False
29322,,,11541.9,-9149.4,1540,6,66,False,False,False
38263,,,11918.8,-8908.95,1540,4,71,False,False,False
15622,,,11473.4,-8422.8,1540,4,54,False,False,False
42151,,,11961.4,-8672.8,1540,7,0,False,False,False
27091,,,12211.4,-8422.8,1540,7,6,False,False,False
58418,,,12449.4,-8422.8,1540,4,18,False,False,False
1226,,,11717.4,-8000.18,1540,4,42,False,False,False
52001,,,12721.8,-8068.23,1540,6,23,False,False,False
4991,,,12034.5,-9258.61,1540,6,1,False,False,False
56451,,,11904.1,-9077.3,1540,5,71,False,False,False
13317,,,11647.7,-8796.63,1540,4,64,False,False,False
37563,,,12128.3,-8881.38,1540,4,4,False,False,False
36668,,,12361.1,-8702.71,1540,4,11,False,False,False
1894,,,12596,-8592.85,1540,5,15,False,False,False
60377,,,12205.4,-8000.18,1540,4,30,False,False,False
30803,,,12797.2,-8495.93,1540,6,17,False,False,False
45406,,,12554.6,-9016.07,1540,6,9,False,False,False
52800,bow19,Surpassing Arrow Chance,11229.2,1163.81,1541,6,54,False,False,False
57615,bow20,Surpassing Arrow Chance,11580.2,1163.81,1541,4,54,False,False,False
32319,bow21,Surpassing Arrow Chance,11851.7,1038.8,1541,7,20,False,False,False
48836,bow22,Surpassing Arrow Chance,11851.7,1288.81,1541,7,16,False,False,False
33542,bow23,Quick Fingers,12068.2,1163.81,1541,0,0,True,False,False
16150,companions2,Inspiring Ally,12070.4,2129.97,1542,0,0,True,False,False
47443,companions13,Companion Reservation,12118.1,2530.75,1543,0,0,False,False,False
44699,companions15,Companion Reservation,12345.7,2292.24,1544,0,0,False,False,False
31129,companions7,Lifelong Friend,12484.5,2765.08,1545,0,0,True,False,False
10315,companions1_,Easy Going,12637.9,2423.74,1546,0,0,True,False,False
2373,,,13047.1,7742.84,1547,6,40,False,False,False
50878,,,12507.8,7100.13,1547,6,52,False,False,False
30837,,,13054.2,7354.18,1547,4,43,False,False,False
7336,,,13334.1,6954.44,1547,0,0,False,False,False
55373,,,13334.1,6704.44,1547,7,0,False,False,False
11023,,,13814.7,6869.69,1547,4,16,False,False,False
48655,,,14160.3,6808.74,1547,6,16,False,False,False
43835,,,13551.2,6144.02,1547,6,3,False,False,False
42936,,,13551.2,7764.85,1547,6,33,False,False,False
9529,,,12691.4,7493.73,1547,6,46,False,False,False
21719,,,13418.8,7435.02,1547,4,34,False,False,False
33201,,,13570.2,7190.61,1547,3,9,False,False,False
5363,,,13117.6,6829.44,1547,7,20,False,False,False
34963,,,13776.4,7160.67,1547,4,23,False,False,False
14957,,,14122.5,7241.39,1547,6,22,False,False,False
47937,,,13976.8,6415.14,1547,6,10,False,False,False
24665,,,13927.3,7547.7,1547,6,27,False,False,False
12799,,,13236.2,-11240.2,1548,6,69,False,False,False
29307,,,12614.3,-10429.8,1548,6,54,False,False,False
22050,,,13076.5,-10968,1548,5,65,False,False,False
20159,,,13011,-10636.1,1548,4,59,False,False,False
1053,,,12726.7,-10010.3,1548,6,48,False,False,False
19530,,,13453.3,-10429.8,1548,0,0,False,False,False
11312,,,13853.1,-10149.9,1548,4,25,False,False,False
63282,,,14179.9,-10010.3,1548,6,24,False,False,False
49159,,,13740.3,-11218.2,1548,6,4,False,False,False
36460,,,12860.1,-11023.1,1548,6,63,False,False,False
42596,,,13510.6,-11084.3,1548,5,1,False,False,False
33215,,,13327,-10901.2,1548,4,69,False,False,False
30998,,,12994.7,-10262.9,1548,4,50,False,False,False
43404,,,13620.3,-10719.1,1548,3,2,False,False,False
10414,,,13911.9,-10596.7,1548,4,14,False,False,False
25344,,,14279.6,-10575.5,1548,6,16,False,False,False
5162,,,14046.6,-11023.1,1548,6,9,False,False,False
45769,,,14153.3,-9349.75,1549,6,69,False,False,False
9707,,,13531.4,-8539.33,1549,6,54,False,False,False
30145,,,14126.4,-8961.96,1549,4,66,False,False,False
30024,,,14412.9,-8697.75,1549,2,1,False,False,False
64016,,,14841.8,-8413.03,1549,4,21,False,False,False
12504,,,14126.4,-8116.71,1549,4,42,False,False,False
59432,,,15196.7,-8393.64,1549,6,20,False,False,False
28353,,,14443.6,-7703.53,1549,6,35,False,False,False
38102,,,14657.4,-9327.74,1549,6,4,False,False,False
48915,,,13777.2,-9132.6,1549,6,63,False,False,False
37921,,,14455.2,-9019.92,1549,4,2,False,False,False
62818,,,14650.4,-8939.08,1549,4,7,False,False,False
6971,,,14793.1,-8783.33,1549,4,12,False,False,False
2357,,,14684.1,-8165.51,1549,4,28,False,False,False
13794,,,15180.9,-8756.48,1549,6,15,False,False,False
42657,,,14963.7,-7946.07,1549,6,27,False,False,False
50198,,,14963.7,-9132.6,1549,6,9,False,False,False
24226,AscendancyRanger1Notable8,Bullseye,14381,5800.98,1550,0,0,True,False,False
12033,AscendancyRanger1Notable1,Endless Munitions,14612,4894.44,1551,2,8,True,False,False
42416,AscendancyRanger1Notable2_Choice,Projectile Proximity Specialisation,15039,5140.94,1551,5,24,True,False,False
46854,AscendancyRanger1Small1__,Projectile Speed,14759.2,4979.44,1551,3,8,False,False,False
61461,AscendancyRanger1Small2,Projectile Speed,15196.6,5231.94,1551,6,24,False,False,False
3987,AscendancyRanger1Small3,Skill Speed,15063.2,5405.7,1551,6,27,False,False,False
24295,AscendancyRanger1Small5,Frenzy Charge Duration,15529.6,4999.28,1551,8,20,False,False,False
49165,AscendancyRanger1Small7,Mark Effect,15230.8,5573.28,1551,8,27,False,False,False
39723,AscendancyRanger1Small8,Projectile Damage,15280.4,5029.58,1551,6,21,False,False,False
46990,AscendancyRanger1Start,Deadeye,15613.1,5472.44,1551,9,48,False,False,False
30,AscendancyRanger1Notable3,Gathering Winds,14561.8,5351.3,1552,0,0,True,False,False
29871,AscendancyRanger1Small4,Mark Effect,14664.1,5725.15,1553,0,0,False,False,False
8143,AscendancyMonk2Notable1_,Lead me through Grace...,15015.2,-4547.39,1554,9,5,True,False,False
65173,AscendancyMonk2Notable2_,...and Protect me from Harm,14443.8,-4547.39,1554,9,139,True,False,False
7621,AscendancyMonk2Notable3,I am the Thunder...,15364.1,-3428.72,1554,5,15,True,False,False
23587,AscendancyMonk2Notable4,I am the Blizzard...,15194.1,-3723.24,1554,5,9,True,False,False
64031,AscendancyMonk2Notable5,...and I Shall Rage,15018.8,-3425.67,1554,3,4,True,False,False
63713,AscendancyMonk2Notable6,Sunder my Enemies...,15988.4,-2861.74,1554,9,43,True,False,False
52448,AscendancyMonk2Notable7_,...and Scatter Them to the Winds,15702.7,-2366.9,1554,9,53,True,False,False
12876,AscendancyMonk2Notable8,Faith is a Choice,15210.7,-3945.94,1554,6,7,True,False,False
63236,AscendancyMonk2Notable9,The Soul Springs Eternal,15565.3,-3331.8,1554,6,17,True,False,False
23415,AscendancyMonk2Small1,Evasion and Energy Shield,15486.6,-4339.96,1554,9,14,False,False,False
13065,AscendancyMonk2Small10_,Triggered Spell Damage,15740.6,-3626.69,1554,8,14,False,False,False
16100,AscendancyMonk2Small2,Evasion,14729.5,-4334.67,1554,8,0,False,False,False
17268,AscendancyMonk2Small3,Shock Effect,15489.9,-3613.25,1554,6,13,False,False,False
25434,AscendancyMonk2Small4,Chill Effect,15416.8,-3739.91,1554,6,11,False,False,False
55611,AscendancyMonk2Small5,Elemental Damage,15200.9,-3384.98,1554,4,15,False,False,False
29133,AscendancyMonk2Small6,Elemental Damage,15074.6,-3603.74,1554,4,9,False,False,False
57181,AscendancyMonk2Small7,Critical Chance,15661.4,-2720.67,1554,8,24,False,False,False
44357,AscendancyMonk2Small8,Critical Chance,16044.5,-3373.72,1554,9,34,False,False,False
27686,AscendancyMonk2Small9,Energy Shield Recharge Rate,15553.8,-3950.31,1554,8,10,False,False,False
9994,AscendancyMonk2Start,Master of the Elements,15872.7,-3918.67,1554,9,24,False,False,False
59542,AscendancyRanger1Notable2_1,Far Shot,14928.3,5179.94,1555,0,0,False,False,False
59913,AscendancyRanger1Notable7,Called Shots,14947.1,5649.31,1556,0,0,True,False,False
5817,AscendancyRanger1Notable4,Mirage Deadeye,14981.1,4624.1,1557,0,0,True,False,False
41875,AscendancyRanger1Notable2_2,Point Blank,15021.9,5016.94,1558,0,0,False,False,False
41751,AscendancyMonk1Notable1_,Martial Adept,15124.3,-6167.62,1559,1,6,True,False,False
61586,AscendancyMonk1Notable2,Martial Master,15778.8,-6192.36,1559,5,19,True,False,False
19370,AscendancyMonk1Notable3,Hollow Focus Technique,15067,-6904.12,1559,5,71,True,False,False
17356,AscendancyMonk1Notable4,Hollow Resonance Technique,14113.2,-6617.64,1559,8,58,True,False,False
39552,AscendancyMonk1Notable5,Runic Meridians,14999.3,-6466.13,1559,7,22,True,False,False
51546,AscendancyMonk1Notable6,Way of the Mountain,15927.9,-5202.4,1559,9,57,True,False,False
1739,AscendancyMonk1Notable7,Hollow Form Technique,14363.5,-7010.47,1559,8,63,True,False,False
39595,AscendancyMonk1Notable8,Way of the Stonefist,15446.9,-6163.18,1559,3,7,True,False,False
53280,AscendancyMonk1Small1,Attack Speed,15360.5,-6485.8,1559,3,3,False,False,False
65228,AscendancyMonk1Small2,Attack Speed,15438,-5875.8,1559,4,28,False,False,False
52295,AscendancyMonk1Small3,Evasion and Energy Shield,15595.7,-6375.93,1559,4,15,False,False,False
34081,AscendancyMonk1Small4,Area of Effect,15501.1,-6787.81,1559,5,7,False,False,False
57449,AscendancyMonk1Small5,Area of Effect,14531,-6842.89,1559,6,63,False,False,False
36643,AscendancyMonk1Small6,Additional Power Charge Chance,15197.4,-7085.43,1559,6,1,False,False,False
20437,AscendancyMonk1Small7,Attributes,15404.2,-6649.37,1559,4,7,False,False,False
37604,AscendancyMonk1Small8,Immobilisation Buildup,15934.7,-6032.48,1559,6,21,False,False,False
11495,AscendancyMonk1Start,Martial Artist,15934.7,-6466.77,1559,6,15,False,False,False
23508,AscendancyRanger1Notable6,Thrilling Chase,15373.8,4134.21,1560,0,0,True,False,False
35801,AscendancyRanger1Small6,Frenzy Charge Duration,15425.7,4422.57,1561,0,0,False,False,False
61991,AscendancyRanger3Notable1_,Running Assault,14292.5,7454.23,1562,9,96,True,False,False
24868,AscendancyRanger3Notable2,Relentless Pursuit,15435.6,8114.23,1562,9,72,True,False,False
29074,AscendancyRanger3Notable4,Overwhelming Toxicity,15435.6,7870.23,1562,8,36,True,False,False
14508,AscendancyRanger3Small1,Poison Effect,16052.8,7675.63,1562,8,29,False,False,False
33736,AscendancyRanger3Small3,Skill Speed,14678.5,7875.51,1562,9,86,False,False,False
9798,AscendancyRanger3Small4,Skill Speed,16192.7,7875.51,1562,9,58,False,False,False
1583,AscendancyRanger3Start,Pathfinder,16578.8,7454.23,1562,9,48,False,False,False
37336,AscendancyRanger1Notable5_,Avidity,15478.8,4710.73,1563,0,0,True,False,False
38004,AscendancyRanger3Notable7_1,Explosive Concoction,15939.3,6339.73,1564,0,0,False,False,False
9710,AscendancyRanger3Notable7_5,Bleeding Concoction,15939.3,6460.73,1565,0,0,False,False,False
18940,AscendancyRanger3Notable7_2,Shattering Concoction,16044.1,6279.23,1566,0,0,False,False,False
57141,AscendancyRanger3Notable7_Choice,Brew Concoction,16044.1,6400.23,1567,0,0,True,False,False
49503,AscendancyRanger3Small7,Mana Flask Charges,16044.1,6899.92,1568,0,0,False,False,False
56618,AscendancyRanger3Notable7_3,Fulminating Concoction,16148.9,6338.33,1569,0,0,False,False,False
58379,AscendancyRanger3Notable7_4,Acidic Concoction,16148.9,6460.73,1570,0,0,False,False,False
16,AscendancyRanger3Small6,Life Flask Charges,16325.8,6899.92,1571,0,0,False,False,False
41619,AscendancyRanger3Notable6,Enduring Elixirs,16389.7,6661.26,1572,0,0,True,False,False
57253,AscendancyRanger3Notable8_3,Path of the Warrior,16501.8,6789.73,1573,0,0,False,False,False
16433,AscendancyRanger3Notable8_Choice_,Path Seeker,16578.8,6892.92,1574,0,0,True,False,False
12183,AscendancyRanger3Small8,Passive Points,16578.8,7175.17,1575,0,0,False,False,False
46454,AscendancyRanger3Notable9,Traveller's Wisdom,16582.5,6188.03,1576,0,0,True,False,False
36676,AscendancyRanger3Small9,Passive Points,16582.5,6520.23,1577,0,0,False,False,False
12795,AscendancyRanger3Notable8_1,Path of the Sorceress,16657.7,6789.71,1578,0,0,False,False,False
40,AscendancyRanger3Notable5,Sustainable Practices,16767.9,6660.26,1579,0,0,True,False,False
39292,AscendancyRanger3Small5,Evasion,16832.5,6899.92,1580,0,0,False,False,False
35187,AscendancyHuntress1Notable4,In for the Kill,17068.2,5003.15,1581,0,0,True,False,False
18826,AscendancyMonk3Notable1,Inner Turmoil,17540.7,-5885.55,1582,9,8,True,False,False
34567,AscendancyMonk3Notable10,Archon of Chayula,16669.7,-5371.75,1582,6,66,True,False,False
3781,AscendancyMonk3Notable2,Unravelling,16637.8,-5885.55,1582,9,136,True,False,False
25781,AscendancyMonk3Notable3_,Sap of Nightmares,17203.3,-5292.17,1582,5,2,True,False,False
59759,AscendancyMonk3Notable4,Chayula's Gift,17457.2,-5656.26,1582,8,4,True,False,False
50098,AscendancyMonk3Notable5,Waking Dream,17736.3,-4759.24,1582,5,16,True,False,False
52395,AscendancyMonk3Notable6_Choice,Lucid Dreaming,17553.8,-4180.59,1582,5,27,True,False,False
41076,AscendancyMonk3Notable7,Embrace the Darkness,18308.8,-4140.01,1582,9,45,True,False,False
31116,AscendancyMonk3Notable8,Grasp of the Void,18021.1,-4107.15,1582,8,24,True,False,False
34817,AscendancyMonk3Notable9,Deepening Shadows,17540.7,-3404.76,1582,9,64,True,False,False
17923,AscendancyMonk3Small1,Volatility,17937.7,-5656.33,1582,9,16,False,False,False
60251,AscendancyMonk3Small10,Chaos Damage,16995.5,-5717.06,1582,8,71,False,False,False
47344,AscendancyMonk3Small2,Chaos Damage,17089.2,-5965.15,1582,9,0,False,False,False
36788,AscendancyMonk3Small3,Leech,17628.5,-5287.87,1582,6,8,False,False,False
24475,AscendancyMonk3Small4_,Chaos Resistance,17780.9,-5469.42,1582,8,8,False,False,False
1347,AscendancyMonk3Small5,Skill Speed,17815.8,-5064.65,1582,6,12,False,False,False
11771,AscendancyMonk3Small6,Skill Speed,17706.6,-4420.45,1582,5,22,False,False,False
25779,AscendancyMonk3Small7_,Darkness,18404.2,-4760.2,1582,9,34,False,False,False
25885,AscendancyMonk3Small8,Damage as Chaos,18165.2,-4645.15,1582,8,18,False,False,False
32771,AscendancyMonk3Small9,Darkness,17981,-3671.95,1582,9,55,False,False,False
74,AscendancyMonk3Start,Acolyte of Chayula,18232.4,-5305.15,1582,9,24,False,False,False
41008,AscendancyHuntress1Notable2,Penetrate,17403,5239.3,1583,0,0,True,False,False
664,AscendancyMonk3Notable6,Choice of Power,17447.4,-4119.15,1584,0,0,False,False,False
42441,AscendancyHuntress1Notable5,Surging Avatar,17473,4968.58,1585,0,0,True,False,False
26283,AscendancyMonk3Notable6_2,Choice of Mana,17553.8,-4300.82,1586,0,0,False,False,False
43095,AscendancyHuntress1Small4_,Skill Speed,17635.2,5155.06,1587,0,0,False,False,False
56331,AscendancyMonk3Notable6_3,Choice of Life,17657.2,-4117.79,1588,0,0,False,False,False
528,AscendancyHuntress1Small2,Accuracy,17869.6,5440.52,1589,0,0,False,False,False
19233,AscendancyHuntress1Small6,Elemental Damage,17979.2,5031.73,1590,0,0,False,False,False
41401,AscendancyHuntress2Notable1,Vivid Stampede,18294.9,7530.9,1591,4,29,True,False,False
27773,AscendancyHuntress2Notable2,The Mórrigan's Guidance,17725.7,7298.15,1591,3,16,True,False,False
62743,AscendancyHuntress2Notable3,Wild Protector,18160.6,7957.41,1591,6,34,True,False,False
765,AscendancyHuntress2Notable4,The Catha's Balance,17288.4,7550.65,1591,6,48,True,False,False
46070,AscendancyHuntress2Notable5,Primal Bounty,17900.9,7778.17,1591,5,38,True,False,False
4367,AscendancyHuntress2Notable6,The Mhacha's Gift,17358,7131.15,1591,5,54,True,False,False
39887,AscendancyHuntress2Notable7,The Natural Order,18496.2,6443.89,1591,6,7,True,False,False
56489,AscendancyHuntress2Notable8,Idolatry,18572.8,5934.83,1591,9,10,True,False,False
28254,AscendancyHuntress2Notable9,Sacred Unity,18337.6,7044.71,1591,3,5,True,False,False
26294,AscendancyHuntress2Small1,Movement Speed,18632.3,7355.86,1591,5,22,False,False,False
62702,AscendancyHuntress2Small2_,Movement Speed,17930.2,7611.74,1591,4,38,False,False,False
37769,AscendancyHuntress2Small3,Shared Companion Damage,18608.2,7724.42,1591,6,27,False,False,False
21519,AscendancyHuntress2Small4,Shared Companion Damage,17660.4,7891.55,1591,6,41,False,False,False
62424,AscendancyHuntress2Small5,Critical Chance,18391.8,7669.34,1591,5,29,False,False,False
41085,AscendancyHuntress2Small6,Critical Chance,17511.7,7553.47,1591,5,46,False,False,False
45228,AscendancyHuntress2Small7,Companion Life and Area,19026.1,6763.14,1591,8,14,False,False,False
5733,AscendancyHuntress2Small8,Spirit,19185.8,6521.65,1591,9,25,False,False,False
63493,AscendancyHuntress2Start,Spirit Walker,19054.3,7409.64,1591,8,21,False,False,False
55796,AscendancyHuntress1Notable3,Predatory Instinct,18202.2,5307,1592,0,0,True,False,False
9294,AscendancyHuntress1Notable1,Critical Strike,18386,5659.28,1593,0,0,True,False,False
7979,AscendancyHuntress1Notable6,Elemental Surge,18536.8,5093.42,1594,0,0,True,False,False
46071,AscendancyHuntress1Small1,Accuracy,18743,5659.28,1595,0,0,False,False,False
35033,AscendancyHuntress1Small3,Skill Speed,18769.2,5458.94,1596,0,0,False,False,False
60662,AscendancyHuntress1Small5,Elemental Damage,18846.7,5272.28,1597,0,0,False,False,False
41736,AscendancyHuntress1Start,Amazon,19517,5659.29,1598,6,27,False,False,False
2702,AscendancyHuntress1Small9,Life Leech,19245.4,5152.57,1599,0,0,False,False,False
7068,AscendancyHuntress3Notable1_,Mystic Attunement,19301.1,7557.78,1600,0,0,True,False,False
3065,AscendancyHuntress1Notable9,Mystic Harvest,19423,4802.1,1601,0,0,True,False,False
63254,AscendancyHuntress1Notable8,Stalking Panther,19517,5152.57,1602,0,0,True,False,False
6109,AscendancyHuntress1Small8,Evasion,19517,5382.8,1603,0,0,False,False,False
47312,AscendancyHuntress1Notable7,Azmeri Brew,19610.8,4802.21,1604,0,0,True,False,False
3223,AscendancyHuntress3Small2,Attributes,19683.7,7892.81,1605,0,0,False,False,False
5563,AscendancyHuntress1Small7,Flask Recovery,19778.6,5152.57,1606,0,0,False,False,False
34785,AscendancyHuntress3Notable2,Unfurled Finger,20236,7966.04,1607,0,0,True,False,False
18280,AscendancyHuntress3Notable4,Mind Phylacteries,20731.9,7069.32,1608,0,0,True,False,False
62804,AscendancyHuntress3Notable5,Wildwood Persistence,20951.5,7487.17,1609,0,0,True,False,False
17058,AscendancyHuntress3Small1_3,Reduced Resistances,20967,7709.04,1610,0,0,False,False,False
42017,AscendancyHuntress3Small1_2_,Reduced Spirit,20967,7966.04,1611,0,0,False,False,False
58574,AscendancyHuntress3Small1_1,Reduced Mana,20967,8223.04,1612,0,0,False,False,False
37972,AscendancyHuntress3Small3,Charm Charges,21033.7,7111.65,1613,0,0,False,False,False
36365,AscendancyHuntress3Start,Ritualist,21698.9,7966.05,1614,6,27,False,False,False
4891,AscendancyHuntress3Notable3_,Intricate Sigils,21267.8,7257.88,1615,0,0,True,False,False
58149,AscendancyHuntress3Small5,Life Recovery Rate,21311.1,7621.8,1616,0,0,False,False,False
37046,AscendancyHuntress3Notable6,Corrupted Lifeforce,21360,6508.8,1617,0,0,True,False,False
60859,AscendancyHuntress3Small4,Charm Charges,21491.7,7497.75,1618,0,0,False,False,False
30233,AscendancyHuntress3Notable7,As the Whispers Demand,21533.2,7093.73,1619,0,0,True,False,False
22661,AscendancyHuntress3Small8,Movement Speed,21668.5,7437.71,1620,0,0,False,False,False
11776,AscendancyHuntress3Small6,Physical Damage,21814.3,7038.65,1621,0,0,False,False,False
